{
"type": "FeatureCollection",
"name": "cantons",
"crs": { "type": "name", "properties": { "name": "urn:ogc:def:crs:OGC:1.3:CRS84" } },
"features": [
{ "type": "Feature", "properties": { "canton_id": "A01001001", "canton": "Agoè-Nyivé", "commune": "Agoè-Nyivé 1", "prefecture": "Agoè-Nyivé", "region": "Maritime", "population": 425116, "densite_hab_km2": 10033.9, "n_agences": 7, "n_mobile_money": 446, "n_mm_togocom": 428, "n_mm_moov": 291, "n_mm_multi": 291, "mm_pour_10k": 10.5, "agences_pour_100k": 1.65, "habitants_par_mm": 953.0, "couverture_mobile_pct": 100.0, "mm_1km_pct": 93.26, "togocom_5km_pct": 100.0, "n_banques": 7, "n_microfinance": 22, "n_postes": 4, "n_distributeurs": 9, "n_marches": 5, "n_ecoles": 208, "n_superieur": 20, "habitants_pres_marche": 378351, "habitants_pres_ecole": 378351, "indice_acces": 66.4, "distance_route_km": 0.02 }, "geometry": { "type": "Polygon", "coordinates": [ [ [ 1.24599202, 6.2308742 ], [ 1.23553594, 6.20618031 ], [ 1.20924156, 6.20464777 ], [ 1.20798669, 6.19410231 ], [ 1.17853324, 6.20614319 ], [ 1.17995622, 6.21819817 ], [ 1.15625259, 6.23328598 ], [ 1.1611867, 6.25461198 ], [ 1.17106183, 6.265695 ], [ 1.20372297, 6.25588307 ], [ 1.24599202, 6.2308742 ] ] ] } },
{ "type": "Feature", "properties": { "canton_id": "A01002002", "canton": "Légbassito", "commune": "Agoè-Nyivé 2", "prefecture": "Agoè-Nyivé", "region": "Maritime", "population": 154144, "densite_hab_km2": 6062.8, "n_agences": 1, "n_mobile_money": 37, "n_mm_togocom": 33, "n_mm_moov": 28, "n_mm_multi": 27, "mm_pour_10k": 2.4, "agences_pour_100k": 0.65, "habitants_par_mm": 4166.0, "couverture_mobile_pct": 100.0, "mm_1km_pct": 84.1, "togocom_5km_pct": 100.0, "n_banques": 0, "n_microfinance": 6, "n_postes": 1, "n_distributeurs": 0, "n_marches": 3, "n_ecoles": 64, "n_superieur": 1, "habitants_pres_marche": 158640, "habitants_pres_ecole": 158640, "indice_acces": 55.6, "distance_route_km": 0.0 }, "geometry": { "type": "Polygon", "coordinates": [ [ [ 1.17095419, 6.30043479 ], [ 1.18390273, 6.29737427 ], [ 1.15317877, 6.23009769 ], [ 1.12935835, 6.26420011 ], [ 1.13340239, 6.28280514 ], [ 1.16556941, 6.30456787 ], [ 1.17095419, 6.30043479 ] ] ] } },
{ "type": "Feature", "properties": { "canton_id": "A01003003", "canton": "Vakpossito", "commune": "Agoè-Nyivé 3", "prefecture": "Agoè-Nyivé", "region": "Maritime", "population": 71796, "densite_hab_km2": 12273.3, "n_agences": 2, "n_mobile_money": 263, "n_mm_togocom": 261, "n_mm_moov": 156, "n_mm_multi": 156, "mm_pour_10k": 36.6, "agences_pour_100k": 2.79, "habitants_par_mm": 273.0, "couverture_mobile_pct": 100.0, "mm_1km_pct": 100.0, "togocom_5km_pct": 100.0, "n_banques": 1, "n_microfinance": 5, "n_postes": 1, "n_distributeurs": 1, "n_marches": 1, "n_ecoles": 34, "n_superieur": 0, "habitants_pres_marche": 72792, "habitants_pres_ecole": 72792, "indice_acces": 83.7, "distance_route_km": 0.0 }, "geometry": { "type": "Polygon", "coordinates": [ [ [ 1.17770632, 6.21553496 ], [ 1.17853324, 6.20614319 ], [ 1.16473571, 6.21225529 ], [ 1.16165846, 6.20758051 ], [ 1.15256438, 6.21498717 ], [ 1.15317877, 6.23009769 ], [ 1.16289828, 6.23290382 ], [ 1.17770632, 6.21553496 ] ] ] } },
{ "type": "Feature", "properties": { "canton_id": "A01004004", "canton": "Togblekope", "commune": "Agoè-Nyivé 4", "prefecture": "Agoè-Nyivé", "region": "Maritime", "population": 181968, "densite_hab_km2": 5296.1, "n_agences": 1, "n_mobile_money": 258, "n_mm_togocom": 251, "n_mm_moov": 102, "n_mm_multi": 102, "mm_pour_10k": 14.2, "agences_pour_100k": 0.55, "habitants_par_mm": 705.0, "couverture_mobile_pct": 100.0, "mm_1km_pct": 67.33, "togocom_5km_pct": 100.0, "n_banques": 3, "n_microfinance": 2, "n_postes": 1, "n_distributeurs": 2, "n_marches": 5, "n_ecoles": 92, "n_superieur": 0, "habitants_pres_marche": 170336, "habitants_pres_ecole": 170336, "indice_acces": 70.2, "distance_route_km": 0.04 }, "geometry": { "type": "Polygon", "coordinates": [ [ [ 1.19213572, 6.29857581 ], [ 1.20468526, 6.28362348 ], [ 1.22657672, 6.28307127 ], [ 1.2346364, 6.27291726 ], [ 1.24595234, 6.27468943 ], [ 1.25768289, 6.25731155 ], [ 1.24603094, 6.23096941 ], [ 1.20372297, 6.25588307 ], [ 1.17106183, 6.265695 ], [ 1.18391132, 6.2973936 ], [ 1.19213572, 6.29857581 ] ] ] } },
{ "type": "Feature", "properties": { "canton_id": "A01005005", "canton": "Sanguera", "commune": "Agoè-Nyivé 5", "prefecture": "Agoè-Nyivé", "region": "Maritime", "population": 191115, "densite_hab_km2": 6188.8, "n_agences": 2, "n_mobile_money": 97, "n_mm_togocom": 94, "n_mm_moov": 81, "n_mm_multi": 80, "mm_pour_10k": 5.1, "agences_pour_100k": 1.05, "habitants_par_mm": 1970.0, "couverture_mobile_pct": 100.0, "mm_1km_pct": 84.71, "togocom_5km_pct": 100.0, "n_banques": 0, "n_microfinance": 5, "n_postes": 2, "n_distributeurs": 1, "n_marches": 4, "n_ecoles": 94, "n_superieur": 1, "habitants_pres_marche": 212574, "habitants_pres_ecole": 212574, "indice_acces": 58.8, "distance_route_km": 0.02 }, "geometry": { "type": "Polygon", "coordinates": [ [ [ 1.15256438, 6.21498717 ], [ 1.0935212, 6.22841937 ], [ 1.09756035, 6.24562936 ], [ 1.09307637, 6.26890384 ], [ 1.13340239, 6.28280514 ], [ 1.12935835, 6.26420011 ], [ 1.15516545, 6.22711063 ], [ 1.15256438, 6.21498717 ] ] ] } },
{ "type": "Feature", "properties": { "canton_id": "A01006006", "canton": "Adétikopé", "commune": "Agoè-Nyivé 6", "prefecture": "Agoè-Nyivé", "region": "Maritime", "population": 52849, "densite_hab_km2": 971.5, "n_agences": 1, "n_mobile_money": 297, "n_mm_togocom": 289, "n_mm_moov": 196, "n_mm_multi": 195, "mm_pour_10k": 56.2, "agences_pour_100k": 1.89, "habitants_par_mm": 178.0, "couverture_mobile_pct": 100.0, "mm_1km_pct": 86.85, "togocom_5km_pct": 100.0, "n_banques": 1, "n_microfinance": 7, "n_postes": 1, "n_distributeurs": 1, "n_marches": 2, "n_ecoles": 85, "n_superieur": 2, "habitants_pres_marche": 57874, "habitants_pres_ecole": 57868, "indice_acces": 85.4, "distance_route_km": 0.01 }, "geometry": { "type": "Polygon", "coordinates": [ [ [ 1.25675526, 6.30983169 ], [ 1.24905333, 6.27016578 ], [ 1.2346364, 6.27291726 ], [ 1.22657672, 6.28307127 ], [ 1.20468526, 6.28362348 ], [ 1.18906967, 6.30833652 ], [ 1.20507145, 6.3594561 ], [ 1.2263048, 6.36158066 ], [ 1.23326151, 6.35429818 ], [ 1.24892602, 6.35345692 ], [ 1.25675526, 6.30983169 ] ] ] } },
{ "type": "Feature", "properties": { "canton_id": "A03010021", "canton": "A03010021", "commune": "A03010021", "prefecture": "A03010021", "region": "Maritime", "population": 1569, "densite_hab_km2": 66.4, "n_agences": 0, "n_mobile_money": 4, "n_mm_togocom": 4, "n_mm_moov": 4, "n_mm_multi": 4, "mm_pour_10k": 25.5, "agences_pour_100k": 0.0, "habitants_par_mm": 392.0, "couverture_mobile_pct": 100.0, "mm_1km_pct": 98.21, "togocom_5km_pct": 0.0, "n_banques": 0, "n_microfinance": 0, "n_postes": 0, "n_distributeurs": 0, "n_marches": 2, "n_ecoles": 5, "n_superieur": 0, "habitants_pres_marche": 2413, "habitants_pres_ecole": 2391, "indice_acces": 62.6, "distance_route_km": 0.03 }, "geometry": { "type": "Polygon", "coordinates": [ [ [ 1.76924751, 6.41739728 ], [ 1.74626825, 6.41801914 ], [ 1.72905706, 6.46496702 ], [ 1.70186971, 6.48849922 ], [ 1.71118357, 6.50354942 ], [ 1.71931303, 6.49126323 ], [ 1.72138708, 6.50034469 ], [ 1.7305771, 6.5011456 ], [ 1.72500449, 6.48791541 ], [ 1.7380996, 6.48503141 ], [ 1.73085784, 6.47599159 ], [ 1.75229302, 6.473798 ], [ 1.74580898, 6.46278581 ], [ 1.75797649, 6.45980624 ], [ 1.75520659, 6.44415054 ], [ 1.77865607, 6.42574333 ], [ 1.77122861, 6.42454239 ], [ 1.76924751, 6.41739728 ] ] ] } },
{ "type": "Feature", "properties": { "canton_id": "A02007007", "canton": "Kévé", "commune": "Avé 1", "prefecture": "Avé", "region": "Maritime", "population": 12434, "densite_hab_km2": 93.1, "n_agences": 1, "n_mobile_money": 11, "n_mm_togocom": 6, "n_mm_moov": 7, "n_mm_multi": 5, "mm_pour_10k": 8.8, "agences_pour_100k": 8.04, "habitants_par_mm": 1130.0, "couverture_mobile_pct": 99.92, "mm_1km_pct": 56.69, "togocom_5km_pct": 43.24, "n_banques": 1, "n_microfinance": 2, "n_postes": 1, "n_distributeurs": 0, "n_marches": 1, "n_ecoles": 24, "n_superieur": 0, "habitants_pres_marche": 5751, "habitants_pres_ecole": 11406, "indice_acces": 56.6, "distance_route_km": 1.12 }, "geometry": { "type": "Polygon", "coordinates": [ [ [ 1.00367055, 6.54562973 ], [ 1.01185485, 6.52481458 ], [ 1.01846712, 6.52837587 ], [ 1.03271017, 6.5177773 ], [ 1.06017699, 6.48672656 ], [ 1.05454919, 6.47500093 ], [ 1.08098609, 6.46477229 ], [ 1.0749275, 6.44882325 ], [ 1.078698, 6.43762321 ], [ 1.04420851, 6.43580841 ], [ 1.02101791, 6.44491165 ], [ 0.9687379, 6.4357853 ], [ 0.96647227, 6.42325454 ], [ 0.97778476, 6.41692988 ], [ 0.97168723, 6.3886292 ], [ 0.942583, 6.4172466 ], [ 0.89790838, 6.42527095 ], [ 0.94054231, 6.45682058 ], [ 0.94328555, 6.4673628 ], [ 0.98017955, 6.47910972 ], [ 0.98568135, 6.49679249 ], [ 0.96279876, 6.50943971 ], [ 0.98537938, 6.54667395 ], [ 0.99443121, 6.55191361 ], [ 1.00367055, 6.54562973 ] ] ] } },
{ "type": "Feature", "properties": { "canton_id": "A02007008", "canton": "Assahoun", "commune": "Avé 1", "prefecture": "Avé", "region": "Maritime", "population": 17323, "densite_hab_km2": 212.0, "n_agences": 2, "n_mobile_money": 43, "n_mm_togocom": 34, "n_mm_moov": 34, "n_mm_multi": 33, "mm_pour_10k": 24.8, "agences_pour_100k": 11.55, "habitants_par_mm": 403.0, "couverture_mobile_pct": 61.95, "mm_1km_pct": 70.16, "togocom_5km_pct": 73.92, "n_banques": 2, "n_microfinance": 3, "n_postes": 0, "n_distributeurs": 2, "n_marches": 2, "n_ecoles": 28, "n_superieur": 0, "habitants_pres_marche": 8252, "habitants_pres_ecole": 9923, "indice_acces": 64.7, "distance_route_km": 1.36 }, "geometry": { "type": "Polygon", "coordinates": [ [ [ 0.8698524, 6.51758073 ], [ 0.88997593, 6.52345318 ], [ 0.94583598, 6.51651843 ], [ 0.97002143, 6.52652106 ], [ 0.96279876, 6.50943971 ], [ 0.9804123, 6.50241716 ], [ 0.98701328, 6.48941495 ], [ 0.96956622, 6.47305982 ], [ 0.94328555, 6.4673628 ], [ 0.94054231, 6.45682058 ], [ 0.89790838, 6.42527095 ], [ 0.86240491, 6.47195064 ], [ 0.88312215, 6.49251985 ], [ 0.91243209, 6.49615184 ], [ 0.90497104, 6.50672425 ], [ 0.8698524, 6.51758073 ] ] ] } },
{ "type": "Feature", "properties": { "canton_id": "A07027053", "canton": "Ahépé", "commune": "Yoto 2", "prefecture": "Yoto", "region": "Maritime", "population": 23620, "densite_hab_km2": 441.9, "n_agences": 0, "n_mobile_money": 17, "n_mm_togocom": 13, "n_mm_moov": 14, "n_mm_multi": 10, "mm_pour_10k": 7.2, "agences_pour_100k": 0.0, "habitants_par_mm": 1389.0, "couverture_mobile_pct": 100.0, "mm_1km_pct": 95.42, "togocom_5km_pct": 0.0, "n_banques": 1, "n_microfinance": 3, "n_postes": 1, "n_distributeurs": 1, "n_marches": 1, "n_ecoles": 23, "n_superieur": 0, "habitants_pres_marche": 19234, "habitants_pres_ecole": 19234, "indice_acces": 46.1, "distance_route_km": 0.11 }, "geometry": { "type": "Polygon", "coordinates": [ [ [ 1.3445596, 6.59962758 ], [ 1.3548303, 6.60867443 ], [ 1.38759364, 6.61530982 ], [ 1.40918409, 6.63457079 ], [ 1.4489209, 6.62359921 ], [ 1.42798583, 6.56512119 ], [ 1.40568587, 6.57245918 ], [ 1.37310078, 6.56663414 ], [ 1.35790917, 6.59438432 ], [ 1.3445596, 6.59962758 ] ] ] } },
{ "type": "Feature", "properties": { "canton_id": "A02007009", "canton": "Tovégan", "commune": "Avé 1", "prefecture": "Avé", "region": "Maritime", "population": 12252, "densite_hab_km2": 44.1, "n_agences": 0, "n_mobile_money": 9, "n_mm_togocom": 5, "n_mm_moov": 6, "n_mm_multi": 3, "mm_pour_10k": 7.3, "agences_pour_100k": 0.0, "habitants_par_mm": 1361.0, "couverture_mobile_pct": 6.11, "mm_1km_pct": 25.69, "togocom_5km_pct": 0.0, "n_banques": 0, "n_microfinance": 1, "n_postes": 0, "n_distributeurs": 0, "n_marches": 2, "n_ecoles": 29, "n_superieur": 0, "habitants_pres_marche": 8852, "habitants_pres_ecole": 12931, "indice_acces": 27.7, "distance_route_km": 0.79 }, "geometry": { "type": "Polygon", "coordinates": [ [ [ 0.89473436, 6.7109231 ], [ 0.92736027, 6.68722198 ], [ 0.95155998, 6.67915735 ], [ 0.96598242, 6.65972537 ], [ 0.96802195, 6.63718716 ], [ 0.98225938, 6.63368943 ], [ 0.98445532, 6.61521177 ], [ 0.9952465, 6.61116967 ], [ 0.98016083, 6.60058548 ], [ 0.97262319, 6.5767954 ], [ 0.98289299, 6.56853083 ], [ 0.97625933, 6.54889213 ], [ 0.98537938, 6.54667395 ], [ 0.97002143, 6.52652106 ], [ 0.94583598, 6.51651843 ], [ 0.88997593, 6.52345318 ], [ 0.8698524, 6.51758073 ], [ 0.82758113, 6.53136631 ], [ 0.83587183, 6.53863941 ], [ 0.83308259, 6.55614182 ], [ 0.79518242, 6.5432211 ], [ 0.77246727, 6.55493463 ], [ 0.81381788, 6.57780736 ], [ 0.83308731, 6.59818254 ], [ 0.84244989, 6.62460946 ], [ 0.8784751, 6.6590371 ], [ 0.89473436, 6.7109231 ] ] ] } },
{ "type": "Feature", "properties": { "canton_id": "A02007010", "canton": "Ando", "commune": "Avé 1", "prefecture": "Avé", "region": "Maritime", "population": 8590, "densite_hab_km2": 46.8, "n_agences": 0, "n_mobile_money": 5, "n_mm_togocom": 2, "n_mm_moov": 4, "n_mm_multi": 2, "mm_pour_10k": 5.8, "agences_pour_100k": 0.0, "habitants_par_mm": 1718.0, "couverture_mobile_pct": 0.0, "mm_1km_pct": 16.39, "togocom_5km_pct": 3.23, "n_banques": 0, "n_microfinance": 0, "n_postes": 0, "n_distributeurs": 0, "n_marches": 1, "n_ecoles": 20, "n_superieur": 0, "habitants_pres_marche": 4834, "habitants_pres_ecole": 8661, "indice_acces": 23.1, "distance_route_km": 0.03 }, "geometry": { "type": "Polygon", "coordinates": [ [ [ 0.88462713, 6.4139597 ], [ 0.87533532, 6.42445773 ], [ 0.84153638, 6.43186676 ], [ 0.82040706, 6.44926222 ], [ 0.80013618, 6.45155944 ], [ 0.77763299, 6.43609486 ], [ 0.74875323, 6.44586741 ], [ 0.74378654, 6.48309898 ], [ 0.72692004, 6.49009639 ], [ 0.71569815, 6.52304952 ], [ 0.77247307, 6.55493106 ], [ 0.79518242, 6.5432211 ], [ 0.83308259, 6.55614182 ], [ 0.83587183, 6.53863941 ], [ 0.82758113, 6.53136631 ], [ 0.90497104, 6.50672425 ], [ 0.91243209, 6.49615184 ], [ 0.88312215, 6.49251985 ], [ 0.86240491, 6.47195064 ], [ 0.89790838, 6.42527095 ], [ 0.88462713, 6.4139597 ] ] ] } },
{ "type": "Feature", "properties": { "canton_id": "A02007011", "canton": "Zolo", "commune": "Avé 1", "prefecture": "Avé", "region": "Maritime", "population": 5266, "densite_hab_km2": 64.7, "n_agences": 0, "n_mobile_money": 10, "n_mm_togocom": 3, "n_mm_moov": 6, "n_mm_multi": 3, "mm_pour_10k": 19.0, "agences_pour_100k": 0.0, "habitants_par_mm": 527.0, "couverture_mobile_pct": 44.17, "mm_1km_pct": 70.32, "togocom_5km_pct": 27.96, "n_banques": 0, "n_microfinance": 1, "n_postes": 0, "n_distributeurs": 0, "n_marches": 1, "n_ecoles": 12, "n_superieur": 0, "habitants_pres_marche": 5122, "habitants_pres_ecole": 5757, "indice_acces": 42.0, "distance_route_km": 1.46 }, "geometry": { "type": "Polygon", "coordinates": [ [ [ 0.86838368, 6.37295261 ], [ 0.88635093, 6.38944455 ], [ 0.88475379, 6.41403712 ], [ 0.89790838, 6.42527095 ], [ 0.942583, 6.4172466 ], [ 0.97168723, 6.3886292 ], [ 0.96006512, 6.36029477 ], [ 0.96132051, 6.33479956 ], [ 0.89313081, 6.33469535 ], [ 0.8860181, 6.35318916 ], [ 0.86838368, 6.37295261 ] ] ] } },
{ "type": "Feature", "properties": { "canton_id": "A02007012", "canton": "A02007012", "commune": "A02007012", "prefecture": "A02007012", "region": "Maritime", "population": 1885, "densite_hab_km2": 36.1, "n_agences": 0, "n_mobile_money": 1, "n_mm_togocom": 0, "n_mm_moov": 0, "n_mm_multi": 0, "mm_pour_10k": 5.3, "agences_pour_100k": 0.0, "habitants_par_mm": 1885.0, "couverture_mobile_pct": 0.0, "mm_1km_pct": 20.96, "togocom_5km_pct": 0.0, "n_banques": 0, "n_microfinance": 0, "n_postes": 0, "n_distributeurs": 0, "n_marches": 0, "n_ecoles": 2, "n_superieur": 0, "habitants_pres_marche": 692, "habitants_pres_ecole": 1417, "indice_acces": 22.7, "distance_route_km": 0.09 }, "geometry": { "type": "Polygon", "coordinates": [ [ [ 0.7823077, 6.44035553 ], [ 0.80013618, 6.45155944 ], [ 0.82040706, 6.44926222 ], [ 0.84153638, 6.43186676 ], [ 0.87533532, 6.42445773 ], [ 0.88475379, 6.41403712 ], [ 0.88635093, 6.38944455 ], [ 0.86838368, 6.37295261 ], [ 0.83500443, 6.39853093 ], [ 0.78851104, 6.41026326 ], [ 0.77763299, 6.43609486 ], [ 0.7823077, 6.44035553 ] ] ] } },
{ "type": "Feature", "properties": { "canton_id": "A02008012", "canton": "Noépé", "commune": "Avé 2", "prefecture": "Avé", "region": "Maritime", "population": 9390, "densite_hab_km2": 209.5, "n_agences": 0, "n_mobile_money": 17, "n_mm_togocom": 15, "n_mm_moov": 16, "n_mm_multi": 14, "mm_pour_10k": 18.1, "agences_pour_100k": 0.0, "habitants_par_mm": 552.0, "couverture_mobile_pct": 100.0, "mm_1km_pct": 72.99, "togocom_5km_pct": 0.0, "n_banques": 0, "n_microfinance": 1, "n_postes": 0, "n_distributeurs": 0, "n_marches": 1, "n_ecoles": 13, "n_superieur": 0, "habitants_pres_marche": 7444, "habitants_pres_ecole": 7483, "indice_acces": 57.9, "distance_route_km": 0.05 }, "geometry": { "type": "Polygon", "coordinates": [ [ [ 1.01990354, 6.32531792 ], [ 1.04084858, 6.32671349 ], [ 1.04302756, 6.31773713 ], [ 1.07889537, 6.29354971 ], [ 1.03337778, 6.24089098 ], [ 1.00609609, 6.30011692 ], [ 1.00577432, 6.33070675 ], [ 1.01990354, 6.32531792 ] ] ] } },
{ "type": "Feature", "properties": { "canton_id": "A02008013", "canton": "Aképé", "commune": "Avé 2", "prefecture": "Avé", "region": "Maritime", "population": 14726, "densite_hab_km2": 369.8, "n_agences": 0, "n_mobile_money": 22, "n_mm_togocom": 13, "n_mm_moov": 15, "n_mm_multi": 12, "mm_pour_10k": 14.9, "agences_pour_100k": 0.0, "habitants_par_mm": 669.0, "couverture_mobile_pct": 100.0, "mm_1km_pct": 70.33, "togocom_5km_pct": 43.91, "n_banques": 0, "n_microfinance": 2, "n_postes": 0, "n_distributeurs": 0, "n_marches": 2, "n_ecoles": 23, "n_superieur": 0, "habitants_pres_marche": 12200, "habitants_pres_ecole": 12242, "indice_acces": 55.7, "distance_route_km": 0.12 }, "geometry": { "type": "Polygon", "coordinates": [ [ [ 1.08277422, 6.18639528 ], [ 1.05644857, 6.22888335 ], [ 1.03337778, 6.24089098 ], [ 1.07889537, 6.29354971 ], [ 1.08671156, 6.29350488 ], [ 1.0971878, 6.26076223 ], [ 1.08277422, 6.18639528 ] ] ] } },
{ "type": "Feature", "properties": { "canton_id": "A02008014", "canton": "Badja", "commune": "Avé 2", "prefecture": "Avé", "region": "Maritime", "population": 8190, "densite_hab_km2": 65.2, "n_agences": 0, "n_mobile_money": 10, "n_mm_togocom": 4, "n_mm_moov": 5, "n_mm_multi": 4, "mm_pour_10k": 12.2, "agences_pour_100k": 0.0, "habitants_par_mm": 819.0, "couverture_mobile_pct": 100.0, "mm_1km_pct": 47.74, "togocom_5km_pct": 0.0, "n_banques": 0, "n_microfinance": 1, "n_postes": 0, "n_distributeurs": 0, "n_marches": 1, "n_ecoles": 17, "n_superieur": 0, "habitants_pres_marche": 6142, "habitants_pres_ecole": 7483, "indice_acces": 53.5, "distance_route_km": 0.73 }, "geometry": { "type": "Polygon", "coordinates": [ [ [ 1.07761282, 6.43517098 ], [ 1.07704196, 6.42379315 ], [ 1.09574613, 6.4209066 ], [ 1.10014432, 6.4146333 ], [ 1.09831497, 6.39259027 ], [ 1.10334654, 6.38695965 ], [ 1.09427833, 6.38223574 ], [ 1.09776159, 6.37653624 ], [ 1.04390634, 6.39441894 ], [ 1.02932654, 6.39126214 ], [ 1.03073749, 6.38072088 ], [ 1.05126431, 6.36408046 ], [ 1.03016541, 6.34286765 ], [ 1.03180231, 6.33271073 ], [ 0.96132266, 6.33479023 ], [ 0.96006512, 6.36029477 ], [ 0.97692145, 6.39731134 ], [ 0.97778476, 6.41692988 ], [ 0.96647227, 6.42325454 ], [ 0.9687379, 6.4357853 ], [ 1.02101791, 6.44491165 ], [ 1.04420851, 6.43580841 ], [ 1.07761282, 6.43517098 ] ] ] } },
{ "type": "Feature", "properties": { "canton_id": "A03009015", "canton": "Kpétsou", "commune": "Bas-Mono 1", "prefecture": "Bas-Mono", "region": "Maritime", "population": 7559, "densite_hab_km2": 101.4, "n_agences": 0, "n_mobile_money": 19, "n_mm_togocom": 12, "n_mm_moov": 19, "n_mm_multi": 12, "mm_pour_10k": 25.1, "agences_pour_100k": 0.0, "habitants_par_mm": 398.0, "couverture_mobile_pct": 100.0, "mm_1km_pct": 70.47, "togocom_5km_pct": 11.36, "n_banques": 0, "n_microfinance": 0, "n_postes": 0, "n_distributeurs": 0, "n_marches": 2, "n_ecoles": 20, "n_superieur": 0, "habitants_pres_marche": 13354, "habitants_pres_ecole": 13339, "indice_acces": 62.3, "distance_route_km": 0.13 }, "geometry": { "type": "Polygon", "coordinates": [ [ [ 1.58132582, 6.49374044 ], [ 1.57834117, 6.48847488 ], [ 1.56422956, 6.4887798 ], [ 1.55824547, 6.49485651 ], [ 1.52398299, 6.56924203 ], [ 1.58442259, 6.58759552 ], [ 1.62631044, 6.58266603 ], [ 1.61469133, 6.56627558 ], [ 1.62017493, 6.53846761 ], [ 1.58132582, 6.49374044 ] ] ] } },
{ "type": "Feature", "properties": { "canton_id": "A07028058", "canton": "Essé-Godjin", "commune": "Yoto 3", "prefecture": "Yoto", "region": "Maritime", "population": 7232, "densite_hab_km2": 81.3, "n_agences": 0, "n_mobile_money": 3, "n_mm_togocom": 1, "n_mm_moov": 3, "n_mm_multi": 1, "mm_pour_10k": 4.1, "agences_pour_100k": 0.0, "habitants_par_mm": 2411.0, "couverture_mobile_pct": 100.0, "mm_1km_pct": 25.6, "togocom_5km_pct": 0.0, "n_banques": 0, "n_microfinance": 0, "n_postes": 0, "n_distributeurs": 0, "n_marches": 0, "n_ecoles": 19, "n_superieur": 0, "habitants_pres_marche": 6486, "habitants_pres_ecole": 7486, "indice_acces": 42.3, "distance_route_km": 0.23 }, "geometry": { "type": "Polygon", "coordinates": [ [ [ 1.60879522, 6.77050516 ], [ 1.62543586, 6.76216654 ], [ 1.61586015, 6.75316153 ], [ 1.62225846, 6.73591984 ], [ 1.60342103, 6.73220826 ], [ 1.59726557, 6.72031736 ], [ 1.5976977, 6.72750457 ], [ 1.59130719, 6.72839142 ], [ 1.58845626, 6.71051445 ], [ 1.59299358, 6.70267191 ], [ 1.57455996, 6.68860652 ], [ 1.58637782, 6.68497015 ], [ 1.58802304, 6.67350463 ], [ 1.59624603, 6.67340191 ], [ 1.58697501, 6.66272602 ], [ 1.56535755, 6.66915661 ], [ 1.53866898, 6.66169874 ], [ 1.54037432, 6.67630078 ], [ 1.52901747, 6.6964668 ], [ 1.49991609, 6.70902463 ], [ 1.48931987, 6.73220815 ], [ 1.51450184, 6.74589051 ], [ 1.52322857, 6.75793545 ], [ 1.53645169, 6.75612916 ], [ 1.53793713, 6.74382549 ], [ 1.58684968, 6.7473725 ], [ 1.60879522, 6.77050516 ] ] ] } },
{ "type": "Feature", "properties": { "canton_id": "A03009016", "canton": "Afagnan-Gbléta", "commune": "Bas-Mono 1", "prefecture": "Bas-Mono", "region": "Maritime", "population": 26635, "densite_hab_km2": 335.9, "n_agences": 0, "n_mobile_money": 42, "n_mm_togocom": 31, "n_mm_moov": 40, "n_mm_multi": 29, "mm_pour_10k": 15.8, "agences_pour_100k": 0.0, "habitants_par_mm": 634.0, "couverture_mobile_pct": 100.0, "mm_1km_pct": 44.84, "togocom_5km_pct": 53.5, "n_banques": 0, "n_microfinance": 0, "n_postes": 1, "n_distributeurs": 0, "n_marches": 3, "n_ecoles": 44, "n_superieur": 0, "habitants_pres_marche": 35994, "habitants_pres_ecole": 35994, "indice_acces": 56.1, "distance_route_km": 0.15 }, "geometry": { "type": "Polygon", "coordinates": [ [ [ 1.62011138, 6.40568014 ], [ 1.59384961, 6.4076494 ], [ 1.5726728, 6.4534653 ], [ 1.57149997, 6.47570195 ], [ 1.59009751, 6.50851479 ], [ 1.62017493, 6.53846761 ], [ 1.65248434, 6.53480064 ], [ 1.65392317, 6.52182172 ], [ 1.62055475, 6.50579705 ], [ 1.62433817, 6.48166912 ], [ 1.63932062, 6.46458019 ], [ 1.63381697, 6.45951902 ], [ 1.6458301, 6.43583432 ], [ 1.62011138, 6.40568014 ] ] ] } },
{ "type": "Feature", "properties": { "canton_id": "A03009017", "canton": "Afagnangan", "commune": "Bas-Mono 1", "prefecture": "Bas-Mono", "region": "Maritime", "population": 26220, "densite_hab_km2": 646.2, "n_agences": 2, "n_mobile_money": 88, "n_mm_togocom": 69, "n_mm_moov": 85, "n_mm_multi": 66, "mm_pour_10k": 33.6, "agences_pour_100k": 7.63, "habitants_par_mm": 298.0, "couverture_mobile_pct": 100.0, "mm_1km_pct": 92.48, "togocom_5km_pct": 96.07, "n_banques": 0, "n_microfinance": 2, "n_postes": 0, "n_distributeurs": 0, "n_marches": 1, "n_ecoles": 17, "n_superieur": 0, "habitants_pres_marche": 20884, "habitants_pres_ecole": 20654, "indice_acces": 83.7, "distance_route_km": 0.1 }, "geometry": { "type": "Polygon", "coordinates": [ [ [ 1.64777837, 6.58025228 ], [ 1.6532333, 6.57380627 ], [ 1.66165179, 6.58092548 ], [ 1.66743144, 6.57620042 ], [ 1.6399714, 6.55718303 ], [ 1.65154802, 6.55163588 ], [ 1.65569009, 6.52637619 ], [ 1.65482242, 6.51373631 ], [ 1.67246433, 6.48954085 ], [ 1.63932062, 6.46458019 ], [ 1.62529054, 6.47914969 ], [ 1.62055475, 6.50579705 ], [ 1.65392317, 6.52182172 ], [ 1.65420961, 6.53259847 ], [ 1.62017493, 6.53846761 ], [ 1.61469133, 6.56627558 ], [ 1.62631044, 6.58266603 ], [ 1.64777837, 6.58025228 ] ] ] } },
{ "type": "Feature", "properties": { "canton_id": "A03010018", "canton": "Attitogon", "commune": "Bas-Mono 2", "prefecture": "Bas-Mono", "region": "Maritime", "population": 33415, "densite_hab_km2": 372.7, "n_agences": 0, "n_mobile_money": 23, "n_mm_togocom": 15, "n_mm_moov": 19, "n_mm_multi": 11, "mm_pour_10k": 6.9, "agences_pour_100k": 0.0, "habitants_par_mm": 1453.0, "couverture_mobile_pct": 100.0, "mm_1km_pct": 69.11, "togocom_5km_pct": 6.16, "n_banques": 0, "n_microfinance": 1, "n_postes": 0, "n_distributeurs": 0, "n_marches": 2, "n_ecoles": 39, "n_superieur": 0, "habitants_pres_marche": 27462, "habitants_pres_ecole": 27354, "indice_acces": 45.7, "distance_route_km": 0.02 }, "geometry": { "type": "Polygon", "coordinates": [ [ [ 1.66745343, 6.40675582 ], [ 1.65399049, 6.39063216 ], [ 1.65615332, 6.36993189 ], [ 1.64704607, 6.3607009 ], [ 1.60742822, 6.36121069 ], [ 1.60527674, 6.39047978 ], [ 1.59384961, 6.4076494 ], [ 1.62011138, 6.40568014 ], [ 1.64299744, 6.42898268 ], [ 1.64441306, 6.44162906 ], [ 1.63381697, 6.45951902 ], [ 1.67246428, 6.48954086 ], [ 1.70241543, 6.48420005 ], [ 1.72498971, 6.46429467 ], [ 1.72702345, 6.44909011 ], [ 1.6921404, 6.44218134 ], [ 1.69542512, 6.42113412 ], [ 1.66745343, 6.40675582 ] ] ] } },
{ "type": "Feature", "properties": { "canton_id": "A03010020", "canton": "Agome-Glozou", "commune": "Bas-Mono 2", "prefecture": "Bas-Mono", "region": "Maritime", "population": 9900, "densite_hab_km2": 179.2, "n_agences": 0, "n_mobile_money": 6, "n_mm_togocom": 6, "n_mm_moov": 6, "n_mm_multi": 6, "mm_pour_10k": 6.1, "agences_pour_100k": 0.0, "habitants_par_mm": 1650.0, "couverture_mobile_pct": 100.0, "mm_1km_pct": 59.76, "togocom_5km_pct": 6.31, "n_banques": 0, "n_microfinance": 0, "n_postes": 0, "n_distributeurs": 0, "n_marches": 3, "n_ecoles": 11, "n_superieur": 0, "habitants_pres_marche": 6146, "habitants_pres_ecole": 6028, "indice_acces": 44.5, "distance_route_km": 0.32 }, "geometry": { "type": "Polygon", "coordinates": [ [ [ 1.66304161, 6.56695018 ], [ 1.67024739, 6.55477324 ], [ 1.68012861, 6.56288975 ], [ 1.68591414, 6.55072115 ], [ 1.69698009, 6.55346578 ], [ 1.69262332, 6.54562642 ], [ 1.70158205, 6.53725734 ], [ 1.70224658, 6.51272385 ], [ 1.69161201, 6.51846281 ], [ 1.6937848, 6.50293015 ], [ 1.70218039, 6.50470029 ], [ 1.70186971, 6.48849922 ], [ 1.72905706, 6.46496702 ], [ 1.74626825, 6.41801914 ], [ 1.76924751, 6.41739728 ], [ 1.76359178, 6.41166955 ], [ 1.76525093, 6.4059877 ], [ 1.77574226, 6.40645939 ], [ 1.76743804, 6.3957918 ], [ 1.77361535, 6.3860559 ], [ 1.74412518, 6.38792914 ], [ 1.74315809, 6.4054704 ], [ 1.72661824, 6.43632903 ], [ 1.72498971, 6.46429467 ], [ 1.70241543, 6.48420005 ], [ 1.67246433, 6.48954085 ], [ 1.65482242, 6.51373631 ], [ 1.65154802, 6.55163588 ], [ 1.6399714, 6.55718303 ], [ 1.65734045, 6.57360201 ], [ 1.66304161, 6.56695018 ] ] ] } },
{ "type": "Feature", "properties": { "canton_id": "A03010019", "canton": "Hompou", "commune": "Bas-Mono 2", "prefecture": "Bas-Mono", "region": "Maritime", "population": 6691, "densite_hab_km2": 131.4, "n_agences": 0, "n_mobile_money": 1, "n_mm_togocom": 1, "n_mm_moov": 1, "n_mm_multi": 1, "mm_pour_10k": 1.5, "agences_pour_100k": 0.0, "habitants_par_mm": 6691.0, "couverture_mobile_pct": 100.0, "mm_1km_pct": 17.12, "togocom_5km_pct": 0.0, "n_banques": 0, "n_microfinance": 0, "n_postes": 0, "n_distributeurs": 0, "n_marches": 0, "n_ecoles": 13, "n_superieur": 0, "habitants_pres_marche": 5693, "habitants_pres_ecole": 5779, "indice_acces": 39.9, "distance_route_km": 0.33 }, "geometry": { "type": "Polygon", "coordinates": [ [ [ 1.74412518, 6.38792914 ], [ 1.70995194, 6.39002272 ], [ 1.70881759, 6.37696382 ], [ 1.68252855, 6.37071435 ], [ 1.65615332, 6.36993189 ], [ 1.65339095, 6.37461334 ], [ 1.65399049, 6.39063216 ], [ 1.66829096, 6.40899187 ], [ 1.69542512, 6.42113412 ], [ 1.6921404, 6.44218134 ], [ 1.72702345, 6.44909011 ], [ 1.74412518, 6.38792914 ] ] ] } },
{ "type": "Feature", "properties": { "canton_id": "A04011022", "canton": "Bè-Est", "commune": "Golfe 1", "prefecture": "Golfe", "region": "Maritime", "population": 313921, "densite_hab_km2": 5220.5, "n_agences": 8, "n_mobile_money": 1256, "n_mm_togocom": 1093, "n_mm_moov": 1008, "n_mm_multi": 955, "mm_pour_10k": 40.0, "agences_pour_100k": 2.55, "habitants_par_mm": 250.0, "couverture_mobile_pct": 100.0, "mm_1km_pct": 97.26, "togocom_5km_pct": 99.94, "n_banques": 27, "n_microfinance": 25, "n_postes": 2, "n_distributeurs": 21, "n_marches": 14, "n_ecoles": 310, "n_superieur": 4, "habitants_pres_marche": 242446, "habitants_pres_ecole": 242446, "indice_acces": 84.0, "distance_route_km": 0.5 }, "geometry": { "type": "Polygon", "coordinates": [ [ [ 1.29816227, 6.14994041 ], [ 1.29041249, 6.14585536 ], [ 1.29026635, 6.13745673 ], [ 1.29003603, 6.14484609 ], [ 1.28010094, 6.14058618 ], [ 1.29200406, 6.13393205 ], [ 1.23825051, 6.1258034 ], [ 1.23091937, 6.13581299 ], [ 1.27353725, 6.19033844 ], [ 1.24471089, 6.21096789 ], [ 1.23553594, 6.20618031 ], [ 1.25768087, 6.25730769 ], [ 1.28136775, 6.23858643 ], [ 1.28634664, 6.21733557 ], [ 1.30487217, 6.20180495 ], [ 1.2946579, 6.19479133 ], [ 1.30409785, 6.15754051 ], [ 1.29816227, 6.14994041 ] ] ] } },
{ "type": "Feature", "properties": { "canton_id": "A04012023", "canton": "Bè-Centre", "commune": "Golfe 2", "prefecture": "Golfe", "region": "Maritime", "population": 138038, "densite_hab_km2": 7745.0, "n_agences": 3, "n_mobile_money": 454, "n_mm_togocom": 404, "n_mm_moov": 379, "n_mm_multi": 342, "mm_pour_10k": 32.9, "agences_pour_100k": 2.17, "habitants_par_mm": 304.0, "couverture_mobile_pct": 100.0, "mm_1km_pct": 100.0, "togocom_5km_pct": 100.0, "n_banques": 7, "n_microfinance": 2, "n_postes": 2, "n_distributeurs": 14, "n_marches": 4, "n_ecoles": 126, "n_superieur": 13, "habitants_pres_marche": 145401, "habitants_pres_ecole": 145401, "indice_acces": 81.1, "distance_route_km": 0.01 }, "geometry": { "type": "Polygon", "coordinates": [ [ [ 1.24274328, 6.20641462 ], [ 1.2477964, 6.20964592 ], [ 1.27353725, 6.19033844 ], [ 1.24860317, 6.1552173 ], [ 1.23663718, 6.1484634 ], [ 1.23187205, 6.14964337 ], [ 1.23438414, 6.17933646 ], [ 1.24274328, 6.20641462 ] ] ] } },
{ "type": "Feature", "properties": { "canton_id": "A04013024", "canton": "Bè-Ouest", "commune": "Golfe 3", "prefecture": "Golfe", "region": "Maritime", "population": 145822, "densite_hab_km2": 6378.1, "n_agences": 2, "n_mobile_money": 281, "n_mm_togocom": 260, "n_mm_moov": 221, "n_mm_multi": 214, "mm_pour_10k": 19.3, "agences_pour_100k": 1.37, "habitants_par_mm": 519.0, "couverture_mobile_pct": 100.0, "mm_1km_pct": 94.61, "togocom_5km_pct": 100.0, "n_banques": 14, "n_microfinance": 7, "n_postes": 6, "n_distributeurs": 18, "n_marches": 4, "n_ecoles": 75, "n_superieur": 34, "habitants_pres_marche": 137458, "habitants_pres_ecole": 135786, "indice_acces": 73.9, "distance_route_km": 0.02 }, "geometry": { "type": "Polygon", "coordinates": [ [ [ 1.24274328, 6.20641462 ], [ 1.23187205, 6.14964337 ], [ 1.22212217, 6.13691303 ], [ 1.21838032, 6.14947483 ], [ 1.20129033, 6.14934579 ], [ 1.20192971, 6.15934217 ], [ 1.20742081, 6.16030097 ], [ 1.20360783, 6.18658795 ], [ 1.20924156, 6.20464777 ], [ 1.24274328, 6.20641462 ] ] ] } },
{ "type": "Feature", "properties": { "canton_id": "A04015026", "canton": "Aflao-Gakli", "commune": "Golfe 5", "prefecture": "Golfe", "region": "Maritime", "population": 230155, "densite_hab_km2": 11847.2, "n_agences": 6, "n_mobile_money": 1062, "n_mm_togocom": 1025, "n_mm_moov": 738, "n_mm_multi": 738, "mm_pour_10k": 46.1, "agences_pour_100k": 2.61, "habitants_par_mm": 217.0, "couverture_mobile_pct": 100.0, "mm_1km_pct": 100.0, "togocom_5km_pct": 100.0, "n_banques": 22, "n_microfinance": 23, "n_postes": 3, "n_distributeurs": 12, "n_marches": 6, "n_ecoles": 92, "n_superieur": 13, "habitants_pres_marche": 212655, "habitants_pres_ecole": 212655, "indice_acces": 85.2, "distance_route_km": 0.02 }, "geometry": { "type": "Polygon", "coordinates": [ [ [ 1.15256438, 6.21498717 ], [ 1.16165846, 6.20758051 ], [ 1.16473571, 6.21225529 ], [ 1.18999983, 6.20567159 ], [ 1.20798669, 6.19410231 ], [ 1.20243391, 6.16722521 ], [ 1.18940693, 6.16785107 ], [ 1.16395674, 6.18401127 ], [ 1.14492015, 6.20379086 ], [ 1.15256438, 6.21498717 ] ] ] } },
{ "type": "Feature", "properties": { "canton_id": "A04016027", "canton": "Baguida", "commune": "Golfe 6", "prefecture": "Golfe", "region": "Maritime", "population": 206283, "densite_hab_km2": 5528.7, "n_agences": 2, "n_mobile_money": 482, "n_mm_togocom": 431, "n_mm_moov": 353, "n_mm_multi": 340, "mm_pour_10k": 23.4, "agences_pour_100k": 0.97, "habitants_par_mm": 428.0, "couverture_mobile_pct": 100.0, "mm_1km_pct": 96.55, "togocom_5km_pct": 99.71, "n_banques": 10, "n_microfinance": 12, "n_postes": 2, "n_distributeurs": 8, "n_marches": 7, "n_ecoles": 163, "n_superieur": 4, "habitants_pres_marche": 216740, "habitants_pres_ecole": 216740, "indice_acces": 76.2, "distance_route_km": 0.01 }, "geometry": { "type": "Polygon", "coordinates": [ [ [ 1.38362351, 6.19679342 ], [ 1.37895831, 6.18816458 ], [ 1.38291354, 6.17718727 ], [ 1.29814621, 6.14998607 ], [ 1.30409785, 6.15754051 ], [ 1.2946579, 6.19479133 ], [ 1.30487217, 6.20180495 ], [ 1.29006455, 6.21667467 ], [ 1.30792378, 6.20296794 ], [ 1.30891949, 6.19464161 ], [ 1.3284637, 6.20353236 ], [ 1.35251103, 6.19806908 ], [ 1.38386342, 6.20688616 ], [ 1.38362351, 6.19679342 ] ] ] } },
{ "type": "Feature", "properties": { "canton_id": "A04014025", "canton": "Amoutivé", "commune": "Golfe 4", "prefecture": "Golfe", "region": "Maritime", "population": 142065, "densite_hab_km2": 10473.9, "n_agences": 3, "n_mobile_money": 809, "n_mm_togocom": 744, "n_mm_moov": 665, "n_mm_multi": 643, "mm_pour_10k": 56.9, "agences_pour_100k": 2.11, "habitants_par_mm": 176.0, "couverture_mobile_pct": 100.0, "mm_1km_pct": 100.0, "togocom_5km_pct": 100.0, "n_banques": 20, "n_microfinance": 3, "n_postes": 2, "n_distributeurs": 18, "n_marches": 9, "n_ecoles": 87, "n_superieur": 12, "habitants_pres_marche": 109069, "habitants_pres_ecole": 109069, "indice_acces": 85.7, "distance_route_km": 0.01 }, "geometry": { "type": "Polygon", "coordinates": [ [ [ 1.20129033, 6.14934579 ], [ 1.21838032, 6.14947483 ], [ 1.22212217, 6.13691303 ], [ 1.23003532, 6.14947486 ], [ 1.23663457, 6.14846404 ], [ 1.23091394, 6.13581297 ], [ 1.23825221, 6.12579633 ], [ 1.19816457, 6.11177299 ], [ 1.19826709, 6.16746082 ], [ 1.20742081, 6.16030097 ], [ 1.20192971, 6.15934217 ], [ 1.20129033, 6.14934579 ] ] ] } },
{ "type": "Feature", "properties": { "canton_id": "A04017028", "canton": "Aflao-Sagbado", "commune": "Golfe 7", "prefecture": "Golfe", "region": "Maritime", "population": 396225, "densite_hab_km2": 8092.6, "n_agences": 2, "n_mobile_money": 777, "n_mm_togocom": 659, "n_mm_moov": 575, "n_mm_multi": 559, "mm_pour_10k": 19.6, "agences_pour_100k": 0.5, "habitants_par_mm": 510.0, "couverture_mobile_pct": 100.0, "mm_1km_pct": 80.63, "togocom_5km_pct": 97.81, "n_banques": 0, "n_microfinance": 14, "n_postes": 2, "n_distributeurs": 2, "n_marches": 3, "n_ecoles": 185, "n_superieur": 5, "habitants_pres_marche": 437169, "habitants_pres_ecole": 437268, "indice_acces": 73.6, "distance_route_km": 0.03 }, "geometry": { "type": "Polygon", "coordinates": [ [ [ 1.14492015, 6.20379086 ], [ 1.18940693, 6.16785107 ], [ 1.08248805, 6.16799486 ], [ 1.0935212, 6.22841937 ], [ 1.15039186, 6.21283592 ], [ 1.14492015, 6.20379086 ] ] ] } },
{ "type": "Feature", "properties": { "canton_id": "A05018029", "canton": "Aného", "commune": "Lacs 1", "prefecture": "Lacs", "region": "Maritime", "population": 12515, "densite_hab_km2": 1259.6, "n_agences": 0, "n_mobile_money": 57, "n_mm_togocom": 43, "n_mm_moov": 45, "n_mm_multi": 38, "mm_pour_10k": 45.5, "agences_pour_100k": 0.0, "habitants_par_mm": 220.0, "couverture_mobile_pct": 100.0, "mm_1km_pct": 100.0, "togocom_5km_pct": 0.0, "n_banques": 1, "n_microfinance": 0, "n_postes": 1, "n_distributeurs": 0, "n_marches": 1, "n_ecoles": 9, "n_superieur": 0, "habitants_pres_marche": 14682, "habitants_pres_ecole": 14682, "indice_acces": 68.1, "distance_route_km": 0.53 }, "geometry": { "type": "Polygon", "coordinates": [ [ [ 1.6008429, 6.24156026 ], [ 1.59914241, 6.23164761 ], [ 1.60653466, 6.22864545 ], [ 1.56714716, 6.22114432 ], [ 1.56158174, 6.24147471 ], [ 1.57559573, 6.24314929 ], [ 1.58321729, 6.2529664 ], [ 1.6008429, 6.24156026 ] ] ] } },
{ "type": "Feature", "properties": { "canton_id": "A05018030", "canton": "Glidji", "commune": "Lacs 1", "prefecture": "Lacs", "region": "Maritime", "population": 21261, "densite_hab_km2": 664.4, "n_agences": 0, "n_mobile_money": 32, "n_mm_togocom": 27, "n_mm_moov": 28, "n_mm_multi": 27, "mm_pour_10k": 15.1, "agences_pour_100k": 0.0, "habitants_par_mm": 664.0, "couverture_mobile_pct": 100.0, "mm_1km_pct": 72.0, "togocom_5km_pct": 0.0, "n_banques": 0, "n_microfinance": 0, "n_postes": 0, "n_distributeurs": 0, "n_marches": 3, "n_ecoles": 19, "n_superieur": 0, "habitants_pres_marche": 1173, "habitants_pres_ecole": 1163, "indice_acces": 56.1, "distance_route_km": 0.06 }, "geometry": { "type": "Polygon", "coordinates": [ [ [ 1.59207331, 6.28675835 ], [ 1.61321567, 6.28253716 ], [ 1.61410443, 6.26976752 ], [ 1.63367558, 6.25888011 ], [ 1.65167629, 6.26476274 ], [ 1.65761299, 6.25976685 ], [ 1.65544061, 6.25055045 ], [ 1.644542, 6.24433599 ], [ 1.63720298, 6.247917 ], [ 1.6008429, 6.24156026 ], [ 1.56795947, 6.26342084 ], [ 1.56176424, 6.28516462 ], [ 1.5863098, 6.29653838 ], [ 1.59207331, 6.28675835 ] ] ] } },
{ "type": "Feature", "properties": { "canton_id": "A05019032", "canton": "Aklakou", "commune": "Lacs 2", "prefecture": "Lacs", "region": "Maritime", "population": 11952, "densite_hab_km2": 108.0, "n_agences": 0, "n_mobile_money": 28, "n_mm_togocom": 15, "n_mm_moov": 19, "n_mm_multi": 11, "mm_pour_10k": 23.4, "agences_pour_100k": 0.0, "habitants_par_mm": 427.0, "couverture_mobile_pct": 99.93, "mm_1km_pct": 75.49, "togocom_5km_pct": 0.0, "n_banques": 1, "n_microfinance": 1, "n_postes": 1, "n_distributeurs": 0, "n_marches": 1, "n_ecoles": 21, "n_superieur": 0, "habitants_pres_marche": 12098, "habitants_pres_ecole": 12984, "indice_acces": 50.4, "distance_route_km": 0.06 }, "geometry": { "type": "Polygon", "coordinates": [ [ [ 1.74412518, 6.38792914 ], [ 1.78465989, 6.38267386 ], [ 1.78669816, 6.35076216 ], [ 1.77976648, 6.3440687 ], [ 1.79657938, 6.32109077 ], [ 1.79507274, 6.31093418 ], [ 1.78781159, 6.30784912 ], [ 1.80797926, 6.28642014 ], [ 1.78969159, 6.28018087 ], [ 1.78262699, 6.28808694 ], [ 1.742375, 6.28998686 ], [ 1.70265559, 6.30413706 ], [ 1.70594983, 6.30852914 ], [ 1.68558686, 6.33678626 ], [ 1.69275078, 6.34689783 ], [ 1.68252855, 6.37071435 ], [ 1.70881759, 6.37696382 ], [ 1.70995194, 6.39002272 ], [ 1.74412518, 6.38792914 ] ] ] } },
{ "type": "Feature", "properties": { "canton_id": "A05018031", "canton": "Canton D’Aneho", "commune": "Lacs 1", "prefecture": "Lacs", "region": "Maritime", "population": 9441, "densite_hab_km2": 1925.3, "n_agences": 0, "n_mobile_money": 83, "n_mm_togocom": 71, "n_mm_moov": 69, "n_mm_multi": 62, "mm_pour_10k": 87.9, "agences_pour_100k": 0.0, "habitants_par_mm": 114.0, "couverture_mobile_pct": 100.0, "mm_1km_pct": 100.0, "togocom_5km_pct": 0.0, "n_banques": 6, "n_microfinance": 3, "n_postes": 0, "n_distributeurs": 0, "n_marches": 2, "n_ecoles": 14, "n_superieur": 0, "habitants_pres_marche": 6206, "habitants_pres_ecole": 6206, "indice_acces": 70.7, "distance_route_km": 0.01 }, "geometry": { "type": "Polygon", "coordinates": [ [ [ 1.60653005, 6.23096617 ], [ 1.59914241, 6.23164761 ], [ 1.6008429, 6.24156026 ], [ 1.63561634, 6.24774295 ], [ 1.63683769, 6.23629932 ], [ 1.60653005, 6.23096617 ] ] ] } },
{ "type": "Feature", "properties": { "canton_id": "A05021035", "canton": "Anfoin", "commune": "Lacs 4", "prefecture": "Lacs", "region": "Maritime", "population": 13749, "densite_hab_km2": 850.0, "n_agences": 0, "n_mobile_money": 47, "n_mm_togocom": 33, "n_mm_moov": 37, "n_mm_multi": 33, "mm_pour_10k": 34.2, "agences_pour_100k": 0.0, "habitants_par_mm": 293.0, "couverture_mobile_pct": 100.0, "mm_1km_pct": 85.53, "togocom_5km_pct": 0.0, "n_banques": 1, "n_microfinance": 2, "n_postes": 1, "n_distributeurs": 0, "n_marches": 1, "n_ecoles": 9, "n_superieur": 0, "habitants_pres_marche": 11753, "habitants_pres_ecole": 11753, "indice_acces": 65.7, "distance_route_km": 0.0 }, "geometry": { "type": "Polygon", "coordinates": [ [ [ 1.63269372, 6.36121256 ], [ 1.6354559, 6.35458379 ], [ 1.61698025, 6.33112961 ], [ 1.61865715, 6.31490936 ], [ 1.59934868, 6.31475055 ], [ 1.59385701, 6.35250967 ], [ 1.60742822, 6.36121069 ], [ 1.63269372, 6.36121256 ] ] ] } },
{ "type": "Feature", "properties": { "canton_id": "A05021036", "canton": "Fiata", "commune": "Lacs 4", "prefecture": "Lacs", "region": "Maritime", "population": 19662, "densite_hab_km2": 340.8, "n_agences": 0, "n_mobile_money": 25, "n_mm_togocom": 16, "n_mm_moov": 23, "n_mm_multi": 16, "mm_pour_10k": 12.7, "agences_pour_100k": 0.0, "habitants_par_mm": 786.0, "couverture_mobile_pct": 100.0, "mm_1km_pct": 66.01, "togocom_5km_pct": 0.0, "n_banques": 0, "n_microfinance": 0, "n_postes": 0, "n_distributeurs": 0, "n_marches": 2, "n_ecoles": 27, "n_superieur": 0, "habitants_pres_marche": 16753, "habitants_pres_ecole": 17058, "indice_acces": 53.6, "distance_route_km": 0.02 }, "geometry": { "type": "Polygon", "coordinates": [ [ [ 1.70265559, 6.30413706 ], [ 1.69211541, 6.29129699 ], [ 1.66674198, 6.28599765 ], [ 1.61675573, 6.29658244 ], [ 1.63710647, 6.33057268 ], [ 1.64845084, 6.32901345 ], [ 1.65608051, 6.33889248 ], [ 1.63283743, 6.34357797 ], [ 1.63012939, 6.34999156 ], [ 1.63699517, 6.36108899 ], [ 1.64704607, 6.3607009 ], [ 1.65615332, 6.36993189 ], [ 1.68252855, 6.37071435 ], [ 1.69275078, 6.34689783 ], [ 1.68558686, 6.33678626 ], [ 1.70594983, 6.30852914 ], [ 1.70265559, 6.30413706 ] ] ] } },
{ "type": "Feature", "properties": { "canton_id": "A05019033", "canton": "Agouégan", "commune": "Lacs 2", "prefecture": "Lacs", "region": "Maritime", "population": 9107, "densite_hab_km2": 215.0, "n_agences": 0, "n_mobile_money": 12, "n_mm_togocom": 11, "n_mm_moov": 11, "n_mm_multi": 10, "mm_pour_10k": 13.2, "agences_pour_100k": 0.0, "habitants_par_mm": 759.0, "couverture_mobile_pct": 100.0, "mm_1km_pct": 51.94, "togocom_5km_pct": 0.0, "n_banques": 0, "n_microfinance": 0, "n_postes": 0, "n_distributeurs": 0, "n_marches": 1, "n_ecoles": 14, "n_superieur": 0, "habitants_pres_marche": 10639, "habitants_pres_ecole": 15330, "indice_acces": 54.2, "distance_route_km": 0.11 }, "geometry": { "type": "Polygon", "coordinates": [ [ [ 1.742375, 6.28998686 ], [ 1.77765199, 6.28636373 ], [ 1.76715785, 6.27289159 ], [ 1.74698343, 6.27298656 ], [ 1.73105213, 6.26327968 ], [ 1.6811249, 6.25653388 ], [ 1.67461925, 6.2510063 ], [ 1.65898745, 6.24904867 ], [ 1.65761299, 6.25976685 ], [ 1.64349404, 6.26208887 ], [ 1.66708034, 6.28603137 ], [ 1.69211541, 6.29129699 ], [ 1.70265559, 6.30413706 ], [ 1.742375, 6.28998686 ] ] ] } },
{ "type": "Feature", "properties": { "canton_id": "A05020034", "canton": "Agbodrafo", "commune": "Lacs 3", "prefecture": "Lacs", "region": "Maritime", "population": 42661, "densite_hab_km2": 1204.1, "n_agences": 0, "n_mobile_money": 179, "n_mm_togocom": 144, "n_mm_moov": 152, "n_mm_multi": 134, "mm_pour_10k": 42.0, "agences_pour_100k": 0.0, "habitants_par_mm": 238.0, "couverture_mobile_pct": 100.0, "mm_1km_pct": 99.81, "togocom_5km_pct": 0.0, "n_banques": 1, "n_microfinance": 2, "n_postes": 1, "n_distributeurs": 0, "n_marches": 3, "n_ecoles": 31, "n_superieur": 0, "habitants_pres_marche": 49029, "habitants_pres_ecole": 49029, "indice_acces": 67.9, "distance_route_km": 0.02 }, "geometry": { "type": "Polygon", "coordinates": [ [ [ 1.43706971, 6.19209038 ], [ 1.4449084, 6.22964735 ], [ 1.45191662, 6.22386679 ], [ 1.47389435, 6.22378672 ], [ 1.56158174, 6.24147471 ], [ 1.56714716, 6.22114432 ], [ 1.43706971, 6.19209038 ] ] ] } },
{ "type": "Feature", "properties": { "canton_id": "A05021037", "canton": "Ganavé", "commune": "Lacs 4", "prefecture": "Lacs", "region": "Maritime", "population": 14693, "densite_hab_km2": 449.7, "n_agences": 0, "n_mobile_money": 14, "n_mm_togocom": 11, "n_mm_moov": 13, "n_mm_multi": 11, "mm_pour_10k": 9.5, "agences_pour_100k": 0.0, "habitants_par_mm": 1050.0, "couverture_mobile_pct": 100.0, "mm_1km_pct": 84.33, "togocom_5km_pct": 0.0, "n_banques": 0, "n_microfinance": 0, "n_postes": 0, "n_distributeurs": 0, "n_marches": 1, "n_ecoles": 16, "n_superieur": 0, "habitants_pres_marche": 6342, "habitants_pres_ecole": 6323, "indice_acces": 49.7, "distance_route_km": 0.02 }, "geometry": { "type": "Polygon", "coordinates": [ [ [ 1.64349404, 6.26208887 ], [ 1.63367558, 6.25888011 ], [ 1.61410443, 6.26976752 ], [ 1.61321567, 6.28253716 ], [ 1.59207331, 6.28675835 ], [ 1.5863098, 6.29653838 ], [ 1.59934868, 6.31475055 ], [ 1.61865715, 6.31490936 ], [ 1.61698025, 6.33112961 ], [ 1.63012939, 6.34999156 ], [ 1.63283743, 6.34357797 ], [ 1.65608051, 6.33889248 ], [ 1.64845084, 6.32901345 ], [ 1.63710647, 6.33057268 ], [ 1.61675573, 6.29658244 ], [ 1.66708034, 6.28603137 ], [ 1.64349404, 6.26208887 ] ] ] } },
{ "type": "Feature", "properties": { "canton_id": "A06022038", "canton": "Vogan", "commune": "Vo 1", "prefecture": "Vo", "region": "Maritime", "population": 64546, "densite_hab_km2": 445.6, "n_agences": 0, "n_mobile_money": 175, "n_mm_togocom": 133, "n_mm_moov": 168, "n_mm_multi": 131, "mm_pour_10k": 27.1, "agences_pour_100k": 0.0, "habitants_par_mm": 369.0, "couverture_mobile_pct": 100.0, "mm_1km_pct": 57.73, "togocom_5km_pct": 0.0, "n_banques": 4, "n_microfinance": 4, "n_postes": 1, "n_distributeurs": 3, "n_marches": 2, "n_ecoles": 75, "n_superieur": 0, "habitants_pres_marche": 51932, "habitants_pres_ecole": 56928, "indice_acces": 63.3, "distance_route_km": 0.02 }, "geometry": { "type": "Polygon", "coordinates": [ [ [ 1.44418553, 6.34137086 ], [ 1.46546196, 6.36253732 ], [ 1.4692337, 6.39053165 ], [ 1.49448574, 6.40051762 ], [ 1.52288869, 6.39577156 ], [ 1.54030284, 6.4051236 ], [ 1.5539326, 6.38402749 ], [ 1.54535186, 6.37558033 ], [ 1.5555211, 6.36190991 ], [ 1.54690656, 6.34635873 ], [ 1.58295288, 6.31393847 ], [ 1.59812591, 6.31681661 ], [ 1.59913024, 6.31097165 ], [ 1.5863098, 6.29653838 ], [ 1.56176424, 6.28516462 ], [ 1.53294199, 6.28427325 ], [ 1.50214259, 6.26806724 ], [ 1.47735127, 6.29238672 ], [ 1.44418553, 6.34137086 ] ] ] } },
{ "type": "Feature", "properties": { "canton_id": "A06022039", "canton": "Vo-Koutimé", "commune": "Vo 1", "prefecture": "Vo", "region": "Maritime", "population": 14084, "densite_hab_km2": 328.2, "n_agences": 0, "n_mobile_money": 36, "n_mm_togocom": 16, "n_mm_moov": 31, "n_mm_multi": 16, "mm_pour_10k": 25.6, "agences_pour_100k": 0.0, "habitants_par_mm": 391.0, "couverture_mobile_pct": 100.0, "mm_1km_pct": 88.93, "togocom_5km_pct": 0.0, "n_banques": 0, "n_microfinance": 0, "n_postes": 0, "n_distributeurs": 0, "n_marches": 3, "n_ecoles": 26, "n_superieur": 0, "habitants_pres_marche": 22270, "habitants_pres_ecole": 22270, "indice_acces": 62.7, "distance_route_km": 0.29 }, "geometry": { "type": "Polygon", "coordinates": [ [ [ 1.59006828, 6.4000059 ], [ 1.59966979, 6.39875934 ], [ 1.60527674, 6.39047978 ], [ 1.60742822, 6.36121069 ], [ 1.59385701, 6.35250967 ], [ 1.59812591, 6.31681661 ], [ 1.58295288, 6.31393847 ], [ 1.54690656, 6.34635873 ], [ 1.5555211, 6.36190991 ], [ 1.54535186, 6.37558033 ], [ 1.56574285, 6.38017675 ], [ 1.56941922, 6.40564133 ], [ 1.58125481, 6.40849732 ], [ 1.59006828, 6.4000059 ] ] ] } },
{ "type": "Feature", "properties": { "canton_id": "A06023040", "canton": "Togoville", "commune": "Vo 2", "prefecture": "Vo", "region": "Maritime", "population": 16181, "densite_hab_km2": 235.6, "n_agences": 0, "n_mobile_money": 45, "n_mm_togocom": 20, "n_mm_moov": 41, "n_mm_multi": 19, "mm_pour_10k": 27.8, "agences_pour_100k": 0.0, "habitants_par_mm": 360.0, "couverture_mobile_pct": 100.0, "mm_1km_pct": 96.82, "togocom_5km_pct": 0.0, "n_banques": 0, "n_microfinance": 1, "n_postes": 0, "n_distributeurs": 0, "n_marches": 4, "n_ecoles": 21, "n_superieur": 0, "habitants_pres_marche": 8576, "habitants_pres_ecole": 8523, "indice_acces": 63.7, "distance_route_km": 0.03 }, "geometry": { "type": "Polygon", "coordinates": [ [ [ 1.50214259, 6.26806724 ], [ 1.54253006, 6.23594729 ], [ 1.45191662, 6.22386679 ], [ 1.39866981, 6.26748968 ], [ 1.47735127, 6.29238672 ], [ 1.50214259, 6.26806724 ] ] ] } },
{ "type": "Feature", "properties": { "canton_id": "A06023041", "canton": "Anyron-Kopé", "commune": "Vo 2", "prefecture": "Vo", "region": "Maritime", "population": 3415, "densite_hab_km2": 124.5, "n_agences": 0, "n_mobile_money": 7, "n_mm_togocom": 6, "n_mm_moov": 7, "n_mm_multi": 6, "mm_pour_10k": 20.5, "agences_pour_100k": 0.0, "habitants_par_mm": 488.0, "couverture_mobile_pct": 100.0, "mm_1km_pct": 47.92, "togocom_5km_pct": 0.0, "n_banques": 0, "n_microfinance": 0, "n_postes": 0, "n_distributeurs": 0, "n_marches": 2, "n_ecoles": 8, "n_superieur": 0, "habitants_pres_marche": 422, "habitants_pres_ecole": 413, "indice_acces": 59.6, "distance_route_km": 0.24 }, "geometry": { "type": "Polygon", "coordinates": [ [ [ 1.50214259, 6.26806724 ], [ 1.53294199, 6.28427325 ], [ 1.56176424, 6.28516462 ], [ 1.56795947, 6.26342084 ], [ 1.58321729, 6.2529664 ], [ 1.57559573, 6.24314929 ], [ 1.54253006, 6.23594729 ], [ 1.50214259, 6.26806724 ] ] ] } },
{ "type": "Feature", "properties": { "canton_id": "A05020035", "canton": "A05020035", "commune": "A05020035", "prefecture": "A05020035", "region": "Maritime", "population": 57378, "densite_hab_km2": 1293.4, "n_agences": 0, "n_mobile_money": 264, "n_mm_togocom": 253, "n_mm_moov": 245, "n_mm_multi": 239, "mm_pour_10k": 46.0, "agences_pour_100k": 0.0, "habitants_par_mm": 217.0, "couverture_mobile_pct": 100.0, "mm_1km_pct": 99.44, "togocom_5km_pct": 8.58, "n_banques": 0, "n_microfinance": 3, "n_postes": 0, "n_distributeurs": 0, "n_marches": 2, "n_ecoles": 62, "n_superieur": 0, "habitants_pres_marche": 73673, "habitants_pres_ecole": 73320, "indice_acces": 68.4, "distance_route_km": 0.46 }, "geometry": { "type": "Polygon", "coordinates": [ [ [ 1.44396758, 6.22724149 ], [ 1.43706971, 6.19209038 ], [ 1.38091289, 6.17910633 ], [ 1.37949251, 6.19353861 ], [ 1.39286511, 6.23598348 ], [ 1.39136427, 6.27354698 ], [ 1.44396758, 6.22724149 ] ] ] } },
{ "type": "Feature", "properties": { "canton_id": "A06024042", "canton": "Dagbati", "commune": "Vo 3", "prefecture": "Vo", "region": "Maritime", "population": 19622, "densite_hab_km2": 122.5, "n_agences": 0, "n_mobile_money": 26, "n_mm_togocom": 15, "n_mm_moov": 26, "n_mm_multi": 15, "mm_pour_10k": 13.3, "agences_pour_100k": 0.0, "habitants_par_mm": 755.0, "couverture_mobile_pct": 100.0, "mm_1km_pct": 36.06, "togocom_5km_pct": 0.14, "n_banques": 0, "n_microfinance": 0, "n_postes": 0, "n_distributeurs": 0, "n_marches": 2, "n_ecoles": 46, "n_superieur": 0, "habitants_pres_marche": 32918, "habitants_pres_ecole": 34007, "indice_acces": 54.4, "distance_route_km": 0.09 }, "geometry": { "type": "Polygon", "coordinates": [ [ [ 1.40476603, 6.49728055 ], [ 1.4419486, 6.56052596 ], [ 1.49824982, 6.56711818 ], [ 1.51636365, 6.50932386 ], [ 1.53976626, 6.4931131 ], [ 1.53981322, 6.47076004 ], [ 1.53074555, 6.46240355 ], [ 1.52991439, 6.44980149 ], [ 1.53848438, 6.42585889 ], [ 1.53321187, 6.41315733 ], [ 1.54033598, 6.40509581 ], [ 1.52288869, 6.39577156 ], [ 1.49448574, 6.40051762 ], [ 1.47110571, 6.3911377 ], [ 1.46749164, 6.3939597 ], [ 1.48311095, 6.41920486 ], [ 1.46648362, 6.44482833 ], [ 1.47394134, 6.46498188 ], [ 1.40476603, 6.49728055 ] ] ] } },
{ "type": "Feature", "properties": { "canton_id": "A06024043", "canton": "Dzrékpo", "commune": "Vo 3", "prefecture": "Vo", "region": "Maritime", "population": 20784, "densite_hab_km2": 476.5, "n_agences": 0, "n_mobile_money": 58, "n_mm_togocom": 41, "n_mm_moov": 55, "n_mm_multi": 40, "mm_pour_10k": 27.9, "agences_pour_100k": 0.0, "habitants_par_mm": 358.0, "couverture_mobile_pct": 100.0, "mm_1km_pct": 78.89, "togocom_5km_pct": 0.0, "n_banques": 0, "n_microfinance": 2, "n_postes": 0, "n_distributeurs": 0, "n_marches": 2, "n_ecoles": 33, "n_superieur": 0, "habitants_pres_marche": 22377, "habitants_pres_ecole": 22712, "indice_acces": 63.8, "distance_route_km": 0.18 }, "geometry": { "type": "Polygon", "coordinates": [ [ [ 1.57149997, 6.47570195 ], [ 1.5726728, 6.4534653 ], [ 1.60527674, 6.39047978 ], [ 1.59966979, 6.39875934 ], [ 1.57612174, 6.40769632 ], [ 1.56941922, 6.40564133 ], [ 1.56574285, 6.38017675 ], [ 1.54535186, 6.37558033 ], [ 1.5539326, 6.38402749 ], [ 1.53321187, 6.41315733 ], [ 1.53848438, 6.42585889 ], [ 1.53074555, 6.46240355 ], [ 1.56428764, 6.46184269 ], [ 1.56388854, 6.47414637 ], [ 1.55703507, 6.48018387 ], [ 1.5615745, 6.49118967 ], [ 1.57834117, 6.48847488 ], [ 1.57149997, 6.47570195 ] ] ] } },
{ "type": "Feature", "properties": { "canton_id": "A06024044", "canton": "Mome-Hounkpati", "commune": "Vo 3", "prefecture": "Vo", "region": "Maritime", "population": 8200, "densite_hab_km2": 223.7, "n_agences": 0, "n_mobile_money": 16, "n_mm_togocom": 15, "n_mm_moov": 16, "n_mm_multi": 15, "mm_pour_10k": 19.5, "agences_pour_100k": 0.0, "habitants_par_mm": 512.0, "couverture_mobile_pct": 100.0, "mm_1km_pct": 82.36, "togocom_5km_pct": 0.19, "n_banques": 0, "n_microfinance": 0, "n_postes": 0, "n_distributeurs": 0, "n_marches": 1, "n_ecoles": 15, "n_superieur": 0, "habitants_pres_marche": 8937, "habitants_pres_ecole": 9377, "indice_acces": 58.8, "distance_route_km": 0.56 }, "geometry": { "type": "Polygon", "coordinates": [ [ [ 1.49824982, 6.56711818 ], [ 1.52398299, 6.56924203 ], [ 1.5615745, 6.49118967 ], [ 1.55703507, 6.48018387 ], [ 1.56388854, 6.47414637 ], [ 1.56428764, 6.46184269 ], [ 1.53074555, 6.46240355 ], [ 1.53981322, 6.47076004 ], [ 1.53976626, 6.4931131 ], [ 1.51636365, 6.50932386 ], [ 1.49824982, 6.56711818 ] ] ] } },
{ "type": "Feature", "properties": { "canton_id": "A06025045", "canton": "Sévagan", "commune": "Vo 4", "prefecture": "Vo", "region": "Maritime", "population": 6061, "densite_hab_km2": 99.6, "n_agences": 0, "n_mobile_money": 15, "n_mm_togocom": 12, "n_mm_moov": 15, "n_mm_multi": 12, "mm_pour_10k": 24.7, "agences_pour_100k": 0.0, "habitants_par_mm": 404.0, "couverture_mobile_pct": 100.0, "mm_1km_pct": 36.47, "togocom_5km_pct": 0.0, "n_banques": 0, "n_microfinance": 0, "n_postes": 0, "n_distributeurs": 0, "n_marches": 1, "n_ecoles": 15, "n_superieur": 0, "habitants_pres_marche": 3738, "habitants_pres_ecole": 3738, "indice_acces": 62.0, "distance_route_km": 0.14 }, "geometry": { "type": "Polygon", "coordinates": [ [ [ 1.3809176, 6.32869722 ], [ 1.41353312, 6.34670784 ], [ 1.42802339, 6.347693 ], [ 1.44908726, 6.33664974 ], [ 1.44807448, 6.32987466 ], [ 1.47735127, 6.29238672 ], [ 1.39866981, 6.26748968 ], [ 1.37865639, 6.29259835 ], [ 1.38692016, 6.30624209 ], [ 1.37819982, 6.31722292 ], [ 1.3809176, 6.32869722 ] ] ] } },
{ "type": "Feature", "properties": { "canton_id": "A06025046", "canton": "Hahotoé", "commune": "Vo 4", "prefecture": "Vo", "region": "Maritime", "population": 21540, "densite_hab_km2": 468.1, "n_agences": 0, "n_mobile_money": 55, "n_mm_togocom": 44, "n_mm_moov": 54, "n_mm_multi": 44, "mm_pour_10k": 25.5, "agences_pour_100k": 0.0, "habitants_par_mm": 392.0, "couverture_mobile_pct": 100.0, "mm_1km_pct": 96.55, "togocom_5km_pct": 0.0, "n_banques": 1, "n_microfinance": 4, "n_postes": 1, "n_distributeurs": 0, "n_marches": 1, "n_ecoles": 19, "n_superieur": 0, "habitants_pres_marche": 16176, "habitants_pres_ecole": 16273, "indice_acces": 62.6, "distance_route_km": 0.03 }, "geometry": { "type": "Polygon", "coordinates": [ [ [ 1.36941558, 6.42232955 ], [ 1.38723373, 6.42269506 ], [ 1.41322339, 6.41074417 ], [ 1.41046592, 6.38616238 ], [ 1.43820627, 6.36815261 ], [ 1.43280592, 6.34414884 ], [ 1.41353312, 6.34670784 ], [ 1.37676815, 6.33053502 ], [ 1.38449635, 6.3780384 ], [ 1.36765806, 6.39874342 ], [ 1.36941558, 6.42232955 ] ] ] } },
{ "type": "Feature", "properties": { "canton_id": "A06025047", "canton": "Akoumapé", "commune": "Vo 4", "prefecture": "Vo", "region": "Maritime", "population": 19856, "densite_hab_km2": 172.5, "n_agences": 0, "n_mobile_money": 43, "n_mm_togocom": 31, "n_mm_moov": 41, "n_mm_multi": 31, "mm_pour_10k": 21.7, "agences_pour_100k": 0.0, "habitants_par_mm": 462.0, "couverture_mobile_pct": 100.0, "mm_1km_pct": 79.6, "togocom_5km_pct": 0.0, "n_banques": 0, "n_microfinance": 1, "n_postes": 0, "n_distributeurs": 0, "n_marches": 2, "n_ecoles": 23, "n_superieur": 0, "habitants_pres_marche": 18112, "habitants_pres_ecole": 18012, "indice_acces": 60.5, "distance_route_km": 0.35 }, "geometry": { "type": "Polygon", "coordinates": [ [ [ 1.36633558, 6.44946453 ], [ 1.38418365, 6.46226496 ], [ 1.40476603, 6.49728055 ], [ 1.47394134, 6.46498188 ], [ 1.46648362, 6.44482833 ], [ 1.48311095, 6.41920486 ], [ 1.46749164, 6.3939597 ], [ 1.46546196, 6.36253732 ], [ 1.44418553, 6.34137086 ], [ 1.43280592, 6.34414884 ], [ 1.43820627, 6.36815261 ], [ 1.41046592, 6.38616238 ], [ 1.41322339, 6.41074417 ], [ 1.38723373, 6.42269506 ], [ 1.36941558, 6.42232955 ], [ 1.37392025, 6.44098321 ], [ 1.36633558, 6.44946453 ] ] ] } },
{ "type": "Feature", "properties": { "canton_id": "A08029060", "canton": "Tsévié", "commune": "Zio 1", "prefecture": "Zio", "region": "Maritime", "population": 48505, "densite_hab_km2": 495.1, "n_agences": 2, "n_mobile_money": 157, "n_mm_togocom": 136, "n_mm_moov": 134, "n_mm_multi": 126, "mm_pour_10k": 32.4, "agences_pour_100k": 4.12, "habitants_par_mm": 309.0, "couverture_mobile_pct": 100.0, "mm_1km_pct": 93.73, "togocom_5km_pct": 94.96, "n_banques": 4, "n_microfinance": 7, "n_postes": 1, "n_distributeurs": 4, "n_marches": 4, "n_ecoles": 72, "n_superieur": 3, "habitants_pres_marche": 50443, "habitants_pres_ecole": 49635, "indice_acces": 82.3, "distance_route_km": 0.08 }, "geometry": { "type": "Polygon", "coordinates": [ [ [ 1.14450986, 6.55614721 ], [ 1.21794299, 6.52607754 ], [ 1.2313711, 6.50700331 ], [ 1.25907725, 6.41187301 ], [ 1.19149229, 6.39473616 ], [ 1.17088407, 6.40464187 ], [ 1.19291382, 6.44164409 ], [ 1.18210427, 6.5122891 ], [ 1.14450986, 6.55614721 ] ] ] } },
{ "type": "Feature", "properties": { "canton_id": "A07026048", "canton": "Tabligbo", "commune": "Yoto 1", "prefecture": "Yoto", "region": "Maritime", "population": 40813, "densite_hab_km2": 683.2, "n_agences": 1, "n_mobile_money": 55, "n_mm_togocom": 40, "n_mm_moov": 39, "n_mm_multi": 24, "mm_pour_10k": 13.5, "agences_pour_100k": 2.45, "habitants_par_mm": 742.0, "couverture_mobile_pct": 100.0, "mm_1km_pct": 97.65, "togocom_5km_pct": 99.66, "n_banques": 4, "n_microfinance": 4, "n_postes": 1, "n_distributeurs": 1, "n_marches": 3, "n_ecoles": 38, "n_superieur": 1, "habitants_pres_marche": 31499, "habitants_pres_ecole": 31287, "indice_acces": 71.1, "distance_route_km": 0.02 }, "geometry": { "type": "Polygon", "coordinates": [ [ [ 1.51957828, 6.61099183 ], [ 1.53842279, 6.57334918 ], [ 1.4419486, 6.56052596 ], [ 1.42798583, 6.56512119 ], [ 1.44840137, 6.62181552 ], [ 1.50191826, 6.62085875 ], [ 1.51957828, 6.61099183 ] ] ] } },
{ "type": "Feature", "properties": { "canton_id": "A07026049", "canton": "Amoussimé", "commune": "Yoto 1", "prefecture": "Yoto", "region": "Maritime", "population": 10923, "densite_hab_km2": 227.8, "n_agences": 0, "n_mobile_money": 7, "n_mm_togocom": 4, "n_mm_moov": 6, "n_mm_multi": 3, "mm_pour_10k": 6.4, "agences_pour_100k": 0.0, "habitants_par_mm": 1560.0, "couverture_mobile_pct": 100.0, "mm_1km_pct": 66.4, "togocom_5km_pct": 39.11, "n_banques": 0, "n_microfinance": 0, "n_postes": 0, "n_distributeurs": 0, "n_marches": 0, "n_ecoles": 18, "n_superieur": 0, "habitants_pres_marche": 13242, "habitants_pres_ecole": 13230, "indice_acces": 45.0, "distance_route_km": 0.0 }, "geometry": { "type": "Polygon", "coordinates": [ [ [ 1.53866898, 6.66169874 ], [ 1.55216709, 6.66322585 ], [ 1.56111037, 6.65713092 ], [ 1.54382225, 6.63118029 ], [ 1.54823004, 6.61890686 ], [ 1.52709853, 6.60837741 ], [ 1.50191826, 6.62085875 ], [ 1.44840137, 6.62181552 ], [ 1.46182715, 6.6631243 ], [ 1.51197584, 6.65315267 ], [ 1.53866898, 6.66169874 ] ] ] } },
{ "type": "Feature", "properties": { "canton_id": "A07026050", "canton": "Kouvé", "commune": "Yoto 1", "prefecture": "Yoto", "region": "Maritime", "population": 28654, "densite_hab_km2": 86.4, "n_agences": 0, "n_mobile_money": 18, "n_mm_togocom": 8, "n_mm_moov": 16, "n_mm_multi": 6, "mm_pour_10k": 6.3, "agences_pour_100k": 0.0, "habitants_par_mm": 1592.0, "couverture_mobile_pct": 99.33, "mm_1km_pct": 77.62, "togocom_5km_pct": 0.0, "n_banques": 0, "n_microfinance": 2, "n_postes": 0, "n_distributeurs": 0, "n_marches": 6, "n_ecoles": 34, "n_superieur": 0, "habitants_pres_marche": 26050, "habitants_pres_ecole": 24559, "indice_acces": 33.2, "distance_route_km": 0.31 }, "geometry": { "type": "Polygon", "coordinates": [ [ [ 1.45813307, 6.79975005 ], [ 1.47511038, 6.77528482 ], [ 1.49349747, 6.77828644 ], [ 1.50137652, 6.77551137 ], [ 1.50057715, 6.76855855 ], [ 1.48214229, 6.76547266 ], [ 1.46989265, 6.74554881 ], [ 1.41481939, 6.72606715 ], [ 1.40674178, 6.7159054 ], [ 1.4584165, 6.67948542 ], [ 1.46182715, 6.6631243 ], [ 1.4489209, 6.62359921 ], [ 1.39206763, 6.6380907 ], [ 1.35832845, 6.65569396 ], [ 1.35731035, 6.68599993 ], [ 1.36640945, 6.69336627 ], [ 1.35095217, 6.73926109 ], [ 1.3069393, 6.74852154 ], [ 1.2884173, 6.74379964 ], [ 1.25294343, 6.75630798 ], [ 1.30444789, 6.805269 ], [ 1.39526558, 6.85675341 ], [ 1.43661829, 6.85820475 ], [ 1.46512016, 6.85135823 ], [ 1.46712346, 6.82728997 ], [ 1.45813307, 6.79975005 ] ] ] } },
{ "type": "Feature", "properties": { "canton_id": "A07026051", "canton": "Kini-Kondji", "commune": "Yoto 1", "prefecture": "Yoto", "region": "Maritime", "population": 3692, "densite_hab_km2": 122.6, "n_agences": 0, "n_mobile_money": 2, "n_mm_togocom": 1, "n_mm_moov": 1, "n_mm_multi": 0, "mm_pour_10k": 5.4, "agences_pour_100k": 0.0, "habitants_par_mm": 1846.0, "couverture_mobile_pct": 100.0, "mm_1km_pct": 64.84, "togocom_5km_pct": 48.06, "n_banques": 0, "n_microfinance": 0, "n_postes": 0, "n_distributeurs": 0, "n_marches": 1, "n_ecoles": 9, "n_superieur": 0, "habitants_pres_marche": 3614, "habitants_pres_ecole": 3543, "indice_acces": 44.0, "distance_route_km": 1.75 }, "geometry": { "type": "Polygon", "coordinates": [ [ [ 1.55819957, 6.61731725 ], [ 1.56548927, 6.60698785 ], [ 1.59696328, 6.60375952 ], [ 1.59836953, 6.59702731 ], [ 1.61219926, 6.59203172 ], [ 1.63780781, 6.5923287 ], [ 1.64646628, 6.58062189 ], [ 1.58442259, 6.58759552 ], [ 1.53842279, 6.57334918 ], [ 1.51957828, 6.61099183 ], [ 1.52709853, 6.60837741 ], [ 1.55391974, 6.62144187 ], [ 1.55819957, 6.61731725 ] ] ] } },
{ "type": "Feature", "properties": { "canton_id": "A07027052", "canton": "Tchékpo", "commune": "Yoto 2", "prefecture": "Yoto", "region": "Maritime", "population": 16109, "densite_hab_km2": 115.6, "n_agences": 0, "n_mobile_money": 27, "n_mm_togocom": 19, "n_mm_moov": 20, "n_mm_multi": 12, "mm_pour_10k": 16.8, "agences_pour_100k": 0.0, "habitants_par_mm": 597.0, "couverture_mobile_pct": 100.0, "mm_1km_pct": 92.41, "togocom_5km_pct": 0.0, "n_banques": 0, "n_microfinance": 2, "n_postes": 0, "n_distributeurs": 0, "n_marches": 3, "n_ecoles": 20, "n_superieur": 0, "habitants_pres_marche": 15314, "habitants_pres_ecole": 15020, "indice_acces": 57.1, "distance_route_km": 0.19 }, "geometry": { "type": "Polygon", "coordinates": [ [ [ 1.29701956, 6.59398649 ], [ 1.33436853, 6.60362994 ], [ 1.35790917, 6.59438432 ], [ 1.37310078, 6.56663414 ], [ 1.40568587, 6.57245918 ], [ 1.4419486, 6.56052596 ], [ 1.38418365, 6.46226496 ], [ 1.36633558, 6.44946453 ], [ 1.35529134, 6.45953476 ], [ 1.33872208, 6.50463987 ], [ 1.30506332, 6.53960499 ], [ 1.3103971, 6.55810685 ], [ 1.29701956, 6.59398649 ] ] ] } },
{ "type": "Feature", "properties": { "canton_id": "A07027054", "canton": "Zafi", "commune": "Yoto 2", "prefecture": "Yoto", "region": "Maritime", "population": 15512, "densite_hab_km2": 96.0, "n_agences": 0, "n_mobile_money": 7, "n_mm_togocom": 4, "n_mm_moov": 6, "n_mm_multi": 3, "mm_pour_10k": 4.5, "agences_pour_100k": 0.0, "habitants_par_mm": 2216.0, "couverture_mobile_pct": 100.0, "mm_1km_pct": 77.21, "togocom_5km_pct": 0.0, "n_banques": 0, "n_microfinance": 0, "n_postes": 0, "n_distributeurs": 0, "n_marches": 7, "n_ecoles": 18, "n_superieur": 0, "habitants_pres_marche": 16438, "habitants_pres_ecole": 15168, "indice_acces": 42.9, "distance_route_km": 0.65 }, "geometry": { "type": "Polygon", "coordinates": [ [ [ 1.25294343, 6.75630798 ], [ 1.2884173, 6.74379964 ], [ 1.3069393, 6.74852154 ], [ 1.35095217, 6.73926109 ], [ 1.36640945, 6.69336627 ], [ 1.35731035, 6.68599993 ], [ 1.35832845, 6.65569396 ], [ 1.40918409, 6.63457079 ], [ 1.38759364, 6.61530982 ], [ 1.3548303, 6.60867443 ], [ 1.3445596, 6.59962758 ], [ 1.33436853, 6.60362994 ], [ 1.29701956, 6.59398649 ], [ 1.28974943, 6.59789867 ], [ 1.28877433, 6.60925672 ], [ 1.29478732, 6.61461128 ], [ 1.29185218, 6.63268504 ], [ 1.30621965, 6.67174124 ], [ 1.30286402, 6.68435613 ], [ 1.2900581, 6.68334136 ], [ 1.26261986, 6.69822157 ], [ 1.25880627, 6.69460429 ], [ 1.25136957, 6.70336197 ], [ 1.24615758, 6.69993506 ], [ 1.24430917, 6.71234776 ], [ 1.23951017, 6.70892082 ], [ 1.22599974, 6.71935918 ], [ 1.23292796, 6.72703806 ], [ 1.24176298, 6.72621301 ], [ 1.24391439, 6.73339047 ], [ 1.23754407, 6.74128904 ], [ 1.25294343, 6.75630798 ] ] ] } },
{ "type": "Feature", "properties": { "canton_id": "A07028055", "canton": "Gboto", "commune": "Yoto 3", "prefecture": "Yoto", "region": "Maritime", "population": 11879, "densite_hab_km2": 151.0, "n_agences": 0, "n_mobile_money": 9, "n_mm_togocom": 5, "n_mm_moov": 8, "n_mm_multi": 4, "mm_pour_10k": 7.6, "agences_pour_100k": 0.0, "habitants_par_mm": 1320.0, "couverture_mobile_pct": 100.0, "mm_1km_pct": 76.29, "togocom_5km_pct": 0.0, "n_banques": 0, "n_microfinance": 2, "n_postes": 0, "n_distributeurs": 0, "n_marches": 3, "n_ecoles": 16, "n_superieur": 0, "habitants_pres_marche": 16821, "habitants_pres_ecole": 16762, "indice_acces": 46.6, "distance_route_km": 0.25 }, "geometry": { "type": "Polygon", "coordinates": [ [ [ 1.48931987, 6.73220815 ], [ 1.49991609, 6.70902463 ], [ 1.52901747, 6.6964668 ], [ 1.54037432, 6.67630078 ], [ 1.53866898, 6.66169874 ], [ 1.51197584, 6.65315267 ], [ 1.46182715, 6.6631243 ], [ 1.4584165, 6.67948542 ], [ 1.40674178, 6.7159054 ], [ 1.41481939, 6.72606715 ], [ 1.46989265, 6.74554881 ], [ 1.48931987, 6.73220815 ] ] ] } },
{ "type": "Feature", "properties": { "canton_id": "A08030070", "canton": "Wli", "commune": "Zio 2", "prefecture": "Zio", "region": "Maritime", "population": 2918, "densite_hab_km2": 68.4, "n_agences": 0, "n_mobile_money": 8, "n_mm_togocom": 6, "n_mm_moov": 6, "n_mm_multi": 6, "mm_pour_10k": 27.4, "agences_pour_100k": 0.0, "habitants_par_mm": 365.0, "couverture_mobile_pct": 100.0, "mm_1km_pct": 88.31, "togocom_5km_pct": 21.1, "n_banques": 0, "n_microfinance": 0, "n_postes": 0, "n_distributeurs": 0, "n_marches": 0, "n_ecoles": 6, "n_superieur": 0, "habitants_pres_marche": 2389, "habitants_pres_ecole": 3079, "indice_acces": 63.6, "distance_route_km": 0.11 }, "geometry": { "type": "Polygon", "coordinates": [ [ [ 1.17465474, 6.40282953 ], [ 1.16836033, 6.38654427 ], [ 1.1204772, 6.35696554 ], [ 1.09427833, 6.38223574 ], [ 1.10334654, 6.38695965 ], [ 1.09831497, 6.39259027 ], [ 1.10014432, 6.4146333 ], [ 1.18033136, 6.42180636 ], [ 1.17088407, 6.40464187 ], [ 1.17465474, 6.40282953 ] ] ] } },
{ "type": "Feature", "properties": { "canton_id": "A08029061", "canton": "Davié", "commune": "Zio 1", "prefecture": "Zio", "region": "Maritime", "population": 31843, "densite_hab_km2": 429.9, "n_agences": 0, "n_mobile_money": 153, "n_mm_togocom": 144, "n_mm_moov": 126, "n_mm_multi": 121, "mm_pour_10k": 48.0, "agences_pour_100k": 0.0, "habitants_par_mm": 208.0, "couverture_mobile_pct": 100.0, "mm_1km_pct": 97.36, "togocom_5km_pct": 82.04, "n_banques": 0, "n_microfinance": 0, "n_postes": 0, "n_distributeurs": 0, "n_marches": 0, "n_ecoles": 42, "n_superieur": 1, "habitants_pres_marche": 26881, "habitants_pres_ecole": 30036, "indice_acces": 69.0, "distance_route_km": 0.03 }, "geometry": { "type": "Polygon", "coordinates": [ [ [ 1.22968108, 6.40573323 ], [ 1.2263048, 6.36158066 ], [ 1.20507145, 6.3594561 ], [ 1.18906967, 6.30833652 ], [ 1.19213572, 6.29857581 ], [ 1.17539038, 6.2970297 ], [ 1.15258423, 6.31362293 ], [ 1.14854953, 6.32776412 ], [ 1.1204772, 6.35696554 ], [ 1.16836033, 6.38654427 ], [ 1.17465474, 6.40282953 ], [ 1.19149229, 6.39473616 ], [ 1.22968108, 6.40573323 ] ] ] } },
{ "type": "Feature", "properties": { "canton_id": "A08029062", "canton": "Gblainvié", "commune": "Zio 1", "prefecture": "Zio", "region": "Maritime", "population": 5279, "densite_hab_km2": 39.3, "n_agences": 0, "n_mobile_money": 9, "n_mm_togocom": 5, "n_mm_moov": 7, "n_mm_multi": 5, "mm_pour_10k": 17.0, "agences_pour_100k": 0.0, "habitants_par_mm": 587.0, "couverture_mobile_pct": 100.0, "mm_1km_pct": 55.28, "togocom_5km_pct": 25.93, "n_banques": 0, "n_microfinance": 0, "n_postes": 0, "n_distributeurs": 0, "n_marches": 1, "n_ecoles": 15, "n_superieur": 0, "habitants_pres_marche": 3208, "habitants_pres_ecole": 4017, "indice_acces": 57.4, "distance_route_km": 0.02 }, "geometry": { "type": "Polygon", "coordinates": [ [ [ 1.14450986, 6.55614721 ], [ 1.18210427, 6.5122891 ], [ 1.19291382, 6.44164409 ], [ 1.18709926, 6.43501825 ], [ 1.17763081, 6.44938247 ], [ 1.14268484, 6.46305232 ], [ 1.11115237, 6.45261777 ], [ 1.08696622, 6.47107827 ], [ 1.06463076, 6.46844252 ], [ 1.06211751, 6.47488684 ], [ 1.05454919, 6.47500093 ], [ 1.06017699, 6.48672656 ], [ 1.03271017, 6.5177773 ], [ 1.06633934, 6.53718953 ], [ 1.14450986, 6.55614721 ] ] ] } },
{ "type": "Feature", "properties": { "canton_id": "A08029063", "canton": "Abobo", "commune": "Zio 1", "prefecture": "Zio", "region": "Maritime", "population": 26975, "densite_hab_km2": 253.5, "n_agences": 1, "n_mobile_money": 28, "n_mm_togocom": 20, "n_mm_moov": 23, "n_mm_multi": 20, "mm_pour_10k": 10.4, "agences_pour_100k": 3.71, "habitants_par_mm": 963.0, "couverture_mobile_pct": 100.0, "mm_1km_pct": 52.74, "togocom_5km_pct": 75.94, "n_banques": 0, "n_microfinance": 0, "n_postes": 0, "n_distributeurs": 0, "n_marches": 4, "n_ecoles": 52, "n_superieur": 0, "habitants_pres_marche": 21715, "habitants_pres_ecole": 21371, "indice_acces": 68.0, "distance_route_km": 0.0 }, "geometry": { "type": "Polygon", "coordinates": [ [ [ 1.33327128, 6.29083707 ], [ 1.37142149, 6.27976693 ], [ 1.37136098, 6.28873868 ], [ 1.37865639, 6.29259835 ], [ 1.39136427, 6.27354698 ], [ 1.39286511, 6.23598348 ], [ 1.38386342, 6.20688616 ], [ 1.35251103, 6.19806908 ], [ 1.3284637, 6.20353236 ], [ 1.30891949, 6.19464161 ], [ 1.29522792, 6.21576817 ], [ 1.30109534, 6.23380434 ], [ 1.27059008, 6.29047021 ], [ 1.33327128, 6.29083707 ] ] ] } },
{ "type": "Feature", "properties": { "canton_id": "A07028056", "canton": "Tométy-Kondji", "commune": "Yoto 3", "prefecture": "Yoto", "region": "Maritime", "population": 8527, "densite_hab_km2": 56.0, "n_agences": 0, "n_mobile_money": 2, "n_mm_togocom": 1, "n_mm_moov": 2, "n_mm_multi": 1, "mm_pour_10k": 2.3, "agences_pour_100k": 0.0, "habitants_par_mm": 4264.0, "couverture_mobile_pct": 100.0, "mm_1km_pct": 21.11, "togocom_5km_pct": 0.0, "n_banques": 0, "n_microfinance": 0, "n_postes": 0, "n_distributeurs": 0, "n_marches": 4, "n_ecoles": 21, "n_superieur": 0, "habitants_pres_marche": 8699, "habitants_pres_ecole": 8687, "indice_acces": 40.5, "distance_route_km": 2.3 }, "geometry": { "type": "Polygon", "coordinates": [ [ [ 1.58526541, 6.90918387 ], [ 1.60577786, 6.90543618 ], [ 1.60659399, 6.87879351 ], [ 1.59710374, 6.86764899 ], [ 1.60091292, 6.85308033 ], [ 1.54381782, 6.85259252 ], [ 1.52946322, 6.82080127 ], [ 1.56113063, 6.77989946 ], [ 1.55704207, 6.74728153 ], [ 1.53793713, 6.74382549 ], [ 1.53645169, 6.75612916 ], [ 1.52322857, 6.75793545 ], [ 1.51450184, 6.74589051 ], [ 1.48931987, 6.73220815 ], [ 1.46989265, 6.74554881 ], [ 1.48214229, 6.76547266 ], [ 1.50057715, 6.76855855 ], [ 1.50137652, 6.77551137 ], [ 1.47511038, 6.77528482 ], [ 1.45813307, 6.79975005 ], [ 1.46712346, 6.82728997 ], [ 1.46512016, 6.85135823 ], [ 1.48055064, 6.8476406 ], [ 1.50293523, 6.87186505 ], [ 1.58526541, 6.90918387 ] ] ] } },
{ "type": "Feature", "properties": { "canton_id": "A08029064", "canton": "Djagblé", "commune": "Zio 1", "prefecture": "Zio", "region": "Maritime", "population": 23772, "densite_hab_km2": 1443.3, "n_agences": 1, "n_mobile_money": 26, "n_mm_togocom": 20, "n_mm_moov": 23, "n_mm_multi": 19, "mm_pour_10k": 10.9, "agences_pour_100k": 4.21, "habitants_par_mm": 914.0, "couverture_mobile_pct": 100.0, "mm_1km_pct": 84.5, "togocom_5km_pct": 100.0, "n_banques": 0, "n_microfinance": 6, "n_postes": 1, "n_distributeurs": 0, "n_marches": 0, "n_ecoles": 48, "n_superieur": 0, "habitants_pres_marche": 26238, "habitants_pres_ecole": 26238, "indice_acces": 69.3, "distance_route_km": 0.01 }, "geometry": { "type": "Polygon", "coordinates": [ [ [ 1.25114104, 6.27723019 ], [ 1.28073529, 6.27180595 ], [ 1.30109534, 6.23380434 ], [ 1.29522792, 6.21576817 ], [ 1.28634664, 6.21733557 ], [ 1.28136775, 6.23858643 ], [ 1.26878369, 6.25193447 ], [ 1.25139842, 6.26158092 ], [ 1.25114104, 6.27723019 ] ] ] } },
{ "type": "Feature", "properties": { "canton_id": "A08029065", "canton": "Kpomé", "commune": "Zio 1", "prefecture": "Zio", "region": "Maritime", "population": 8709, "densite_hab_km2": 98.2, "n_agences": 0, "n_mobile_money": 22, "n_mm_togocom": 20, "n_mm_moov": 20, "n_mm_multi": 19, "mm_pour_10k": 25.3, "agences_pour_100k": 0.0, "habitants_par_mm": 396.0, "couverture_mobile_pct": 100.0, "mm_1km_pct": 82.05, "togocom_5km_pct": 14.09, "n_banques": 0, "n_microfinance": 0, "n_postes": 0, "n_distributeurs": 0, "n_marches": 2, "n_ecoles": 15, "n_superieur": 0, "habitants_pres_marche": 2367, "habitants_pres_ecole": 2302, "indice_acces": 62.4, "distance_route_km": 0.27 }, "geometry": { "type": "Polygon", "coordinates": [ [ [ 1.38128343, 6.36957899 ], [ 1.37514132, 6.33254928 ], [ 1.38164898, 6.32650658 ], [ 1.37995688, 6.31079035 ], [ 1.38692016, 6.30624209 ], [ 1.37136098, 6.28873868 ], [ 1.37142149, 6.27976693 ], [ 1.33327128, 6.29083707 ], [ 1.28714934, 6.29267224 ], [ 1.29299727, 6.31542781 ], [ 1.3193359, 6.31766675 ], [ 1.32056435, 6.32347785 ], [ 1.31843767, 6.35589955 ], [ 1.30286092, 6.37686207 ], [ 1.32138754, 6.38856812 ], [ 1.37412169, 6.39269582 ], [ 1.38449635, 6.3780384 ], [ 1.38128343, 6.36957899 ] ] ] } },
{ "type": "Feature", "properties": { "canton_id": "A08029066", "canton": "Dalavé", "commune": "Zio 1", "prefecture": "Zio", "region": "Maritime", "population": 18815, "densite_hab_km2": 202.4, "n_agences": 0, "n_mobile_money": 51, "n_mm_togocom": 32, "n_mm_moov": 35, "n_mm_multi": 27, "mm_pour_10k": 27.1, "agences_pour_100k": 0.0, "habitants_par_mm": 369.0, "couverture_mobile_pct": 100.0, "mm_1km_pct": 54.67, "togocom_5km_pct": 70.46, "n_banques": 0, "n_microfinance": 1, "n_postes": 0, "n_distributeurs": 0, "n_marches": 0, "n_ecoles": 32, "n_superieur": 0, "habitants_pres_marche": 15988, "habitants_pres_ecole": 19913, "indice_acces": 63.3, "distance_route_km": 0.6 }, "geometry": { "type": "Polygon", "coordinates": [ [ [ 1.28867944, 6.29728292 ], [ 1.27059008, 6.29047021 ], [ 1.28073529, 6.27180595 ], [ 1.25114104, 6.27723019 ], [ 1.25675526, 6.30983169 ], [ 1.24892602, 6.35345692 ], [ 1.23326151, 6.35429818 ], [ 1.2263048, 6.36158066 ], [ 1.22968108, 6.40573323 ], [ 1.25907725, 6.41187301 ], [ 1.29470713, 6.38783403 ], [ 1.31843767, 6.35589955 ], [ 1.3193359, 6.31766675 ], [ 1.29299727, 6.31542781 ], [ 1.28867944, 6.29728292 ] ] ] } },
{ "type": "Feature", "properties": { "canton_id": "A08029067", "canton": "Gbatopé", "commune": "Zio 1", "prefecture": "Zio", "region": "Maritime", "population": 11518, "densite_hab_km2": 56.8, "n_agences": 0, "n_mobile_money": 62, "n_mm_togocom": 44, "n_mm_moov": 59, "n_mm_multi": 41, "mm_pour_10k": 53.8, "agences_pour_100k": 0.0, "habitants_par_mm": 186.0, "couverture_mobile_pct": 100.0, "mm_1km_pct": 88.67, "togocom_5km_pct": 0.0, "n_banques": 0, "n_microfinance": 1, "n_postes": 0, "n_distributeurs": 0, "n_marches": 6, "n_ecoles": 33, "n_superieur": 0, "habitants_pres_marche": 10855, "habitants_pres_ecole": 10356, "indice_acces": 69.4, "distance_route_km": 0.07 }, "geometry": { "type": "Polygon", "coordinates": [ [ [ 1.30590397, 6.56065572 ], [ 1.3103971, 6.55810685 ], [ 1.30506332, 6.53960499 ], [ 1.33872208, 6.50463987 ], [ 1.35529134, 6.45953476 ], [ 1.37225359, 6.44569137 ], [ 1.36765806, 6.39874342 ], [ 1.37412169, 6.39269582 ], [ 1.32138754, 6.38856812 ], [ 1.30286092, 6.37686207 ], [ 1.25907725, 6.41187301 ], [ 1.2313711, 6.50700331 ], [ 1.21794299, 6.52607754 ], [ 1.30590397, 6.56065572 ] ] ] } },
{ "type": "Feature", "properties": { "canton_id": "A07028057", "canton": "Sendome", "commune": "Yoto 3", "prefecture": "Yoto", "region": "Maritime", "population": 4793, "densite_hab_km2": 66.4, "n_agences": 0, "n_mobile_money": 2, "n_mm_togocom": 1, "n_mm_moov": 2, "n_mm_multi": 1, "mm_pour_10k": 4.2, "agences_pour_100k": 0.0, "habitants_par_mm": 2396.0, "couverture_mobile_pct": 100.0, "mm_1km_pct": 52.08, "togocom_5km_pct": 0.0, "n_banques": 0, "n_microfinance": 0, "n_postes": 0, "n_distributeurs": 0, "n_marches": 1, "n_ecoles": 8, "n_superieur": 0, "habitants_pres_marche": 7333, "habitants_pres_ecole": 6827, "indice_acces": 42.6, "distance_route_km": 1.01 }, "geometry": { "type": "Polygon", "coordinates": [ [ [ 1.60091292, 6.85308033 ], [ 1.59805048, 6.83024025 ], [ 1.61245459, 6.82587363 ], [ 1.60212911, 6.81847805 ], [ 1.59413233, 6.79964987 ], [ 1.61280361, 6.79074449 ], [ 1.60878039, 6.77059255 ], [ 1.58684968, 6.7473725 ], [ 1.55704207, 6.74728153 ], [ 1.56113063, 6.77989946 ], [ 1.52946322, 6.82080127 ], [ 1.54381782, 6.85259252 ], [ 1.60091292, 6.85308033 ] ] ] } },
{ "type": "Feature", "properties": { "canton_id": "A08030068", "canton": "Mission-Tové", "commune": "Zio 2", "prefecture": "Zio", "region": "Maritime", "population": 24925, "densite_hab_km2": 603.0, "n_agences": 0, "n_mobile_money": 41, "n_mm_togocom": 30, "n_mm_moov": 27, "n_mm_multi": 24, "mm_pour_10k": 16.4, "agences_pour_100k": 0.0, "habitants_par_mm": 608.0, "couverture_mobile_pct": 100.0, "mm_1km_pct": 91.27, "togocom_5km_pct": 44.37, "n_banques": 0, "n_microfinance": 3, "n_postes": 0, "n_distributeurs": 0, "n_marches": 1, "n_ecoles": 34, "n_superieur": 0, "habitants_pres_marche": 21180, "habitants_pres_ecole": 21056, "indice_acces": 56.7, "distance_route_km": 0.03 }, "geometry": { "type": "Polygon", "coordinates": [ [ [ 1.09558437, 6.26995926 ], [ 1.08671156, 6.29350488 ], [ 1.0982862, 6.29839426 ], [ 1.09306477, 6.30643233 ], [ 1.11977115, 6.33770898 ], [ 1.10720685, 6.3598068 ], [ 1.11304267, 6.36245202 ], [ 1.16556941, 6.30456787 ], [ 1.1429285, 6.28743577 ], [ 1.09558437, 6.26995926 ] ] ] } },
{ "type": "Feature", "properties": { "canton_id": "A08030069", "canton": "Kovié", "commune": "Zio 2", "prefecture": "Zio", "region": "Maritime", "population": 12986, "densite_hab_km2": 181.3, "n_agences": 0, "n_mobile_money": 14, "n_mm_togocom": 10, "n_mm_moov": 10, "n_mm_multi": 9, "mm_pour_10k": 10.8, "agences_pour_100k": 0.0, "habitants_par_mm": 928.0, "couverture_mobile_pct": 100.0, "mm_1km_pct": 71.77, "togocom_5km_pct": 0.0, "n_banques": 0, "n_microfinance": 2, "n_postes": 0, "n_distributeurs": 0, "n_marches": 2, "n_ecoles": 20, "n_superieur": 0, "habitants_pres_marche": 10560, "habitants_pres_ecole": 13536, "indice_acces": 51.6, "distance_route_km": 0.65 }, "geometry": { "type": "Polygon", "coordinates": [ [ [ 1.09776159, 6.37653624 ], [ 1.11304267, 6.36245202 ], [ 1.10720685, 6.3598068 ], [ 1.11977115, 6.33770898 ], [ 1.09306477, 6.30643233 ], [ 1.0982862, 6.29839426 ], [ 1.07889537, 6.29354971 ], [ 1.04302756, 6.31773713 ], [ 1.04084858, 6.32671349 ], [ 1.01390457, 6.32756139 ], [ 1.03180231, 6.33271073 ], [ 1.03016541, 6.34286765 ], [ 1.05126431, 6.36408046 ], [ 1.03073749, 6.38072088 ], [ 1.02932654, 6.39126214 ], [ 1.04390634, 6.39441894 ], [ 1.09776159, 6.37653624 ] ] ] } },
{ "type": "Feature", "properties": { "canton_id": "A07028059", "canton": "Tokpli", "commune": "Yoto 3", "prefecture": "Yoto", "region": "Maritime", "population": 8176, "densite_hab_km2": 178.0, "n_agences": 0, "n_mobile_money": 11, "n_mm_togocom": 5, "n_mm_moov": 9, "n_mm_multi": 3, "mm_pour_10k": 13.5, "agences_pour_100k": 0.0, "habitants_par_mm": 743.0, "couverture_mobile_pct": 100.0, "mm_1km_pct": 78.31, "togocom_5km_pct": 0.0, "n_banques": 1, "n_microfinance": 0, "n_postes": 0, "n_distributeurs": 1, "n_marches": 3, "n_ecoles": 14, "n_superieur": 0, "habitants_pres_marche": 13948, "habitants_pres_ecole": 13937, "indice_acces": 54.6, "distance_route_km": 0.04 }, "geometry": { "type": "Polygon", "coordinates": [ [ [ 1.59628472, 6.67332001 ], [ 1.60715795, 6.66326056 ], [ 1.60666801, 6.65228485 ], [ 1.61474726, 6.65029868 ], [ 1.61140554, 6.64345669 ], [ 1.60133439, 6.64378795 ], [ 1.60640358, 6.63166848 ], [ 1.60297606, 6.62453483 ], [ 1.6110338, 6.62563626 ], [ 1.60994324, 6.61206717 ], [ 1.62295776, 6.60098013 ], [ 1.63551646, 6.59992343 ], [ 1.63780781, 6.5923287 ], [ 1.61219926, 6.59203172 ], [ 1.59836953, 6.59702731 ], [ 1.59696328, 6.60375952 ], [ 1.56548927, 6.60698785 ], [ 1.54449619, 6.6257191 ], [ 1.54793744, 6.64230463 ], [ 1.56111037, 6.65713092 ], [ 1.55366776, 6.66220315 ], [ 1.55932603, 6.66753726 ], [ 1.58697501, 6.66272602 ], [ 1.59628472, 6.67332001 ] ] ] } },
{ "type": "Feature", "properties": { "canton_id": "A08030071", "canton": "Bolou", "commune": "Zio 2", "prefecture": "Zio", "region": "Maritime", "population": 3958, "densite_hab_km2": 76.9, "n_agences": 0, "n_mobile_money": 18, "n_mm_togocom": 11, "n_mm_moov": 12, "n_mm_multi": 11, "mm_pour_10k": 45.5, "agences_pour_100k": 0.0, "habitants_par_mm": 220.0, "couverture_mobile_pct": 100.0, "mm_1km_pct": 68.83, "togocom_5km_pct": 26.5, "n_banques": 0, "n_microfinance": 0, "n_postes": 0, "n_distributeurs": 0, "n_marches": 1, "n_ecoles": 10, "n_superieur": 0, "habitants_pres_marche": 5031, "habitants_pres_ecole": 4756, "indice_acces": 68.1, "distance_route_km": 0.14 }, "geometry": { "type": "Polygon", "coordinates": [ [ [ 1.18709926, 6.43501825 ], [ 1.18033136, 6.42180636 ], [ 1.10014432, 6.4146333 ], [ 1.09574613, 6.4209066 ], [ 1.07704196, 6.42379315 ], [ 1.07766159, 6.46795135 ], [ 1.0926139, 6.46895222 ], [ 1.11115237, 6.45261777 ], [ 1.14268484, 6.46305232 ], [ 1.17763081, 6.44938247 ], [ 1.18709926, 6.43501825 ] ] ] } },
{ "type": "Feature", "properties": { "canton_id": "A08031073", "canton": "Agbélouvé", "commune": "Zio 3", "prefecture": "Zio", "region": "Maritime", "population": 33532, "densite_hab_km2": 74.8, "n_agences": 1, "n_mobile_money": 125, "n_mm_togocom": 109, "n_mm_moov": 102, "n_mm_multi": 95, "mm_pour_10k": 37.3, "agences_pour_100k": 2.98, "habitants_par_mm": 268.0, "couverture_mobile_pct": 98.4, "mm_1km_pct": 59.68, "togocom_5km_pct": 36.28, "n_banques": 1, "n_microfinance": 4, "n_postes": 1, "n_distributeurs": 0, "n_marches": 16, "n_ecoles": 68, "n_superieur": 0, "habitants_pres_marche": 30066, "habitants_pres_ecole": 33872, "indice_acces": 71.8, "distance_route_km": 1.78 }, "geometry": { "type": "Polygon", "coordinates": [ [ [ 1.03871464, 6.831294 ], [ 1.05800939, 6.83040793 ], [ 1.07701388, 6.7771008 ], [ 1.07248481, 6.76716652 ], [ 1.09876112, 6.75683157 ], [ 1.11604059, 6.72485741 ], [ 1.11313271, 6.70044621 ], [ 1.18439192, 6.69636806 ], [ 1.19566079, 6.68111198 ], [ 1.20134498, 6.65801479 ], [ 1.1980082, 6.64004758 ], [ 1.24283523, 6.6218094 ], [ 1.29446223, 6.62369772 ], [ 1.29478732, 6.61461128 ], [ 1.28877433, 6.60925672 ], [ 1.21525112, 6.59907121 ], [ 1.14626045, 6.62387234 ], [ 1.11727775, 6.6274168 ], [ 1.09006776, 6.64784167 ], [ 1.0929991, 6.6659897 ], [ 1.04776865, 6.68564527 ], [ 0.97421331, 6.69024058 ], [ 0.97036448, 6.70581593 ], [ 0.97488343, 6.71757697 ], [ 0.89495613, 6.72484584 ], [ 0.89674199, 6.74999992 ], [ 0.88678748, 6.77356538 ], [ 0.8893812, 6.81849975 ], [ 0.88388893, 6.83567345 ], [ 1.03871464, 6.831294 ] ] ] } },
{ "type": "Feature", "properties": { "canton_id": "B01032079", "canton": "Kati", "commune": "Agou 1", "prefecture": "Agou", "region": "Plateaux", "population": 3028, "densite_hab_km2": 179.8, "n_agences": 0, "n_mobile_money": 12, "n_mm_togocom": 12, "n_mm_moov": 12, "n_mm_multi": 12, "mm_pour_10k": 39.6, "agences_pour_100k": 0.0, "habitants_par_mm": 252.0, "couverture_mobile_pct": 100.0, "mm_1km_pct": 94.12, "togocom_5km_pct": 0.0, "n_banques": 0, "n_microfinance": 1, "n_postes": 0, "n_distributeurs": 0, "n_marches": 2, "n_ecoles": 6, "n_superieur": 0, "habitants_pres_marche": 3200, "habitants_pres_ecole": 3058, "indice_acces": 67.3, "distance_route_km": 0.2 }, "geometry": { "type": "Polygon", "coordinates": [ [ [ 0.88040393, 6.86614455 ], [ 0.8648538, 6.86162947 ], [ 0.82985598, 6.88209065 ], [ 0.84885525, 6.89309794 ], [ 0.88728345, 6.89928116 ], [ 0.88040393, 6.86614455 ] ] ] } },
{ "type": "Feature", "properties": { "canton_id": "A08031079", "canton": "A08031079", "commune": "A08031079", "prefecture": "A08031079", "region": "Maritime", "population": 19620, "densite_hab_km2": 81.0, "n_agences": 0, "n_mobile_money": 17, "n_mm_togocom": 16, "n_mm_moov": 14, "n_mm_multi": 13, "mm_pour_10k": 8.7, "agences_pour_100k": 0.0, "habitants_par_mm": 1154.0, "couverture_mobile_pct": 96.48, "mm_1km_pct": 40.36, "togocom_5km_pct": 10.71, "n_banques": 0, "n_microfinance": 1, "n_postes": 0, "n_distributeurs": 0, "n_marches": 5, "n_ecoles": 25, "n_superieur": 0, "habitants_pres_marche": 11418, "habitants_pres_ecole": 11473, "indice_acces": 36.4, "distance_route_km": 0.21 }, "geometry": { "type": "Polygon", "coordinates": [ [ [ 1.18439192, 6.69636806 ], [ 1.11313271, 6.70044621 ], [ 1.11604059, 6.72485741 ], [ 1.09876112, 6.75683157 ], [ 1.07248481, 6.76716652 ], [ 1.07701388, 6.7771008 ], [ 1.05800939, 6.83040793 ], [ 1.11463666, 6.82709545 ], [ 1.10395629, 6.81251965 ], [ 1.12085564, 6.81323139 ], [ 1.16342985, 6.7807262 ], [ 1.1859387, 6.77314594 ], [ 1.23012512, 6.73655928 ], [ 1.24055299, 6.73740857 ], [ 1.24176298, 6.72621301 ], [ 1.23292796, 6.72703806 ], [ 1.22599974, 6.71935918 ], [ 1.23951017, 6.70892082 ], [ 1.24430917, 6.71234776 ], [ 1.24615758, 6.69993506 ], [ 1.25136957, 6.70336197 ], [ 1.25880627, 6.69460429 ], [ 1.26261986, 6.69822157 ], [ 1.2900581, 6.68334136 ], [ 1.30286402, 6.68435613 ], [ 1.30621965, 6.67174124 ], [ 1.29185218, 6.63268504 ], [ 1.29446223, 6.62369772 ], [ 1.24283523, 6.6218094 ], [ 1.1980082, 6.64004758 ], [ 1.20134498, 6.65801479 ], [ 1.19566079, 6.68111198 ], [ 1.18439192, 6.69636806 ] ] ] } },
{ "type": "Feature", "properties": { "canton_id": "A08032074", "canton": "Gapé-Centre", "commune": "Zio 4", "prefecture": "Zio", "region": "Maritime", "population": 18965, "densite_hab_km2": 49.7, "n_agences": 0, "n_mobile_money": 41, "n_mm_togocom": 15, "n_mm_moov": 25, "n_mm_multi": 15, "mm_pour_10k": 21.6, "agences_pour_100k": 0.0, "habitants_par_mm": 463.0, "couverture_mobile_pct": 93.19, "mm_1km_pct": 29.39, "togocom_5km_pct": 0.0, "n_banques": 0, "n_microfinance": 3, "n_postes": 0, "n_distributeurs": 0, "n_marches": 3, "n_ecoles": 54, "n_superieur": 0, "habitants_pres_marche": 16383, "habitants_pres_ecole": 20578, "indice_acces": 47.6, "distance_route_km": 0.15 }, "geometry": { "type": "Polygon", "coordinates": [ [ [ 0.98308997, 6.68955948 ], [ 1.04776865, 6.68564527 ], [ 1.0929991, 6.6659897 ], [ 1.09006776, 6.64784167 ], [ 1.11727775, 6.6274168 ], [ 1.14626045, 6.62387234 ], [ 1.21525112, 6.59907121 ], [ 1.28877433, 6.60925672 ], [ 1.30590397, 6.56065572 ], [ 1.21794299, 6.52607754 ], [ 1.14450986, 6.55614721 ], [ 1.06633934, 6.53718953 ], [ 1.03271017, 6.5177773 ], [ 1.01846712, 6.52837587 ], [ 1.01185485, 6.52481458 ], [ 0.99761266, 6.55090455 ], [ 0.98942985, 6.54516182 ], [ 0.97625933, 6.54889213 ], [ 0.98289299, 6.56853083 ], [ 0.97262319, 6.5767954 ], [ 0.98083427, 6.59108822 ], [ 1.02620072, 6.59076909 ], [ 1.02092601, 6.60479599 ], [ 1.00638678, 6.60795634 ], [ 1.00165084, 6.61759237 ], [ 1.00649237, 6.62500532 ], [ 1.02504643, 6.62955912 ], [ 0.97501777, 6.68502506 ], [ 0.92736027, 6.68722198 ], [ 0.89473436, 6.7109231 ], [ 0.89495613, 6.72484584 ], [ 0.97488343, 6.71757697 ], [ 0.97036448, 6.70581593 ], [ 0.97421331, 6.69024058 ], [ 0.98308997, 6.68955948 ] ] ] } },
{ "type": "Feature", "properties": { "canton_id": "A08032075", "canton": "Gapé-Kpodji", "commune": "Zio 4", "prefecture": "Zio", "region": "Maritime", "population": 1816, "densite_hab_km2": 48.0, "n_agences": 0, "n_mobile_money": 7, "n_mm_togocom": 5, "n_mm_moov": 7, "n_mm_multi": 5, "mm_pour_10k": 38.5, "agences_pour_100k": 0.0, "habitants_par_mm": 259.0, "couverture_mobile_pct": 80.81, "mm_1km_pct": 56.98, "togocom_5km_pct": 0.0, "n_banques": 0, "n_microfinance": 0, "n_postes": 0, "n_distributeurs": 0, "n_marches": 0, "n_ecoles": 7, "n_superieur": 0, "habitants_pres_marche": 647, "habitants_pres_ecole": 2761, "indice_acces": 52.5, "distance_route_km": 0.04 }, "geometry": { "type": "Polygon", "coordinates": [ [ [ 0.94169279, 6.68509788 ], [ 0.97501777, 6.68502506 ], [ 1.00188725, 6.65603942 ], [ 1.02504643, 6.62955912 ], [ 1.00649237, 6.62500532 ], [ 1.00165084, 6.61759237 ], [ 1.00638678, 6.60795634 ], [ 1.02092601, 6.60479599 ], [ 1.02620072, 6.59076909 ], [ 0.98083427, 6.59108822 ], [ 0.98016083, 6.60058548 ], [ 0.9952465, 6.61116967 ], [ 0.98445532, 6.61521177 ], [ 0.98225938, 6.63368943 ], [ 0.96802195, 6.63718716 ], [ 0.96598242, 6.65972537 ], [ 0.94169279, 6.68509788 ] ] ] } },
{ "type": "Feature", "properties": { "canton_id": "B01033076", "canton": "Agou-Nyogbo-Agbétiko", "commune": "Agou 1", "prefecture": "Agou", "region": "Plateaux", "population": 4134, "densite_hab_km2": 55.2, "n_agences": 0, "n_mobile_money": 23, "n_mm_togocom": 19, "n_mm_moov": 18, "n_mm_multi": 18, "mm_pour_10k": 55.6, "agences_pour_100k": 0.0, "habitants_par_mm": 180.0, "couverture_mobile_pct": 100.0, "mm_1km_pct": 39.4, "togocom_5km_pct": 6.32, "n_banques": 0, "n_microfinance": 0, "n_postes": 0, "n_distributeurs": 0, "n_marches": 2, "n_ecoles": 10, "n_superieur": 0, "habitants_pres_marche": 3983, "habitants_pres_ecole": 3369, "indice_acces": 69.5, "distance_route_km": 0.17 }, "geometry": { "type": "Polygon", "coordinates": [ [ [ 0.77970467, 7.00243501 ], [ 0.78182865, 6.99645226 ], [ 0.79793836, 6.9919831 ], [ 0.8021874, 6.95443348 ], [ 0.79582375, 6.93419418 ], [ 0.76679766, 6.90071525 ], [ 0.750613, 6.8962464 ], [ 0.7422423, 6.88572772 ], [ 0.72593285, 6.88662544 ], [ 0.7369172, 6.94889314 ], [ 0.7316517, 6.96326474 ], [ 0.74124205, 6.99324416 ], [ 0.77081752, 7.00525556 ], [ 0.77970467, 7.00243501 ] ] ] } },
{ "type": "Feature", "properties": { "canton_id": "B01033077", "canton": "Agou-Akplolo", "commune": "Agou 1", "prefecture": "Agou", "region": "Plateaux", "population": 1406, "densite_hab_km2": 53.1, "n_agences": 0, "n_mobile_money": 12, "n_mm_togocom": 11, "n_mm_moov": 12, "n_mm_multi": 11, "mm_pour_10k": 85.3, "agences_pour_100k": 0.0, "habitants_par_mm": 117.0, "couverture_mobile_pct": 100.0, "mm_1km_pct": 82.87, "togocom_5km_pct": 0.0, "n_banques": 0, "n_microfinance": 0, "n_postes": 0, "n_distributeurs": 0, "n_marches": 2, "n_ecoles": 2, "n_superieur": 0, "habitants_pres_marche": 1247, "habitants_pres_ecole": 1112, "indice_acces": 70.6, "distance_route_km": 1.05 }, "geometry": { "type": "Polygon", "coordinates": [ [ [ 0.7782516, 6.88055092 ], [ 0.77628614, 6.87614891 ], [ 0.74968766, 6.87909425 ], [ 0.74535719, 6.88746729 ], [ 0.750613, 6.8962464 ], [ 0.77760687, 6.91092758 ], [ 0.79582375, 6.93419418 ], [ 0.8021874, 6.95443348 ], [ 0.82004763, 6.91450546 ], [ 0.7782516, 6.88055092 ] ] ] } },
{ "type": "Feature", "properties": { "canton_id": "B01033078", "canton": "Agou-Iboé", "commune": "Agou 1", "prefecture": "Agou", "region": "Plateaux", "population": 2982, "densite_hab_km2": 99.6, "n_agences": 0, "n_mobile_money": 2, "n_mm_togocom": 1, "n_mm_moov": 2, "n_mm_multi": 1, "mm_pour_10k": 6.7, "agences_pour_100k": 0.0, "habitants_par_mm": 1491.0, "couverture_mobile_pct": 100.0, "mm_1km_pct": 44.29, "togocom_5km_pct": 0.0, "n_banques": 0, "n_microfinance": 0, "n_postes": 0, "n_distributeurs": 0, "n_marches": 1, "n_ecoles": 4, "n_superieur": 0, "habitants_pres_marche": 1647, "habitants_pres_ecole": 1559, "indice_acces": 45.4, "distance_route_km": 0.02 }, "geometry": { "type": "Polygon", "coordinates": [ [ [ 0.81099504, 6.87732335 ], [ 0.81476569, 6.86342064 ], [ 0.80282435, 6.84595302 ], [ 0.77998201, 6.83854423 ], [ 0.75922953, 6.85443159 ], [ 0.75769125, 6.87759699 ], [ 0.77628614, 6.87614891 ], [ 0.80304706, 6.90504721 ], [ 0.81758741, 6.90792908 ], [ 0.82112446, 6.88845813 ], [ 0.81099504, 6.87732335 ] ] ] } },
{ "type": "Feature", "properties": { "canton_id": "B01033080", "canton": "Agou-Nyogbo-Dzidjole", "commune": "Agou 1", "prefecture": "Agou", "region": "Plateaux", "population": 1654, "densite_hab_km2": 566.8, "n_agences": 0, "n_mobile_money": 17, "n_mm_togocom": 16, "n_mm_moov": 16, "n_mm_multi": 16, "mm_pour_10k": 102.8, "agences_pour_100k": 0.0, "habitants_par_mm": 97.0, "couverture_mobile_pct": 100.0, "mm_1km_pct": 100.0, "togocom_5km_pct": 100.0, "n_banques": 0, "n_microfinance": 0, "n_postes": 0, "n_distributeurs": 0, "n_marches": 1, "n_ecoles": 3, "n_superieur": 0, "habitants_pres_marche": 1382, "habitants_pres_ecole": 1382, "indice_acces": 70.9, "distance_route_km": 0.14 }, "geometry": { "type": "Polygon", "coordinates": [ [ [ 0.73080625, 6.8756212 ], [ 0.71828943, 6.8629922 ], [ 0.71299185, 6.8644696 ], [ 0.72593285, 6.88662544 ], [ 0.7422423, 6.88572772 ], [ 0.73080625, 6.8756212 ] ] ] } },
{ "type": "Feature", "properties": { "canton_id": "B01033081", "canton": "Agou-Kébo", "commune": "Agou 1", "prefecture": "Agou", "region": "Plateaux", "population": 2310, "densite_hab_km2": 160.2, "n_agences": 0, "n_mobile_money": 2, "n_mm_togocom": 2, "n_mm_moov": 2, "n_mm_multi": 2, "mm_pour_10k": 8.7, "agences_pour_100k": 0.0, "habitants_par_mm": 1155.0, "couverture_mobile_pct": 100.0, "mm_1km_pct": 63.24, "togocom_5km_pct": 100.0, "n_banques": 0, "n_microfinance": 0, "n_postes": 0, "n_distributeurs": 0, "n_marches": 0, "n_ecoles": 6, "n_superieur": 0, "habitants_pres_marche": 2288, "habitants_pres_ecole": 2276, "indice_acces": 48.8, "distance_route_km": 0.1 }, "geometry": { "type": "Polygon", "coordinates": [ [ [ 0.76550437, 6.84962804 ], [ 0.75020217, 6.8331674 ], [ 0.74197316, 6.83491511 ], [ 0.73864928, 6.857644 ], [ 0.71828943, 6.8629922 ], [ 0.74535719, 6.88746729 ], [ 0.75769125, 6.87759699 ], [ 0.75922953, 6.85443159 ], [ 0.76550437, 6.84962804 ] ] ] } },
{ "type": "Feature", "properties": { "canton_id": "B01033082", "canton": "Agou-Tavié", "commune": "Agou 1", "prefecture": "Agou", "region": "Plateaux", "population": 13126, "densite_hab_km2": 275.8, "n_agences": 1, "n_mobile_money": 47, "n_mm_togocom": 43, "n_mm_moov": 39, "n_mm_multi": 35, "mm_pour_10k": 35.8, "agences_pour_100k": 7.62, "habitants_par_mm": 279.0, "couverture_mobile_pct": 100.0, "mm_1km_pct": 93.91, "togocom_5km_pct": 95.8, "n_banques": 1, "n_microfinance": 2, "n_postes": 1, "n_distributeurs": 0, "n_marches": 3, "n_ecoles": 15, "n_superieur": 0, "habitants_pres_marche": 11455, "habitants_pres_ecole": 11256, "indice_acces": 84.6, "distance_route_km": 0.0 }, "geometry": { "type": "Polygon", "coordinates": [ [ [ 0.72768948, 6.82999538 ], [ 0.69286575, 6.82907572 ], [ 0.69180468, 6.81379234 ], [ 0.67822691, 6.79658025 ], [ 0.68619257, 6.78904552 ], [ 0.6688333, 6.77967623 ], [ 0.67645438, 6.80627991 ], [ 0.64860767, 6.83936659 ], [ 0.64706388, 6.85295327 ], [ 0.65976133, 6.86781215 ], [ 0.73531545, 6.86135948 ], [ 0.74197316, 6.83491511 ], [ 0.72768948, 6.82999538 ] ] ] } },
{ "type": "Feature", "properties": { "canton_id": "B01033083", "canton": "Agou-Atigbé", "commune": "Agou 1", "prefecture": "Agou", "region": "Plateaux", "population": 1723, "densite_hab_km2": 61.5, "n_agences": 0, "n_mobile_money": 1, "n_mm_togocom": 1, "n_mm_moov": 1, "n_mm_multi": 1, "mm_pour_10k": 5.8, "agences_pour_100k": 0.0, "habitants_par_mm": 1723.0, "couverture_mobile_pct": 100.0, "mm_1km_pct": 38.08, "togocom_5km_pct": 76.71, "n_banques": 0, "n_microfinance": 0, "n_postes": 0, "n_distributeurs": 0, "n_marches": 0, "n_ecoles": 3, "n_superieur": 0, "habitants_pres_marche": 2023, "habitants_pres_ecole": 1959, "indice_acces": 44.2, "distance_route_km": 0.2 }, "geometry": { "type": "Polygon", "coordinates": [ [ [ 0.72768948, 6.82999538 ], [ 0.75585938, 6.81016124 ], [ 0.76326548, 6.78876059 ], [ 0.78252157, 6.76352369 ], [ 0.77014716, 6.76029155 ], [ 0.70581788, 6.8111567 ], [ 0.69286575, 6.82907572 ], [ 0.72768948, 6.82999538 ] ] ] } },
{ "type": "Feature", "properties": { "canton_id": "B01033084", "canton": "Gadja", "commune": "Agou 1", "prefecture": "Agou", "region": "Plateaux", "population": 18190, "densite_hab_km2": 91.8, "n_agences": 0, "n_mobile_money": 57, "n_mm_togocom": 54, "n_mm_moov": 46, "n_mm_multi": 44, "mm_pour_10k": 31.3, "agences_pour_100k": 0.0, "habitants_par_mm": 319.0, "couverture_mobile_pct": 100.0, "mm_1km_pct": 61.19, "togocom_5km_pct": 4.99, "n_banques": 0, "n_microfinance": 2, "n_postes": 0, "n_distributeurs": 0, "n_marches": 2, "n_ecoles": 25, "n_superieur": 0, "habitants_pres_marche": 17004, "habitants_pres_ecole": 15704, "indice_acces": 64.5, "distance_route_km": 0.77 }, "geometry": { "type": "Polygon", "coordinates": [ [ [ 0.82634293, 6.88622173 ], [ 0.82383546, 6.88129779 ], [ 0.8648538, 6.86162947 ], [ 0.88515432, 6.87071676 ], [ 0.88678748, 6.77356538 ], [ 0.89279177, 6.76116126 ], [ 0.85442264, 6.75471588 ], [ 0.83624048, 6.73567821 ], [ 0.80045438, 6.72303633 ], [ 0.78939964, 6.70125117 ], [ 0.76099319, 6.72541434 ], [ 0.77014716, 6.76029155 ], [ 0.78252157, 6.76352369 ], [ 0.76326548, 6.78876059 ], [ 0.75585938, 6.81016124 ], [ 0.72768948, 6.82999538 ], [ 0.75020217, 6.8331674 ], [ 0.76550437, 6.84962804 ], [ 0.77998201, 6.83854423 ], [ 0.80282435, 6.84595302 ], [ 0.81476569, 6.86342064 ], [ 0.81066347, 6.8803387 ], [ 0.82634293, 6.88622173 ] ] ] } },
{ "type": "Feature", "properties": { "canton_id": "B01033085", "canton": "Assahoun-Fiagbé", "commune": "Agou 1", "prefecture": "Agou", "region": "Plateaux", "population": 2356, "densite_hab_km2": 64.4, "n_agences": 0, "n_mobile_money": 1, "n_mm_togocom": 0, "n_mm_moov": 1, "n_mm_multi": 0, "mm_pour_10k": 4.2, "agences_pour_100k": 0.0, "habitants_par_mm": 2356.0, "couverture_mobile_pct": 100.0, "mm_1km_pct": 50.3, "togocom_5km_pct": 1.81, "n_banques": 0, "n_microfinance": 0, "n_postes": 0, "n_distributeurs": 0, "n_marches": 0, "n_ecoles": 4, "n_superieur": 0, "habitants_pres_marche": 341, "habitants_pres_ecole": 2770, "indice_acces": 42.6, "distance_route_km": 0.38 }, "geometry": { "type": "Polygon", "coordinates": [ [ [ 0.76540332, 6.74087749 ], [ 0.75106843, 6.742305 ], [ 0.70074659, 6.77054343 ], [ 0.67822691, 6.79658025 ], [ 0.69396495, 6.82344464 ], [ 0.77014716, 6.76029155 ], [ 0.76540332, 6.74087749 ] ] ] } },
{ "type": "Feature", "properties": { "canton_id": "B01034087", "canton": "Amoussou-Kopé", "commune": "Agou 2", "prefecture": "Agou", "region": "Plateaux", "population": 9568, "densite_hab_km2": 88.5, "n_agences": 0, "n_mobile_money": 45, "n_mm_togocom": 35, "n_mm_moov": 35, "n_mm_multi": 28, "mm_pour_10k": 47.0, "agences_pour_100k": 0.0, "habitants_par_mm": 213.0, "couverture_mobile_pct": 42.15, "mm_1km_pct": 64.93, "togocom_5km_pct": 0.0, "n_banques": 0, "n_microfinance": 0, "n_postes": 0, "n_distributeurs": 0, "n_marches": 2, "n_ecoles": 17, "n_superieur": 0, "habitants_pres_marche": 11143, "habitants_pres_ecole": 10057, "indice_acces": 52.1, "distance_route_km": 0.87 }, "geometry": { "type": "Polygon", "coordinates": [ [ [ 0.89472189, 6.7093354 ], [ 0.87744796, 6.65756668 ], [ 0.83989581, 6.61767126 ], [ 0.82065403, 6.61989822 ], [ 0.82253923, 6.6761751 ], [ 0.78939964, 6.70125117 ], [ 0.80045438, 6.72303633 ], [ 0.83624048, 6.73567821 ], [ 0.85442264, 6.75471588 ], [ 0.89279177, 6.76116126 ], [ 0.89472189, 6.7093354 ] ] ] } },
{ "type": "Feature", "properties": { "canton_id": "B02035090", "canton": "Djon", "commune": "Akébou 1", "prefecture": "Akébou", "region": "Plateaux", "population": 7741, "densite_hab_km2": 53.7, "n_agences": 0, "n_mobile_money": 8, "n_mm_togocom": 8, "n_mm_moov": 6, "n_mm_multi": 6, "mm_pour_10k": 10.3, "agences_pour_100k": 0.0, "habitants_par_mm": 968.0, "couverture_mobile_pct": 100.0, "mm_1km_pct": 28.76, "togocom_5km_pct": 0.0, "n_banques": 0, "n_microfinance": 0, "n_postes": 0, "n_distributeurs": 0, "n_marches": 1, "n_ecoles": 24, "n_superieur": 0, "habitants_pres_marche": 9239, "habitants_pres_ecole": 10808, "indice_acces": 50.6, "distance_route_km": 0.01 }, "geometry": { "type": "Polygon", "coordinates": [ [ [ 0.89087896, 7.7544271 ], [ 0.87751863, 7.69262617 ], [ 0.83046682, 7.7046962 ], [ 0.7874554, 7.70681152 ], [ 0.71153906, 7.69811522 ], [ 0.65517411, 7.67884704 ], [ 0.62748639, 7.72149865 ], [ 0.77408778, 7.73680787 ], [ 0.78586891, 7.77203376 ], [ 0.79898052, 7.77574465 ], [ 0.81169339, 7.78960263 ], [ 0.82998594, 7.77009799 ], [ 0.89087896, 7.7544271 ] ] ] } },
{ "type": "Feature", "properties": { "canton_id": "B02035091", "canton": "Veh", "commune": "Akébou 1", "prefecture": "Akébou", "region": "Plateaux", "population": 4109, "densite_hab_km2": 77.9, "n_agences": 0, "n_mobile_money": 4, "n_mm_togocom": 4, "n_mm_moov": 2, "n_mm_multi": 2, "mm_pour_10k": 9.7, "agences_pour_100k": 0.0, "habitants_par_mm": 1027.0, "couverture_mobile_pct": 100.0, "mm_1km_pct": 45.28, "togocom_5km_pct": 0.0, "n_banques": 0, "n_microfinance": 0, "n_postes": 0, "n_distributeurs": 0, "n_marches": 1, "n_ecoles": 9, "n_superieur": 0, "habitants_pres_marche": 3464, "habitants_pres_ecole": 3727, "indice_acces": 50.0, "distance_route_km": 0.71 }, "geometry": { "type": "Polygon", "coordinates": [ [ [ 0.65903713, 7.65282731 ], [ 0.65517411, 7.67884704 ], [ 0.74021334, 7.70328599 ], [ 0.75586094, 7.69197299 ], [ 0.75423594, 7.65534799 ], [ 0.69498594, 7.64422299 ], [ 0.65903713, 7.65282731 ] ] ] } },
{ "type": "Feature", "properties": { "canton_id": "B02048134", "canton": "Djemegni", "commune": "Haho 2", "prefecture": "Haho", "region": "Plateaux", "population": 31797, "densite_hab_km2": 121.9, "n_agences": 0, "n_mobile_money": 22, "n_mm_togocom": 17, "n_mm_moov": 15, "n_mm_multi": 15, "mm_pour_10k": 6.9, "agences_pour_100k": 0.0, "habitants_par_mm": 1445.0, "couverture_mobile_pct": 98.58, "mm_1km_pct": 47.97, "togocom_5km_pct": 2.74, "n_banques": 0, "n_microfinance": 0, "n_postes": 0, "n_distributeurs": 0, "n_marches": 3, "n_ecoles": 36, "n_superieur": 0, "habitants_pres_marche": 29411, "habitants_pres_ecole": 32061, "indice_acces": 33.8, "distance_route_km": 0.01 }, "geometry": { "type": "Polygon", "coordinates": [ [ [ 1.41346028, 6.93856562 ], [ 1.38823355, 6.92980738 ], [ 1.33688183, 6.88983388 ], [ 1.3144248, 6.88204877 ], [ 1.26576792, 6.90547894 ], [ 1.21411677, 6.90488008 ], [ 1.1861952, 6.91659516 ], [ 1.19772314, 6.94504073 ], [ 1.19529037, 6.96281836 ], [ 1.21778475, 6.99669188 ], [ 1.26180051, 7.02708372 ], [ 1.32370704, 7.04317792 ], [ 1.35709315, 6.99878787 ], [ 1.35484745, 6.98359195 ], [ 1.3604617, 6.974684 ], [ 1.41346028, 6.93856562 ] ] ] } },
{ "type": "Feature", "properties": { "canton_id": "B01034088", "canton": "Agotimé-Sud (Adzakpa)", "commune": "Agou 2", "prefecture": "Agou", "region": "Plateaux", "population": 4990, "densite_hab_km2": 43.4, "n_agences": 0, "n_mobile_money": 1, "n_mm_togocom": 1, "n_mm_moov": 1, "n_mm_multi": 1, "mm_pour_10k": 2.0, "agences_pour_100k": 0.0, "habitants_par_mm": 4990.0, "couverture_mobile_pct": 0.0, "mm_1km_pct": 8.46, "togocom_5km_pct": 0.0, "n_banques": 0, "n_microfinance": 0, "n_postes": 0, "n_distributeurs": 0, "n_marches": 0, "n_ecoles": 8, "n_superieur": 0, "habitants_pres_marche": 429, "habitants_pres_ecole": 2950, "indice_acces": 19.1, "distance_route_km": 0.35 }, "geometry": { "type": "Polygon", "coordinates": [ [ [ 0.82030111, 6.66142122 ], [ 0.82065403, 6.61989822 ], [ 0.83989581, 6.61767126 ], [ 0.83308731, 6.59818254 ], [ 0.81381788, 6.57780736 ], [ 0.71569009, 6.5230441 ], [ 0.71684658, 6.53760718 ], [ 0.74567414, 6.56163967 ], [ 0.7393792, 6.58369119 ], [ 0.72672949, 6.59318977 ], [ 0.70663299, 6.58721068 ], [ 0.68449964, 6.59746417 ], [ 0.69451745, 6.59872254 ], [ 0.71006985, 6.61749924 ], [ 0.74249282, 6.63573969 ], [ 0.77271429, 6.64405381 ], [ 0.79544901, 6.65805734 ], [ 0.82030111, 6.66142122 ] ] ] } },
{ "type": "Feature", "properties": { "canton_id": "B02035092", "canton": "Kougnohou", "commune": "Akébou 1", "prefecture": "Akébou", "region": "Plateaux", "population": 19053, "densite_hab_km2": 164.1, "n_agences": 0, "n_mobile_money": 43, "n_mm_togocom": 30, "n_mm_moov": 21, "n_mm_multi": 20, "mm_pour_10k": 22.6, "agences_pour_100k": 0.0, "habitants_par_mm": 443.0, "couverture_mobile_pct": 100.0, "mm_1km_pct": 82.36, "togocom_5km_pct": 0.0, "n_banques": 0, "n_microfinance": 2, "n_postes": 1, "n_distributeurs": 0, "n_marches": 1, "n_ecoles": 15, "n_superieur": 0, "habitants_pres_marche": 8850, "habitants_pres_ecole": 9776, "indice_acces": 60.8, "distance_route_km": 0.39 }, "geometry": { "type": "Polygon", "coordinates": [ [ [ 0.87751863, 7.69262617 ], [ 0.86013351, 7.6677276 ], [ 0.8677589, 7.66326405 ], [ 0.86588427, 7.65713276 ], [ 0.82820544, 7.63008557 ], [ 0.7712427, 7.63614093 ], [ 0.74675265, 7.62613779 ], [ 0.71017584, 7.62674303 ], [ 0.67571744, 7.63000998 ], [ 0.65903934, 7.64348379 ], [ 0.65903713, 7.65282731 ], [ 0.69498594, 7.64422299 ], [ 0.75423594, 7.65534799 ], [ 0.75586094, 7.69197299 ], [ 0.74021334, 7.70328599 ], [ 0.83046682, 7.7046962 ], [ 0.87751863, 7.69262617 ] ] ] } },
{ "type": "Feature", "properties": { "canton_id": "B03037098", "canton": "Adiva", "commune": "Amou 1", "prefecture": "Amou", "region": "Plateaux", "population": 1536, "densite_hab_km2": 82.8, "n_agences": 0, "n_mobile_money": 4, "n_mm_togocom": 4, "n_mm_moov": 4, "n_mm_multi": 4, "mm_pour_10k": 26.0, "agences_pour_100k": 0.0, "habitants_par_mm": 384.0, "couverture_mobile_pct": 100.0, "mm_1km_pct": 78.33, "togocom_5km_pct": 0.0, "n_banques": 0, "n_microfinance": 0, "n_postes": 0, "n_distributeurs": 0, "n_marches": 1, "n_ecoles": 2, "n_superieur": 0, "habitants_pres_marche": 1536, "habitants_pres_ecole": 1336, "indice_acces": 62.8, "distance_route_km": 0.95 }, "geometry": { "type": "Polygon", "coordinates": [ [ [ 1.02650869, 7.49976929 ], [ 1.01193211, 7.49903297 ], [ 0.99518403, 7.51585594 ], [ 0.97100685, 7.51870126 ], [ 0.98299768, 7.53715543 ], [ 0.99995623, 7.54563274 ], [ 1.02673333, 7.53202995 ], [ 1.02650869, 7.49976929 ] ] ] } },
{ "type": "Feature", "properties": { "canton_id": "B02035093", "canton": "Gbendè", "commune": "Akébou 1", "prefecture": "Akébou", "region": "Plateaux", "population": 2690, "densite_hab_km2": 34.8, "n_agences": 0, "n_mobile_money": 2, "n_mm_togocom": 2, "n_mm_moov": 2, "n_mm_multi": 2, "mm_pour_10k": 7.4, "agences_pour_100k": 0.0, "habitants_par_mm": 1345.0, "couverture_mobile_pct": 100.0, "mm_1km_pct": 35.29, "togocom_5km_pct": 0.0, "n_banques": 0, "n_microfinance": 0, "n_postes": 0, "n_distributeurs": 0, "n_marches": 2, "n_ecoles": 9, "n_superieur": 0, "habitants_pres_marche": 3496, "habitants_pres_ecole": 3590, "indice_acces": 46.4, "distance_route_km": 1.13 }, "geometry": { "type": "Polygon", "coordinates": [ [ [ 0.78586891, 7.77203376 ], [ 0.77408778, 7.73680787 ], [ 0.66808695, 7.72217693 ], [ 0.62219464, 7.71991659 ], [ 0.6192337, 7.72725092 ], [ 0.61768912, 7.73439542 ], [ 0.63419048, 7.74923535 ], [ 0.68249019, 7.76192725 ], [ 0.71037832, 7.7821599 ], [ 0.78586891, 7.77203376 ] ] ] } },
{ "type": "Feature", "properties": { "canton_id": "B01034089", "canton": "Agotimé-Nord", "commune": "Agou 2", "prefecture": "Agou", "region": "Plateaux", "population": 10782, "densite_hab_km2": 43.8, "n_agences": 0, "n_mobile_money": 4, "n_mm_togocom": 3, "n_mm_moov": 4, "n_mm_multi": 3, "mm_pour_10k": 3.7, "agences_pour_100k": 0.0, "habitants_par_mm": 2696.0, "couverture_mobile_pct": 51.08, "mm_1km_pct": 37.09, "togocom_5km_pct": 0.0, "n_banques": 0, "n_microfinance": 0, "n_postes": 0, "n_distributeurs": 0, "n_marches": 2, "n_ecoles": 22, "n_superieur": 0, "habitants_pres_marche": 3723, "habitants_pres_ecole": 10046, "indice_acces": 25.6, "distance_route_km": 0.07 }, "geometry": { "type": "Polygon", "coordinates": [ [ [ 0.76540332, 6.74087749 ], [ 0.76099319, 6.72541434 ], [ 0.80401181, 6.68526207 ], [ 0.82253923, 6.6761751 ], [ 0.82030111, 6.66142122 ], [ 0.79544901, 6.65805734 ], [ 0.77271429, 6.64405381 ], [ 0.74249282, 6.63573969 ], [ 0.71006985, 6.61749924 ], [ 0.69451745, 6.59872254 ], [ 0.6733476, 6.61424951 ], [ 0.6653447, 6.60489824 ], [ 0.65927934, 6.60778195 ], [ 0.63767017, 6.63032977 ], [ 0.63618506, 6.64170093 ], [ 0.64653671, 6.67553418 ], [ 0.64731503, 6.69002557 ], [ 0.64069166, 6.69903872 ], [ 0.65020894, 6.73777342 ], [ 0.62959868, 6.75017742 ], [ 0.64895158, 6.75715835 ], [ 0.66741701, 6.77116698 ], [ 0.6688333, 6.77967623 ], [ 0.68619257, 6.78904552 ], [ 0.70074659, 6.77054343 ], [ 0.75106843, 6.742305 ], [ 0.76540332, 6.74087749 ] ] ] } },
{ "type": "Feature", "properties": { "canton_id": "B02036095", "canton": "Sérégbénè", "commune": "Akébou 2", "prefecture": "Akébou", "region": "Plateaux", "population": 5813, "densite_hab_km2": 34.2, "n_agences": 0, "n_mobile_money": 5, "n_mm_togocom": 4, "n_mm_moov": 5, "n_mm_multi": 4, "mm_pour_10k": 8.6, "agences_pour_100k": 0.0, "habitants_par_mm": 1163.0, "couverture_mobile_pct": 51.67, "mm_1km_pct": 42.8, "togocom_5km_pct": 0.0, "n_banques": 0, "n_microfinance": 0, "n_postes": 0, "n_distributeurs": 0, "n_marches": 1, "n_ecoles": 16, "n_superieur": 0, "habitants_pres_marche": 5092, "habitants_pres_ecole": 8421, "indice_acces": 32.2, "distance_route_km": 0.0 }, "geometry": { "type": "Polygon", "coordinates": [ [ [ 0.81169339, 7.78960263 ], [ 0.79898052, 7.77574465 ], [ 0.78586891, 7.77203376 ], [ 0.71037832, 7.7821599 ], [ 0.69933629, 7.81180725 ], [ 0.70497713, 7.85011797 ], [ 0.67755743, 7.90275217 ], [ 0.69637039, 7.92691766 ], [ 0.74602718, 7.95765539 ], [ 0.77320469, 7.86322299 ], [ 0.81169339, 7.78960263 ] ] ] } },
{ "type": "Feature", "properties": { "canton_id": "B02035094", "canton": "Yalla", "commune": "Akébou 1", "prefecture": "Akébou", "region": "Plateaux", "population": 3363, "densite_hab_km2": 24.5, "n_agences": 0, "n_mobile_money": 6, "n_mm_togocom": 6, "n_mm_moov": 5, "n_mm_multi": 5, "mm_pour_10k": 17.8, "agences_pour_100k": 0.0, "habitants_par_mm": 560.0, "couverture_mobile_pct": 4.7, "mm_1km_pct": 69.27, "togocom_5km_pct": 0.0, "n_banques": 0, "n_microfinance": 0, "n_postes": 0, "n_distributeurs": 0, "n_marches": 0, "n_ecoles": 8, "n_superieur": 0, "habitants_pres_marche": 31, "habitants_pres_ecole": 4756, "indice_acces": 39.0, "distance_route_km": 0.47 }, "geometry": { "type": "Polygon", "coordinates": [ [ [ 0.67755743, 7.90275217 ], [ 0.70497713, 7.85011797 ], [ 0.69933629, 7.81180725 ], [ 0.71037832, 7.7821599 ], [ 0.68249019, 7.76192725 ], [ 0.63419048, 7.74923535 ], [ 0.61768912, 7.73439542 ], [ 0.61158196, 7.75534852 ], [ 0.63105653, 7.76810193 ], [ 0.62887994, 7.79339561 ], [ 0.61737814, 7.79639702 ], [ 0.61940063, 7.83838289 ], [ 0.62735822, 7.86332486 ], [ 0.61972621, 7.90421108 ], [ 0.67755743, 7.90275217 ] ] ] } },
{ "type": "Feature", "properties": { "canton_id": "B02036096", "canton": "Kpalavé", "commune": "Akébou 2", "prefecture": "Akébou", "region": "Plateaux", "population": 6666, "densite_hab_km2": 32.7, "n_agences": 0, "n_mobile_money": 2, "n_mm_togocom": 2, "n_mm_moov": 2, "n_mm_multi": 2, "mm_pour_10k": 3.0, "agences_pour_100k": 0.0, "habitants_par_mm": 3333.0, "couverture_mobile_pct": 12.28, "mm_1km_pct": 33.39, "togocom_5km_pct": 0.0, "n_banques": 0, "n_microfinance": 0, "n_postes": 0, "n_distributeurs": 0, "n_marches": 2, "n_ecoles": 8, "n_superieur": 0, "habitants_pres_marche": 6803, "habitants_pres_ecole": 7181, "indice_acces": 23.2, "distance_route_km": 0.15 }, "geometry": { "type": "Polygon", "coordinates": [ [ [ 0.74602718, 7.95765539 ], [ 0.80562137, 7.9702414 ], [ 0.82530745, 7.96244999 ], [ 0.83268272, 7.91861002 ], [ 0.85268272, 7.89211002 ], [ 0.85718272, 7.86161002 ], [ 0.86993272, 7.83936002 ], [ 0.89945792, 7.82302256 ], [ 0.89087896, 7.7544271 ], [ 0.82998594, 7.77009799 ], [ 0.81169339, 7.78960263 ], [ 0.77320469, 7.86322299 ], [ 0.74602718, 7.95765539 ] ] ] } },
{ "type": "Feature", "properties": { "canton_id": "B02036097", "canton": "Kamina-Akébou", "commune": "Akébou 2", "prefecture": "Akébou", "region": "Plateaux", "population": 14066, "densite_hab_km2": 47.7, "n_agences": 0, "n_mobile_money": 17, "n_mm_togocom": 11, "n_mm_moov": 11, "n_mm_multi": 9, "mm_pour_10k": 12.1, "agences_pour_100k": 0.0, "habitants_par_mm": 827.0, "couverture_mobile_pct": 19.87, "mm_1km_pct": 31.14, "togocom_5km_pct": 0.0, "n_banques": 0, "n_microfinance": 0, "n_postes": 0, "n_distributeurs": 0, "n_marches": 3, "n_ecoles": 12, "n_superieur": 0, "habitants_pres_marche": 11192, "habitants_pres_ecole": 11655, "indice_acces": 35.6, "distance_route_km": 2.47 }, "geometry": { "type": "Polygon", "coordinates": [ [ [ 1.08010367, 7.86036554 ], [ 1.04519117, 7.8688813 ], [ 1.04152038, 7.87728435 ], [ 1.01238186, 7.87469148 ], [ 0.97062869, 7.85816383 ], [ 0.96991243, 7.86245477 ], [ 0.94039888, 7.86057174 ], [ 0.93260962, 7.86629299 ], [ 0.91130089, 7.85592327 ], [ 0.8960785, 7.8292586 ], [ 0.86993272, 7.83936002 ], [ 0.85718272, 7.86161002 ], [ 0.85268272, 7.89211002 ], [ 0.83268272, 7.91861002 ], [ 0.82530745, 7.96244999 ], [ 0.83400486, 7.97461648 ], [ 0.85344562, 7.96385978 ], [ 0.88226258, 7.96322534 ], [ 0.90201467, 7.97506731 ], [ 0.93958136, 7.97428179 ], [ 0.96471615, 7.98649087 ], [ 0.97315717, 7.97912336 ], [ 1.01696694, 7.97088313 ], [ 1.04073924, 7.9529781 ], [ 1.04855569, 7.90218386 ], [ 1.07403339, 7.88164874 ], [ 1.08010367, 7.86036554 ] ] ] } },
{ "type": "Feature", "properties": { "canton_id": "B03037099", "canton": "Imlè-Adiva", "commune": "Amou 1", "prefecture": "Amou", "region": "Plateaux", "population": 8958, "densite_hab_km2": 70.8, "n_agences": 0, "n_mobile_money": 7, "n_mm_togocom": 5, "n_mm_moov": 7, "n_mm_multi": 5, "mm_pour_10k": 7.8, "agences_pour_100k": 0.0, "habitants_par_mm": 1280.0, "couverture_mobile_pct": 100.0, "mm_1km_pct": 40.93, "togocom_5km_pct": 0.0, "n_banques": 0, "n_microfinance": 0, "n_postes": 0, "n_distributeurs": 0, "n_marches": 3, "n_ecoles": 11, "n_superieur": 0, "habitants_pres_marche": 8355, "habitants_pres_ecole": 6228, "indice_acces": 47.0, "distance_route_km": 0.06 }, "geometry": { "type": "Polygon", "coordinates": [ [ [ 1.02650869, 7.49976929 ], [ 1.04502893, 7.48222249 ], [ 1.02520454, 7.41683381 ], [ 0.95661475, 7.39606717 ], [ 0.93435053, 7.39836348 ], [ 0.91640436, 7.41244086 ], [ 0.92486577, 7.44623656 ], [ 0.95481764, 7.47898394 ], [ 0.93935024, 7.50207238 ], [ 0.97100685, 7.51870126 ], [ 0.99518403, 7.51585594 ], [ 1.01193211, 7.49903297 ], [ 1.02650869, 7.49976929 ] ] ] } },
{ "type": "Feature", "properties": { "canton_id": "B03037100", "canton": "Amlamé (Ouma)", "commune": "Amou 1", "prefecture": "Amou", "region": "Plateaux", "population": 17508, "densite_hab_km2": 222.2, "n_agences": 0, "n_mobile_money": 32, "n_mm_togocom": 29, "n_mm_moov": 24, "n_mm_multi": 21, "mm_pour_10k": 18.3, "agences_pour_100k": 0.0, "habitants_par_mm": 547.0, "couverture_mobile_pct": 100.0, "mm_1km_pct": 72.99, "togocom_5km_pct": 0.0, "n_banques": 0, "n_microfinance": 1, "n_postes": 1, "n_distributeurs": 0, "n_marches": 2, "n_ecoles": 17, "n_superieur": 0, "habitants_pres_marche": 13565, "habitants_pres_ecole": 13150, "indice_acces": 58.1, "distance_route_km": 0.0 }, "geometry": { "type": "Polygon", "coordinates": [ [ [ 0.93435053, 7.39836348 ], [ 0.92918383, 7.3910752 ], [ 0.90582137, 7.38638274 ], [ 0.8854541, 7.3996614 ], [ 0.8797882, 7.39456334 ], [ 0.83194188, 7.39509419 ], [ 0.8525267, 7.41680916 ], [ 0.85848461, 7.44090604 ], [ 0.89106294, 7.47641241 ], [ 0.93935024, 7.50207238 ], [ 0.95481764, 7.47898394 ], [ 0.92486577, 7.44623656 ], [ 0.91408309, 7.41962931 ], [ 0.93435053, 7.39836348 ] ] ] } },
{ "type": "Feature", "properties": { "canton_id": "B03038101", "canton": "Kpatégan", "commune": "Amou 2", "prefecture": "Amou", "region": "Plateaux", "population": 11601, "densite_hab_km2": 62.7, "n_agences": 0, "n_mobile_money": 7, "n_mm_togocom": 6, "n_mm_moov": 3, "n_mm_multi": 2, "mm_pour_10k": 6.0, "agences_pour_100k": 0.0, "habitants_par_mm": 1657.0, "couverture_mobile_pct": 100.0, "mm_1km_pct": 14.72, "togocom_5km_pct": 0.0, "n_banques": 0, "n_microfinance": 0, "n_postes": 0, "n_distributeurs": 0, "n_marches": 0, "n_ecoles": 21, "n_superieur": 0, "habitants_pres_marche": 2680, "habitants_pres_ecole": 12350, "indice_acces": 44.4, "distance_route_km": 1.22 }, "geometry": { "type": "Polygon", "coordinates": [ [ [ 1.13674075, 7.35753255 ], [ 1.1164932, 7.3417718 ], [ 1.07815879, 7.33160054 ], [ 1.06557895, 7.2856849 ], [ 1.03225586, 7.30609456 ], [ 1.02466806, 7.32780967 ], [ 1.00959228, 7.33489828 ], [ 0.96227457, 7.33562212 ], [ 0.95428741, 7.35683803 ], [ 0.95661492, 7.3960313 ], [ 1.0252047, 7.41679793 ], [ 1.03526353, 7.44610084 ], [ 1.06158374, 7.44840963 ], [ 1.07341473, 7.4422695 ], [ 1.08329884, 7.39749145 ], [ 1.10196884, 7.39868952 ], [ 1.13674075, 7.35753255 ] ] ] } },
{ "type": "Feature", "properties": { "canton_id": "B03038102", "canton": "Ekpégnon", "commune": "Amou 2", "prefecture": "Amou", "region": "Plateaux", "population": 5009, "densite_hab_km2": 53.2, "n_agences": 0, "n_mobile_money": 1, "n_mm_togocom": 1, "n_mm_moov": 1, "n_mm_multi": 1, "mm_pour_10k": 2.0, "agences_pour_100k": 0.0, "habitants_par_mm": 5009.0, "couverture_mobile_pct": 100.0, "mm_1km_pct": 11.29, "togocom_5km_pct": 0.0, "n_banques": 0, "n_microfinance": 0, "n_postes": 0, "n_distributeurs": 0, "n_marches": 3, "n_ecoles": 8, "n_superieur": 0, "habitants_pres_marche": 5863, "habitants_pres_ecole": 5081, "indice_acces": 40.2, "distance_route_km": 0.51 }, "geometry": { "type": "Polygon", "coordinates": [ [ [ 1.0655788, 7.28572078 ], [ 1.06104296, 7.24504861 ], [ 1.03552541, 7.19571506 ], [ 1.00807363, 7.25158013 ], [ 0.99779136, 7.25440216 ], [ 0.98939662, 7.29063735 ], [ 0.97652961, 7.30004764 ], [ 0.94727612, 7.29790661 ], [ 0.93828171, 7.31087282 ], [ 0.94107722, 7.32524972 ], [ 0.96227441, 7.33565799 ], [ 1.00959212, 7.33493416 ], [ 1.0246679, 7.32784555 ], [ 1.03225571, 7.30613044 ], [ 1.0655788, 7.28572078 ] ] ] } },
{ "type": "Feature", "properties": { "canton_id": "B03038103", "canton": "Amou-Oblo", "commune": "Amou 2", "prefecture": "Amou", "region": "Plateaux", "population": 13595, "densite_hab_km2": 147.0, "n_agences": 0, "n_mobile_money": 18, "n_mm_togocom": 15, "n_mm_moov": 16, "n_mm_multi": 13, "mm_pour_10k": 13.2, "agences_pour_100k": 0.0, "habitants_par_mm": 755.0, "couverture_mobile_pct": 100.0, "mm_1km_pct": 49.47, "togocom_5km_pct": 0.0, "n_banques": 0, "n_microfinance": 4, "n_postes": 1, "n_distributeurs": 0, "n_marches": 2, "n_ecoles": 18, "n_superieur": 0, "habitants_pres_marche": 13283, "habitants_pres_ecole": 16190, "indice_acces": 54.2, "distance_route_km": 0.74 }, "geometry": { "type": "Polygon", "coordinates": [ [ [ 0.93435053, 7.39836348 ], [ 0.95661475, 7.39606717 ], [ 0.95428724, 7.3568739 ], [ 0.96227441, 7.33565799 ], [ 0.95792515, 7.33016682 ], [ 0.94107722, 7.32524972 ], [ 0.89108255, 7.3399511 ], [ 0.87356071, 7.33031658 ], [ 0.82673359, 7.34471107 ], [ 0.83794976, 7.37355882 ], [ 0.83194188, 7.39509419 ], [ 0.8797882, 7.39456334 ], [ 0.8854541, 7.3996614 ], [ 0.90582137, 7.38638274 ], [ 0.92918383, 7.3910752 ], [ 0.93435053, 7.39836348 ] ] ] } },
{ "type": "Feature", "properties": { "canton_id": "B03038104", "canton": "Sodo", "commune": "Amou 2", "prefecture": "Amou", "region": "Plateaux", "population": 7851, "densite_hab_km2": 108.4, "n_agences": 0, "n_mobile_money": 5, "n_mm_togocom": 5, "n_mm_moov": 2, "n_mm_multi": 2, "mm_pour_10k": 6.4, "agences_pour_100k": 0.0, "habitants_par_mm": 1570.0, "couverture_mobile_pct": 100.0, "mm_1km_pct": 33.64, "togocom_5km_pct": 0.0, "n_banques": 0, "n_microfinance": 0, "n_postes": 0, "n_distributeurs": 0, "n_marches": 3, "n_ecoles": 8, "n_superieur": 0, "habitants_pres_marche": 6827, "habitants_pres_ecole": 6236, "indice_acces": 45.0, "distance_route_km": 0.12 }, "geometry": { "type": "Polygon", "coordinates": [ [ [ 0.94107722, 7.32524972 ], [ 0.93828171, 7.31087282 ], [ 0.94727612, 7.29790661 ], [ 0.923313, 7.28845701 ], [ 0.87926392, 7.3038518 ], [ 0.80689097, 7.28724914 ], [ 0.7844032, 7.28897486 ], [ 0.79122762, 7.32148293 ], [ 0.81806531, 7.32775005 ], [ 0.82673359, 7.34471107 ], [ 0.86777001, 7.33126505 ], [ 0.89108255, 7.3399511 ], [ 0.94107722, 7.32524972 ] ] ] } },
{ "type": "Feature", "properties": { "canton_id": "B03039105", "canton": "Gamé", "commune": "Amou 3", "prefecture": "Amou", "region": "Plateaux", "population": 4212, "densite_hab_km2": 11.4, "n_agences": 0, "n_mobile_money": 0, "n_mm_togocom": 0, "n_mm_moov": 0, "n_mm_multi": 0, "mm_pour_10k": 0.0, "agences_pour_100k": 0.0, "habitants_par_mm": null, "couverture_mobile_pct": 81.78, "mm_1km_pct": 0.0, "togocom_5km_pct": 0.0, "n_banques": 0, "n_microfinance": 0, "n_postes": 0, "n_distributeurs": 0, "n_marches": 1, "n_ecoles": 12, "n_superieur": 0, "habitants_pres_marche": 2024, "habitants_pres_ecole": 3805, "indice_acces": 24.6, "distance_route_km": 1.86 }, "geometry": { "type": "Polygon", "coordinates": [ [ [ 1.08010367, 7.86036554 ], [ 1.08664572, 7.85523393 ], [ 1.08231073, 7.83575164 ], [ 1.0873682, 7.83346669 ], [ 1.10145385, 7.77079378 ], [ 1.1066258, 7.7163705 ], [ 1.12658606, 7.67766535 ], [ 1.04683519, 7.67776255 ], [ 0.99153858, 7.700342 ], [ 0.97057195, 7.7181598 ], [ 0.95052693, 7.75571541 ], [ 0.9208818, 7.78489973 ], [ 0.89268175, 7.80004115 ], [ 0.89988086, 7.81985216 ], [ 0.8960785, 7.8292586 ], [ 0.91130089, 7.85592327 ], [ 0.93260962, 7.86629299 ], [ 0.94039888, 7.86057174 ], [ 0.96991243, 7.86245477 ], [ 0.97062869, 7.85816383 ], [ 0.98835611, 7.86889115 ], [ 1.04152038, 7.87728435 ], [ 1.04519117, 7.8688813 ], [ 1.08010367, 7.86036554 ] ] ] } },
{ "type": "Feature", "properties": { "canton_id": "B03039106", "canton": "Otadi", "commune": "Amou 3", "prefecture": "Amou", "region": "Plateaux", "population": 3279, "densite_hab_km2": 12.8, "n_agences": 0, "n_mobile_money": 15, "n_mm_togocom": 13, "n_mm_moov": 2, "n_mm_multi": 0, "mm_pour_10k": 45.7, "agences_pour_100k": 0.0, "habitants_par_mm": 219.0, "couverture_mobile_pct": 100.0, "mm_1km_pct": 87.0, "togocom_5km_pct": 0.0, "n_banques": 0, "n_microfinance": 0, "n_postes": 0, "n_distributeurs": 0, "n_marches": 1, "n_ecoles": 13, "n_superieur": 0, "habitants_pres_marche": 1593, "habitants_pres_ecole": 4282, "indice_acces": 68.3, "distance_route_km": 1.42 }, "geometry": { "type": "Polygon", "coordinates": [ [ [ 1.04683519, 7.67776255 ], [ 1.12658606, 7.67766535 ], [ 1.14646668, 7.64668953 ], [ 1.10366302, 7.63457648 ], [ 1.00482033, 7.62893162 ], [ 0.99848426, 7.61537627 ], [ 0.86840588, 7.64956024 ], [ 0.86866384, 7.66145694 ], [ 0.86013351, 7.6677276 ], [ 0.87751863, 7.69262617 ], [ 0.8902944, 7.73494532 ], [ 0.89268175, 7.80004115 ], [ 0.9208818, 7.78489973 ], [ 0.95052693, 7.75571541 ], [ 0.97057195, 7.7181598 ], [ 0.99153858, 7.700342 ], [ 1.04683519, 7.67776255 ] ] ] } },
{ "type": "Feature", "properties": { "canton_id": "B03039107", "canton": "Hihéatro", "commune": "Amou 3", "prefecture": "Amou", "region": "Plateaux", "population": 21539, "densite_hab_km2": 170.5, "n_agences": 0, "n_mobile_money": 28, "n_mm_togocom": 26, "n_mm_moov": 25, "n_mm_multi": 23, "mm_pour_10k": 13.0, "agences_pour_100k": 0.0, "habitants_par_mm": 769.0, "couverture_mobile_pct": 100.0, "mm_1km_pct": 75.83, "togocom_5km_pct": 0.0, "n_banques": 0, "n_microfinance": 0, "n_postes": 1, "n_distributeurs": 0, "n_marches": 2, "n_ecoles": 22, "n_superieur": 0, "habitants_pres_marche": 17486, "habitants_pres_ecole": 19533, "indice_acces": 54.0, "distance_route_km": 0.52 }, "geometry": { "type": "Polygon", "coordinates": [ [ [ 1.14646668, 7.64668953 ], [ 1.15137665, 7.62544468 ], [ 1.14173299, 7.5627274 ], [ 1.11926846, 7.55700843 ], [ 1.11481743, 7.54954675 ], [ 1.11171761, 7.53787793 ], [ 1.11719815, 7.52013134 ], [ 1.09917318, 7.51918185 ], [ 1.08780184, 7.52613428 ], [ 1.0841922, 7.55040335 ], [ 1.0038581, 7.55841164 ], [ 1.00956098, 7.57636204 ], [ 1.02089871, 7.57644004 ], [ 1.04306535, 7.59044659 ], [ 1.03738209, 7.61701968 ], [ 1.04529227, 7.63300198 ], [ 1.10366302, 7.63457648 ], [ 1.14646668, 7.64668953 ] ] ] } },
{ "type": "Feature", "properties": { "canton_id": "B03039108", "canton": "Okpahoé", "commune": "Amou 3", "prefecture": "Amou", "region": "Plateaux", "population": 1676, "densite_hab_km2": 23.8, "n_agences": 0, "n_mobile_money": 0, "n_mm_togocom": 0, "n_mm_moov": 0, "n_mm_multi": 0, "mm_pour_10k": 0.0, "agences_pour_100k": 0.0, "habitants_par_mm": null, "couverture_mobile_pct": 100.0, "mm_1km_pct": 0.4, "togocom_5km_pct": 0.0, "n_banques": 0, "n_microfinance": 0, "n_postes": 0, "n_distributeurs": 0, "n_marches": 0, "n_ecoles": 7, "n_superieur": 0, "habitants_pres_marche": 0, "habitants_pres_ecole": 1938, "indice_acces": 38.7, "distance_route_km": 1.6 }, "geometry": { "type": "Polygon", "coordinates": [ [ [ 1.04529227, 7.63300198 ], [ 1.03738209, 7.61701968 ], [ 1.04306535, 7.59044659 ], [ 1.02089871, 7.57644004 ], [ 0.99588672, 7.57276615 ], [ 0.93546077, 7.5979743 ], [ 0.92379611, 7.59764769 ], [ 0.90273875, 7.62411042 ], [ 0.90221298, 7.63800756 ], [ 0.96417828, 7.6276068 ], [ 0.99848426, 7.61537627 ], [ 1.00482033, 7.62893162 ], [ 1.04529227, 7.63300198 ] ] ] } },
{ "type": "Feature", "properties": { "canton_id": "B03039109", "canton": "Evou", "commune": "Amou 3", "prefecture": "Amou", "region": "Plateaux", "population": 7665, "densite_hab_km2": 230.9, "n_agences": 0, "n_mobile_money": 28, "n_mm_togocom": 28, "n_mm_moov": 22, "n_mm_multi": 22, "mm_pour_10k": 36.5, "agences_pour_100k": 0.0, "habitants_par_mm": 274.0, "couverture_mobile_pct": 100.0, "mm_1km_pct": 91.16, "togocom_5km_pct": 0.0, "n_banques": 0, "n_microfinance": 0, "n_postes": 0, "n_distributeurs": 0, "n_marches": 3, "n_ecoles": 6, "n_superieur": 0, "habitants_pres_marche": 7071, "habitants_pres_ecole": 6946, "indice_acces": 66.6, "distance_route_km": 0.15 }, "geometry": { "type": "Polygon", "coordinates": [ [ [ 1.06092155, 7.55282258 ], [ 1.0658954, 7.53418118 ], [ 1.05019563, 7.51478735 ], [ 1.05131883, 7.49459479 ], [ 1.05940583, 7.48441116 ], [ 1.05446377, 7.4789699 ], [ 1.02795637, 7.49517667 ], [ 1.02673333, 7.53202995 ], [ 0.99995623, 7.54563274 ], [ 1.0038581, 7.55841164 ], [ 1.06092155, 7.55282258 ] ] ] } },
{ "type": "Feature", "properties": { "canton_id": "B03039110", "canton": "Témédja", "commune": "Amou 3", "prefecture": "Amou", "region": "Plateaux", "population": 11062, "densite_hab_km2": 201.7, "n_agences": 0, "n_mobile_money": 30, "n_mm_togocom": 29, "n_mm_moov": 18, "n_mm_multi": 17, "mm_pour_10k": 27.1, "agences_pour_100k": 0.0, "habitants_par_mm": 369.0, "couverture_mobile_pct": 100.0, "mm_1km_pct": 84.2, "togocom_5km_pct": 0.0, "n_banques": 0, "n_microfinance": 1, "n_postes": 0, "n_distributeurs": 0, "n_marches": 1, "n_ecoles": 8, "n_superieur": 1, "habitants_pres_marche": 9345, "habitants_pres_ecole": 8595, "indice_acces": 63.3, "distance_route_km": 0.16 }, "geometry": { "type": "Polygon", "coordinates": [ [ [ 1.06503429, 7.55104783 ], [ 1.08507541, 7.55005775 ], [ 1.08780184, 7.52613428 ], [ 1.09917318, 7.51918185 ], [ 1.11719815, 7.52013134 ], [ 1.12053924, 7.51382844 ], [ 1.1029546, 7.46890014 ], [ 1.07859375, 7.46710303 ], [ 1.06158358, 7.44844551 ], [ 1.03526337, 7.44613672 ], [ 1.04502893, 7.48222249 ], [ 1.05860711, 7.48071709 ], [ 1.05019563, 7.51478735 ], [ 1.06479717, 7.53067432 ], [ 1.06092155, 7.55282258 ], [ 1.06503429, 7.55104783 ] ] ] } },
{ "type": "Feature", "properties": { "canton_id": "B03039111", "canton": "B03039111", "commune": "B03039111", "prefecture": "B03039111", "region": "Plateaux", "population": 4694, "densite_hab_km2": 48.8, "n_agences": 0, "n_mobile_money": 0, "n_mm_togocom": 0, "n_mm_moov": 0, "n_mm_multi": 0, "mm_pour_10k": 0.0, "agences_pour_100k": 0.0, "habitants_par_mm": null, "couverture_mobile_pct": 100.0, "mm_1km_pct": 5.83, "togocom_5km_pct": 0.0, "n_banques": 0, "n_microfinance": 0, "n_postes": 0, "n_distributeurs": 0, "n_marches": 1, "n_ecoles": 8, "n_superieur": 0, "habitants_pres_marche": 3478, "habitants_pres_ecole": 4409, "indice_acces": 38.7, "distance_route_km": 0.55 }, "geometry": { "type": "Polygon", "coordinates": [ [ [ 1.13254127, 7.50347324 ], [ 1.14146118, 7.50150783 ], [ 1.15499195, 7.41200531 ], [ 1.15085936, 7.38581274 ], [ 1.13674075, 7.35753255 ], [ 1.10196884, 7.39868952 ], [ 1.08329884, 7.39749145 ], [ 1.07341473, 7.4422695 ], [ 1.06158374, 7.44840963 ], [ 1.0785939, 7.46706715 ], [ 1.10295476, 7.46886426 ], [ 1.12053939, 7.51379256 ], [ 1.13254127, 7.50347324 ] ] ] } },
{ "type": "Feature", "properties": { "canton_id": "B04040112", "canton": "Pallakoko", "commune": "Anié 1", "prefecture": "Anié", "region": "Plateaux", "population": 17008, "densite_hab_km2": 83.5, "n_agences": 0, "n_mobile_money": 17, "n_mm_togocom": 15, "n_mm_moov": 7, "n_mm_multi": 6, "mm_pour_10k": 10.0, "agences_pour_100k": 0.0, "habitants_par_mm": 1000.0, "couverture_mobile_pct": 100.0, "mm_1km_pct": 51.88, "togocom_5km_pct": 0.34, "n_banques": 0, "n_microfinance": 0, "n_postes": 0, "n_distributeurs": 0, "n_marches": 1, "n_ecoles": 15, "n_superieur": 0, "habitants_pres_marche": 6742, "habitants_pres_ecole": 16671, "indice_acces": 50.3, "distance_route_km": 0.81 }, "geometry": { "type": "Polygon", "coordinates": [ [ [ 1.1520294, 7.97362314 ], [ 1.15313248, 7.90563887 ], [ 1.18651172, 7.87791879 ], [ 1.17048509, 7.86592288 ], [ 1.160248, 7.83437595 ], [ 1.16714237, 7.79906845 ], [ 1.16022189, 7.78658548 ], [ 1.09930597, 7.77998952 ], [ 1.0873682, 7.83346669 ], [ 1.08231073, 7.83575164 ], [ 1.08664572, 7.85523393 ], [ 1.07403339, 7.88164874 ], [ 1.04855569, 7.90218386 ], [ 1.04613522, 7.94327794 ], [ 1.0398624, 7.94583769 ], [ 1.03806301, 7.95654419 ], [ 1.1520294, 7.97362314 ] ] ] } },
{ "type": "Feature", "properties": { "canton_id": "B04040113", "canton": "Anié", "commune": "Anié 1", "prefecture": "Anié", "region": "Plateaux", "population": 100072, "densite_hab_km2": 329.3, "n_agences": 2, "n_mobile_money": 208, "n_mm_togocom": 192, "n_mm_moov": 151, "n_mm_multi": 150, "mm_pour_10k": 20.8, "agences_pour_100k": 2.0, "habitants_par_mm": 481.0, "couverture_mobile_pct": 100.0, "mm_1km_pct": 74.35, "togocom_5km_pct": 74.36, "n_banques": 4, "n_microfinance": 5, "n_postes": 1, "n_distributeurs": 2, "n_marches": 10, "n_ecoles": 67, "n_superieur": 0, "habitants_pres_marche": 88981, "habitants_pres_ecole": 91946, "indice_acces": 75.6, "distance_route_km": 1.23 }, "geometry": { "type": "Polygon", "coordinates": [ [ [ 1.28927613, 7.66223912 ], [ 1.26592424, 7.68090732 ], [ 1.19328757, 7.67937117 ], [ 1.18966783, 7.722252 ], [ 1.1735405, 7.7395878 ], [ 1.15147539, 7.73660409 ], [ 1.14348085, 7.70950746 ], [ 1.11320981, 7.70704887 ], [ 1.1066258, 7.7163705 ], [ 1.09930597, 7.77998952 ], [ 1.16022189, 7.78658548 ], [ 1.16714237, 7.79906845 ], [ 1.160248, 7.83437595 ], [ 1.17048509, 7.86592288 ], [ 1.18651172, 7.87791879 ], [ 1.27640323, 7.85343997 ], [ 1.21821598, 7.81839443 ], [ 1.22056633, 7.80029673 ], [ 1.23278816, 7.78172895 ], [ 1.23302319, 7.76010572 ], [ 1.26205003, 7.74905907 ], [ 1.33185545, 7.7518795 ], [ 1.38125934, 7.76310808 ], [ 1.38704849, 7.74219339 ], [ 1.35336851, 7.7203317 ], [ 1.28927613, 7.66223912 ] ] ] } },
{ "type": "Feature", "properties": { "canton_id": "B04040114", "canton": "Kolo-Kopé", "commune": "Anié 1", "prefecture": "Anié", "region": "Plateaux", "population": 19255, "densite_hab_km2": 134.6, "n_agences": 0, "n_mobile_money": 12, "n_mm_togocom": 11, "n_mm_moov": 9, "n_mm_multi": 9, "mm_pour_10k": 6.2, "agences_pour_100k": 0.0, "habitants_par_mm": 1605.0, "couverture_mobile_pct": 99.89, "mm_1km_pct": 45.47, "togocom_5km_pct": 0.0, "n_banques": 0, "n_microfinance": 0, "n_postes": 0, "n_distributeurs": 0, "n_marches": 3, "n_ecoles": 13, "n_superieur": 0, "habitants_pres_marche": 18033, "habitants_pres_ecole": 17036, "indice_acces": 33.8, "distance_route_km": 0.35 }, "geometry": { "type": "Polygon", "coordinates": [ [ [ 1.27640323, 7.85343997 ], [ 1.35023841, 7.81240524 ], [ 1.35072352, 7.7982686 ], [ 1.36965425, 7.79693928 ], [ 1.39905994, 7.78308336 ], [ 1.38125934, 7.76310808 ], [ 1.33185545, 7.7518795 ], [ 1.26205003, 7.74905907 ], [ 1.23302319, 7.76010572 ], [ 1.23278816, 7.78172895 ], [ 1.22056633, 7.80029673 ], [ 1.21821598, 7.81839443 ], [ 1.27640323, 7.85343997 ] ] ] } },
{ "type": "Feature", "properties": { "canton_id": "B04041115", "canton": "Adogbénou", "commune": "Anié 2", "prefecture": "Anié", "region": "Plateaux", "population": 24017, "densite_hab_km2": 48.7, "n_agences": 0, "n_mobile_money": 29, "n_mm_togocom": 29, "n_mm_moov": 27, "n_mm_multi": 27, "mm_pour_10k": 12.1, "agences_pour_100k": 0.0, "habitants_par_mm": 828.0, "couverture_mobile_pct": 0.0, "mm_1km_pct": 24.03, "togocom_5km_pct": 0.0, "n_banques": 0, "n_microfinance": 1, "n_postes": 0, "n_distributeurs": 0, "n_marches": 5, "n_ecoles": 37, "n_superieur": 0, "habitants_pres_marche": 19243, "habitants_pres_ecole": 23593, "indice_acces": 32.2, "distance_route_km": 0.7 }, "geometry": { "type": "Polygon", "coordinates": [ [ [ 1.51128053, 7.68160501 ], [ 1.42215545, 7.70826656 ], [ 1.38704849, 7.74219339 ], [ 1.38125934, 7.76310808 ], [ 1.39905994, 7.78308336 ], [ 1.4197959, 7.77537145 ], [ 1.47048984, 7.78255628 ], [ 1.48030712, 7.87613112 ], [ 1.49321224, 7.89429513 ], [ 1.53744583, 7.90980501 ], [ 1.629511, 7.91716261 ], [ 1.62449394, 7.83714096 ], [ 1.63430062, 7.81153437 ], [ 1.63114944, 7.69353021 ], [ 1.51128053, 7.68160501 ] ] ] } },
{ "type": "Feature", "properties": { "canton_id": "B04041116", "canton": "Atchinédji", "commune": "Anié 2", "prefecture": "Anié", "region": "Plateaux", "population": 16210, "densite_hab_km2": 38.4, "n_agences": 0, "n_mobile_money": 10, "n_mm_togocom": 10, "n_mm_moov": 9, "n_mm_multi": 9, "mm_pour_10k": 6.2, "agences_pour_100k": 0.0, "habitants_par_mm": 1621.0, "couverture_mobile_pct": 21.51, "mm_1km_pct": 31.8, "togocom_5km_pct": 0.0, "n_banques": 0, "n_microfinance": 0, "n_postes": 0, "n_distributeurs": 0, "n_marches": 5, "n_ecoles": 19, "n_superieur": 0, "habitants_pres_marche": 9724, "habitants_pres_ecole": 7579, "indice_acces": 27.1, "distance_route_km": 0.65 }, "geometry": { "type": "Polygon", "coordinates": [ [ [ 1.51128053, 7.68160501 ], [ 1.47503835, 7.64997785 ], [ 1.46563695, 7.63180181 ], [ 1.46438342, 7.61237224 ], [ 1.47566511, 7.57413986 ], [ 1.44182006, 7.51898496 ], [ 1.44784511, 7.48150082 ], [ 1.4387509, 7.44566721 ], [ 1.4305128, 7.4372891 ], [ 1.40700631, 7.46221806 ], [ 1.40338136, 7.4818287 ], [ 1.38319965, 7.48783765 ], [ 1.37664995, 7.49610209 ], [ 1.38427927, 7.50839091 ], [ 1.37902185, 7.52093864 ], [ 1.33832731, 7.53037683 ], [ 1.3362399, 7.54119072 ], [ 1.34833178, 7.54492768 ], [ 1.34825925, 7.55941133 ], [ 1.33040932, 7.55747101 ], [ 1.30669448, 7.57094484 ], [ 1.31598087, 7.59861053 ], [ 1.28465328, 7.60404673 ], [ 1.28374277, 7.61388365 ], [ 1.2946233, 7.6220956 ], [ 1.29871716, 7.63550851 ], [ 1.28927613, 7.66223912 ], [ 1.35336851, 7.7203317 ], [ 1.38704849, 7.74219339 ], [ 1.42215545, 7.70826656 ], [ 1.51128053, 7.68160501 ] ] ] } },
{ "type": "Feature", "properties": { "canton_id": "B04041117", "canton": "Glitto", "commune": "Anié 2", "prefecture": "Anié", "region": "Plateaux", "population": 21742, "densite_hab_km2": 53.5, "n_agences": 0, "n_mobile_money": 9, "n_mm_togocom": 9, "n_mm_moov": 5, "n_mm_multi": 5, "mm_pour_10k": 4.1, "agences_pour_100k": 0.0, "habitants_par_mm": 2416.0, "couverture_mobile_pct": 3.49, "mm_1km_pct": 15.77, "togocom_5km_pct": 0.0, "n_banques": 0, "n_microfinance": 0, "n_postes": 0, "n_distributeurs": 0, "n_marches": 2, "n_ecoles": 31, "n_superieur": 0, "habitants_pres_marche": 13629, "habitants_pres_ecole": 19338, "indice_acces": 23.4, "distance_route_km": 0.62 }, "geometry": { "type": "Polygon", "coordinates": [ [ [ 1.63115041, 7.69359818 ], [ 1.63048606, 7.64109915 ], [ 1.640094, 7.63624074 ], [ 1.64828784, 7.61057104 ], [ 1.63590293, 7.48224202 ], [ 1.59185518, 7.48438649 ], [ 1.53939159, 7.5057342 ], [ 1.5169373, 7.50361724 ], [ 1.50289012, 7.49197219 ], [ 1.44690727, 7.48472619 ], [ 1.44182006, 7.51898496 ], [ 1.47566511, 7.57413986 ], [ 1.46438342, 7.61237224 ], [ 1.46563695, 7.63180181 ], [ 1.47503835, 7.64997785 ], [ 1.51128053, 7.68160501 ], [ 1.63115041, 7.69359818 ] ] ] } },
{ "type": "Feature", "properties": { "canton_id": "B05042118", "canton": "Danyi-Atigba", "commune": "Danyi 1", "prefecture": "Danyi", "region": "Plateaux", "population": 15925, "densite_hab_km2": 140.9, "n_agences": 0, "n_mobile_money": 75, "n_mm_togocom": 60, "n_mm_moov": 61, "n_mm_multi": 52, "mm_pour_10k": 47.1, "agences_pour_100k": 0.0, "habitants_par_mm": 212.0, "couverture_mobile_pct": 100.0, "mm_1km_pct": 95.24, "togocom_5km_pct": 0.68, "n_banques": 0, "n_microfinance": 2, "n_postes": 1, "n_distributeurs": 0, "n_marches": 3, "n_ecoles": 25, "n_superieur": 0, "habitants_pres_marche": 15586, "habitants_pres_ecole": 15995, "indice_acces": 68.9, "distance_route_km": 0.31 }, "geometry": { "type": "Polygon", "coordinates": [ [ [ 0.69584369, 7.27548122 ], [ 0.68635202, 7.25377417 ], [ 0.7042725, 7.24845337 ], [ 0.7074063, 7.23696276 ], [ 0.75818393, 7.23588669 ], [ 0.7416042, 7.2080708 ], [ 0.73018045, 7.20057309 ], [ 0.70024694, 7.14241439 ], [ 0.67614846, 7.15147554 ], [ 0.67204228, 7.18246793 ], [ 0.66271568, 7.18543924 ], [ 0.67089709, 7.20664592 ], [ 0.6620657, 7.22224529 ], [ 0.67485883, 7.24609829 ], [ 0.67413664, 7.27341781 ], [ 0.6822252, 7.28266188 ], [ 0.67879994, 7.34142775 ], [ 0.66837641, 7.36059565 ], [ 0.72414987, 7.36951199 ], [ 0.72627671, 7.35932121 ], [ 0.71053516, 7.30304836 ], [ 0.69584369, 7.27548122 ] ] ] } },
{ "type": "Feature", "properties": { "canton_id": "B06045127", "canton": "Badin-Copé", "commune": "Est-Mono 2", "prefecture": "Est-Mono", "region": "Plateaux", "population": 25210, "densite_hab_km2": 64.0, "n_agences": 0, "n_mobile_money": 30, "n_mm_togocom": 22, "n_mm_moov": 13, "n_mm_multi": 10, "mm_pour_10k": 11.9, "agences_pour_100k": 0.0, "habitants_par_mm": 840.0, "couverture_mobile_pct": 25.17, "mm_1km_pct": 53.36, "togocom_5km_pct": 0.0, "n_banques": 0, "n_microfinance": 0, "n_postes": 0, "n_distributeurs": 0, "n_marches": 6, "n_ecoles": 22, "n_superieur": 0, "habitants_pres_marche": 14554, "habitants_pres_ecole": 15001, "indice_acces": 35.7, "distance_route_km": 0.46 }, "geometry": { "type": "Polygon", "coordinates": [ [ [ 1.47795257, 8.03736644 ], [ 1.46614612, 8.01074034 ], [ 1.43738902, 8.02575982 ], [ 1.45542837, 8.05080914 ], [ 1.47554998, 8.116286 ], [ 1.46971328, 8.15968262 ], [ 1.4262579, 8.17973895 ], [ 1.45341751, 8.26393375 ], [ 1.48893393, 8.29276472 ], [ 1.49874011, 8.31888626 ], [ 1.48165047, 8.3674463 ], [ 1.57321834, 8.3675532 ], [ 1.59849946, 8.33800245 ], [ 1.6020511, 8.30332171 ], [ 1.57175769, 8.20659171 ], [ 1.54940324, 8.17504478 ], [ 1.5646544, 8.15728657 ], [ 1.5594314, 8.14328892 ], [ 1.53665911, 8.12782884 ], [ 1.52495959, 8.08771618 ], [ 1.49926241, 8.06640633 ], [ 1.47795257, 8.03736644 ] ] ] } },
{ "type": "Feature", "properties": { "canton_id": "B05042119", "canton": "Yikpa", "commune": "Danyi 1", "prefecture": "Danyi", "region": "Plateaux", "population": 1426, "densite_hab_km2": 50.5, "n_agences": 0, "n_mobile_money": 2, "n_mm_togocom": 2, "n_mm_moov": 0, "n_mm_multi": 0, "mm_pour_10k": 14.0, "agences_pour_100k": 0.0, "habitants_par_mm": 713.0, "couverture_mobile_pct": 100.0, "mm_1km_pct": 63.41, "togocom_5km_pct": 13.11, "n_banques": 0, "n_microfinance": 0, "n_postes": 0, "n_distributeurs": 0, "n_marches": 0, "n_ecoles": 4, "n_superieur": 0, "habitants_pres_marche": 1151, "habitants_pres_ecole": 1910, "indice_acces": 55.2, "distance_route_km": 0.61 }, "geometry": { "type": "Polygon", "coordinates": [ [ [ 0.61736084, 7.16299387 ], [ 0.62345988, 7.15898526 ], [ 0.62344901, 7.13278106 ], [ 0.69566172, 7.12917266 ], [ 0.70138089, 7.12043092 ], [ 0.63477821, 7.11377861 ], [ 0.61226697, 7.10492304 ], [ 0.59664913, 7.11431977 ], [ 0.58844087, 7.10916561 ], [ 0.59691384, 7.13405691 ], [ 0.60566481, 7.14200199 ], [ 0.60545571, 7.1541034 ], [ 0.61736084, 7.16299387 ] ] ] } },
{ "type": "Feature", "properties": { "canton_id": "B05042120", "canton": "Danyi-Kakpa", "commune": "Danyi 1", "prefecture": "Danyi", "region": "Plateaux", "population": 3278, "densite_hab_km2": 72.3, "n_agences": 0, "n_mobile_money": 22, "n_mm_togocom": 14, "n_mm_moov": 19, "n_mm_multi": 13, "mm_pour_10k": 67.1, "agences_pour_100k": 0.0, "habitants_par_mm": 149.0, "couverture_mobile_pct": 100.0, "mm_1km_pct": 81.49, "togocom_5km_pct": 3.52, "n_banques": 0, "n_microfinance": 0, "n_postes": 0, "n_distributeurs": 0, "n_marches": 0, "n_ecoles": 11, "n_superieur": 0, "habitants_pres_marche": 112, "habitants_pres_ecole": 3471, "indice_acces": 70.2, "distance_route_km": 0.21 }, "geometry": { "type": "Polygon", "coordinates": [ [ [ 0.63434247, 7.20850577 ], [ 0.67204228, 7.18246793 ], [ 0.67614846, 7.15147554 ], [ 0.70024694, 7.14241439 ], [ 0.69566172, 7.12917266 ], [ 0.62344901, 7.13278106 ], [ 0.62345988, 7.15898526 ], [ 0.61549705, 7.17467605 ], [ 0.61874557, 7.18422516 ], [ 0.6275109, 7.18731245 ], [ 0.63434247, 7.20850577 ] ] ] } },
{ "type": "Feature", "properties": { "canton_id": "B05043121", "canton": "Danyi-Kpeto-Evita", "commune": "Danyi 2", "prefecture": "Danyi", "region": "Plateaux", "population": 6655, "densite_hab_km2": 70.4, "n_agences": 0, "n_mobile_money": 6, "n_mm_togocom": 5, "n_mm_moov": 6, "n_mm_multi": 5, "mm_pour_10k": 9.0, "agences_pour_100k": 0.0, "habitants_par_mm": 1109.0, "couverture_mobile_pct": 100.0, "mm_1km_pct": 41.18, "togocom_5km_pct": 0.0, "n_banques": 0, "n_microfinance": 0, "n_postes": 0, "n_distributeurs": 0, "n_marches": 0, "n_ecoles": 17, "n_superieur": 0, "habitants_pres_marche": 2371, "habitants_pres_ecole": 2902, "indice_acces": 49.4, "distance_route_km": 0.07 }, "geometry": { "type": "Polygon", "coordinates": [ [ [ 0.83194188, 7.39509419 ], [ 0.83794976, 7.37355882 ], [ 0.82982161, 7.3486878 ], [ 0.81806531, 7.32775005 ], [ 0.79122762, 7.32148293 ], [ 0.78440786, 7.28898373 ], [ 0.75818393, 7.23588669 ], [ 0.7074063, 7.23696276 ], [ 0.7042725, 7.24845337 ], [ 0.68635202, 7.25377417 ], [ 0.69584369, 7.27548122 ], [ 0.72673141, 7.27049444 ], [ 0.75201074, 7.29284889 ], [ 0.77582763, 7.33484182 ], [ 0.7835702, 7.39186737 ], [ 0.79499102, 7.38721819 ], [ 0.80641187, 7.38932582 ], [ 0.80684634, 7.39465688 ], [ 0.83194188, 7.39509419 ] ] ] } },
{ "type": "Feature", "properties": { "canton_id": "B05043122", "canton": "Danyi-Elavagnon", "commune": "Danyi 2", "prefecture": "Danyi", "region": "Plateaux", "population": 7789, "densite_hab_km2": 92.4, "n_agences": 0, "n_mobile_money": 27, "n_mm_togocom": 22, "n_mm_moov": 22, "n_mm_multi": 18, "mm_pour_10k": 34.7, "agences_pour_100k": 0.0, "habitants_par_mm": 288.0, "couverture_mobile_pct": 100.0, "mm_1km_pct": 69.64, "togocom_5km_pct": 0.0, "n_banques": 0, "n_microfinance": 1, "n_postes": 0, "n_distributeurs": 0, "n_marches": 2, "n_ecoles": 13, "n_superieur": 0, "habitants_pres_marche": 6003, "habitants_pres_ecole": 5915, "indice_acces": 65.9, "distance_route_km": 0.47 }, "geometry": { "type": "Polygon", "coordinates": [ [ [ 0.7835702, 7.39186737 ], [ 0.77582763, 7.33484182 ], [ 0.75201074, 7.29284889 ], [ 0.72673141, 7.27049444 ], [ 0.69584369, 7.27548122 ], [ 0.71053516, 7.30304836 ], [ 0.72618604, 7.36693311 ], [ 0.66837641, 7.36059565 ], [ 0.66943612, 7.37893472 ], [ 0.67978214, 7.38313402 ], [ 0.72739477, 7.37832106 ], [ 0.7481525, 7.38999779 ], [ 0.7835702, 7.39186737 ] ] ] } },
{ "type": "Feature", "properties": { "canton_id": "B06044124", "canton": "Elavagnon", "commune": "Est-Mono 1", "prefecture": "Est-Mono", "region": "Plateaux", "population": 46433, "densite_hab_km2": 83.1, "n_agences": 0, "n_mobile_money": 54, "n_mm_togocom": 50, "n_mm_moov": 36, "n_mm_multi": 36, "mm_pour_10k": 11.6, "agences_pour_100k": 0.0, "habitants_par_mm": 860.0, "couverture_mobile_pct": 88.01, "mm_1km_pct": 37.6, "togocom_5km_pct": 0.0, "n_banques": 0, "n_microfinance": 1, "n_postes": 1, "n_distributeurs": 0, "n_marches": 3, "n_ecoles": 42, "n_superieur": 0, "habitants_pres_marche": 34303, "habitants_pres_ecole": 51746, "indice_acces": 38.8, "distance_route_km": 1.62 }, "geometry": { "type": "Polygon", "coordinates": [ [ [ 1.63105563, 8.00594422 ], [ 1.629511, 7.91716261 ], [ 1.54800935, 7.91142305 ], [ 1.50507191, 7.89992599 ], [ 1.4516393, 7.94149973 ], [ 1.4111088, 7.93794808 ], [ 1.38833651, 7.90807251 ], [ 1.35511822, 7.89052322 ], [ 1.3039328, 7.8882251 ], [ 1.29160651, 7.87192934 ], [ 1.26566364, 7.8586353 ], [ 1.18651172, 7.87791879 ], [ 1.20004967, 7.90246935 ], [ 1.21947924, 7.91187075 ], [ 1.22983384, 7.94941108 ], [ 1.28084952, 8.00914917 ], [ 1.34453097, 8.00561058 ], [ 1.39804063, 8.02561468 ], [ 1.43738902, 8.02575982 ], [ 1.4871274, 8.00538144 ], [ 1.57760384, 8.039527 ], [ 1.63125252, 8.04145009 ], [ 1.63105563, 8.00594422 ] ] ] } },
{ "type": "Feature", "properties": { "canton_id": "B05043123", "canton": "Ahlon", "commune": "Danyi 2", "prefecture": "Danyi", "region": "Plateaux", "population": 3051, "densite_hab_km2": 48.6, "n_agences": 0, "n_mobile_money": 10, "n_mm_togocom": 9, "n_mm_moov": 5, "n_mm_multi": 5, "mm_pour_10k": 32.8, "agences_pour_100k": 0.0, "habitants_par_mm": 305.0, "couverture_mobile_pct": 100.0, "mm_1km_pct": 81.23, "togocom_5km_pct": 0.0, "n_banques": 0, "n_microfinance": 0, "n_postes": 0, "n_distributeurs": 0, "n_marches": 0, "n_ecoles": 12, "n_superieur": 0, "habitants_pres_marche": 1494, "habitants_pres_ecole": 4405, "indice_acces": 65.1, "distance_route_km": 0.58 }, "geometry": { "type": "Polygon", "coordinates": [ [ [ 0.6498544, 7.37712251 ], [ 0.66943612, 7.37893472 ], [ 0.66654717, 7.3639592 ], [ 0.67955051, 7.33306321 ], [ 0.6822252, 7.28266188 ], [ 0.67413664, 7.27341781 ], [ 0.67485883, 7.24609829 ], [ 0.6620657, 7.22224529 ], [ 0.67089709, 7.20664592 ], [ 0.66271568, 7.18543924 ], [ 0.63426124, 7.20858243 ], [ 0.64544796, 7.2921073 ], [ 0.65179556, 7.29252979 ], [ 0.65091566, 7.30462855 ], [ 0.65845023, 7.3154349 ], [ 0.6414074, 7.37057088 ], [ 0.6498544, 7.37712251 ] ] ] } },
{ "type": "Feature", "properties": { "canton_id": "B06044125", "canton": "Gbadjahè", "commune": "Est-Mono 1", "prefecture": "Est-Mono", "region": "Plateaux", "population": 17314, "densite_hab_km2": 65.3, "n_agences": 0, "n_mobile_money": 15, "n_mm_togocom": 13, "n_mm_moov": 12, "n_mm_multi": 12, "mm_pour_10k": 8.7, "agences_pour_100k": 0.0, "habitants_par_mm": 1154.0, "couverture_mobile_pct": 90.24, "mm_1km_pct": 38.73, "togocom_5km_pct": 0.0, "n_banques": 0, "n_microfinance": 0, "n_postes": 0, "n_distributeurs": 0, "n_marches": 2, "n_ecoles": 14, "n_superieur": 0, "habitants_pres_marche": 11561, "habitants_pres_ecole": 13306, "indice_acces": 35.4, "distance_route_km": 0.96 }, "geometry": { "type": "Polygon", "coordinates": [ [ [ 1.47481277, 7.81425714 ], [ 1.46765963, 7.77998103 ], [ 1.4197959, 7.77537145 ], [ 1.36965425, 7.79693928 ], [ 1.35072352, 7.7982686 ], [ 1.35023841, 7.81240524 ], [ 1.26566364, 7.8586353 ], [ 1.29160651, 7.87192934 ], [ 1.3039328, 7.8882251 ], [ 1.35511822, 7.89052322 ], [ 1.38833651, 7.90807251 ], [ 1.4111088, 7.93794808 ], [ 1.4516393, 7.94149973 ], [ 1.50507191, 7.89992599 ], [ 1.48121439, 7.8789142 ], [ 1.47481277, 7.81425714 ] ] ] } },
{ "type": "Feature", "properties": { "canton_id": "B06045126", "canton": "Morétan", "commune": "Est-Mono 2", "prefecture": "Est-Mono", "region": "Plateaux", "population": 66516, "densite_hab_km2": 81.3, "n_agences": 0, "n_mobile_money": 51, "n_mm_togocom": 48, "n_mm_moov": 38, "n_mm_multi": 35, "mm_pour_10k": 7.7, "agences_pour_100k": 0.0, "habitants_par_mm": 1304.0, "couverture_mobile_pct": 74.87, "mm_1km_pct": 30.59, "togocom_5km_pct": 0.0, "n_banques": 0, "n_microfinance": 1, "n_postes": 0, "n_distributeurs": 0, "n_marches": 3, "n_ecoles": 55, "n_superieur": 0, "habitants_pres_marche": 28628, "habitants_pres_ecole": 43655, "indice_acces": 31.9, "distance_route_km": 0.64 }, "geometry": { "type": "Polygon", "coordinates": [ [ [ 1.33660785, 8.36715472 ], [ 1.48165047, 8.3674463 ], [ 1.49874011, 8.31888626 ], [ 1.48893393, 8.29276472 ], [ 1.45341751, 8.26393375 ], [ 1.4262579, 8.17973895 ], [ 1.46971328, 8.15968262 ], [ 1.47554998, 8.116286 ], [ 1.45542837, 8.05080914 ], [ 1.43491503, 8.02232419 ], [ 1.39804063, 8.02561468 ], [ 1.31264454, 8.0532966 ], [ 1.3017807, 8.05883298 ], [ 1.28432281, 8.09029504 ], [ 1.25950798, 8.09266266 ], [ 1.26783791, 8.10683369 ], [ 1.25979589, 8.11303075 ], [ 1.26575561, 8.12344758 ], [ 1.26286316, 8.14814726 ], [ 1.27083086, 8.15656115 ], [ 1.2635977, 8.19700909 ], [ 1.26913994, 8.20784988 ], [ 1.25495389, 8.21946959 ], [ 1.25673496, 8.22816558 ], [ 1.24835233, 8.24196656 ], [ 1.25501477, 8.240649 ], [ 1.26115777, 8.24841923 ], [ 1.23328756, 8.30922585 ], [ 1.24349128, 8.34707272 ], [ 1.23783814, 8.35790303 ], [ 1.2515407, 8.37135092 ], [ 1.33660785, 8.36715472 ] ] ] } },
{ "type": "Feature", "properties": { "canton_id": "B06046129", "canton": "Kpéssi", "commune": "Est-Mono 3", "prefecture": "Est-Mono", "region": "Plateaux", "population": 8988, "densite_hab_km2": 92.8, "n_agences": 0, "n_mobile_money": 6, "n_mm_togocom": 6, "n_mm_moov": 6, "n_mm_multi": 6, "mm_pour_10k": 6.7, "agences_pour_100k": 0.0, "habitants_par_mm": 1498.0, "couverture_mobile_pct": 100.0, "mm_1km_pct": 18.92, "togocom_5km_pct": 0.0, "n_banques": 0, "n_microfinance": 0, "n_postes": 0, "n_distributeurs": 0, "n_marches": 2, "n_ecoles": 9, "n_superieur": 0, "habitants_pres_marche": 5854, "habitants_pres_ecole": 8231, "indice_acces": 45.4, "distance_route_km": 0.01 }, "geometry": { "type": "Polygon", "coordinates": [ [ [ 1.37359698, 8.03271797 ], [ 1.39804063, 8.02561468 ], [ 1.34453097, 8.00561058 ], [ 1.28084952, 8.00914917 ], [ 1.26444929, 7.9865858 ], [ 1.2096675, 8.00235651 ], [ 1.23069937, 8.01368856 ], [ 1.23309656, 8.03124594 ], [ 1.24412592, 8.03135925 ], [ 1.26119685, 8.05832344 ], [ 1.26591743, 8.08214357 ], [ 1.25950798, 8.09266266 ], [ 1.28432281, 8.09029504 ], [ 1.3017807, 8.05883298 ], [ 1.37359698, 8.03271797 ] ] ] } },
{ "type": "Feature", "properties": { "canton_id": "B06045128", "canton": "Kamina", "commune": "Est-Mono 2", "prefecture": "Est-Mono", "region": "Plateaux", "population": 13377, "densite_hab_km2": 44.9, "n_agences": 0, "n_mobile_money": 18, "n_mm_togocom": 15, "n_mm_moov": 14, "n_mm_multi": 11, "mm_pour_10k": 13.5, "agences_pour_100k": 0.0, "habitants_par_mm": 743.0, "couverture_mobile_pct": 14.03, "mm_1km_pct": 49.33, "togocom_5km_pct": 0.0, "n_banques": 0, "n_microfinance": 0, "n_postes": 0, "n_distributeurs": 0, "n_marches": 4, "n_ecoles": 13, "n_superieur": 0, "habitants_pres_marche": 12374, "habitants_pres_ecole": 11687, "indice_acces": 36.7, "distance_route_km": 1.43 }, "geometry": { "type": "Polygon", "coordinates": [ [ [ 1.57458874, 8.36755222 ], [ 1.61985434, 8.36753267 ], [ 1.62458312, 8.35667058 ], [ 1.61148052, 8.33346461 ], [ 1.62300669, 8.31925872 ], [ 1.6321755, 8.23124417 ], [ 1.6357756, 8.13912153 ], [ 1.63118829, 8.04144779 ], [ 1.57760384, 8.039527 ], [ 1.4871274, 8.00538144 ], [ 1.46614612, 8.01074034 ], [ 1.49926241, 8.06640633 ], [ 1.52495959, 8.08771618 ], [ 1.53665911, 8.12782884 ], [ 1.5594314, 8.14328892 ], [ 1.5646544, 8.15728657 ], [ 1.54940324, 8.17504478 ], [ 1.57175769, 8.20659171 ], [ 1.6020511, 8.30332171 ], [ 1.59849946, 8.33800245 ], [ 1.57458874, 8.36755222 ] ] ] } },
{ "type": "Feature", "properties": { "canton_id": "B06046130", "canton": "Nyamassila", "commune": "Est-Mono 3", "prefecture": "Est-Mono", "region": "Plateaux", "population": 13851, "densite_hab_km2": 146.8, "n_agences": 0, "n_mobile_money": 35, "n_mm_togocom": 34, "n_mm_moov": 31, "n_mm_multi": 30, "mm_pour_10k": 25.3, "agences_pour_100k": 0.0, "habitants_par_mm": 396.0, "couverture_mobile_pct": 100.0, "mm_1km_pct": 41.33, "togocom_5km_pct": 0.0, "n_banques": 0, "n_microfinance": 1, "n_postes": 0, "n_distributeurs": 0, "n_marches": 0, "n_ecoles": 12, "n_superieur": 0, "habitants_pres_marche": 6206, "habitants_pres_ecole": 15530, "indice_acces": 62.4, "distance_route_km": 0.16 }, "geometry": { "type": "Polygon", "coordinates": [ [ [ 1.22132035, 7.99492954 ], [ 1.26444929, 7.9865858 ], [ 1.22983384, 7.94941108 ], [ 1.21947924, 7.91187075 ], [ 1.20004967, 7.90246935 ], [ 1.18651172, 7.87791879 ], [ 1.15313248, 7.90563887 ], [ 1.1520294, 7.97362314 ], [ 1.17588773, 7.98001086 ], [ 1.1899941, 7.99507515 ], [ 1.2096675, 8.00235651 ], [ 1.22132035, 7.99492954 ] ] ] } },
{ "type": "Feature", "properties": { "canton_id": "B07047131", "canton": "Notsé", "commune": "Haho 1", "prefecture": "Haho", "region": "Plateaux", "population": 67254, "densite_hab_km2": 470.9, "n_agences": 1, "n_mobile_money": 114, "n_mm_togocom": 98, "n_mm_moov": 97, "n_mm_multi": 90, "mm_pour_10k": 17.0, "agences_pour_100k": 1.49, "habitants_par_mm": 590.0, "couverture_mobile_pct": 100.0, "mm_1km_pct": 90.92, "togocom_5km_pct": 91.51, "n_banques": 3, "n_microfinance": 10, "n_postes": 1, "n_distributeurs": 2, "n_marches": 2, "n_ecoles": 50, "n_superieur": 1, "habitants_pres_marche": 63853, "habitants_pres_ecole": 65951, "indice_acces": 72.8, "distance_route_km": 0.16 }, "geometry": { "type": "Polygon", "coordinates": [ [ [ 1.03871464, 6.831294 ], [ 1.07487788, 6.93260241 ], [ 1.06491972, 6.98322943 ], [ 1.06986782, 6.97737884 ], [ 1.10737105, 6.97715427 ], [ 1.19529037, 6.96281836 ], [ 1.19772314, 6.94504073 ], [ 1.1861952, 6.91659516 ], [ 1.14682055, 6.92093685 ], [ 1.11597957, 6.89847983 ], [ 1.09891223, 6.85985375 ], [ 1.10885058, 6.82889552 ], [ 1.03871464, 6.831294 ] ] ] } },
{ "type": "Feature", "properties": { "canton_id": "B07047132", "canton": "Dalia", "commune": "Haho 1", "prefecture": "Haho", "region": "Plateaux", "population": 38218, "densite_hab_km2": 125.7, "n_agences": 0, "n_mobile_money": 27, "n_mm_togocom": 19, "n_mm_moov": 20, "n_mm_multi": 19, "mm_pour_10k": 7.1, "agences_pour_100k": 0.0, "habitants_par_mm": 1415.0, "couverture_mobile_pct": 92.62, "mm_1km_pct": 32.91, "togocom_5km_pct": 0.0, "n_banques": 0, "n_microfinance": 0, "n_postes": 0, "n_distributeurs": 0, "n_marches": 6, "n_ecoles": 36, "n_superieur": 0, "habitants_pres_marche": 29864, "habitants_pres_ecole": 26243, "indice_acces": 33.0, "distance_route_km": 1.1 }, "geometry": { "type": "Polygon", "coordinates": [ [ [ 1.43741443, 6.89245386 ], [ 1.46512016, 6.85135823 ], [ 1.43661829, 6.85820475 ], [ 1.39526558, 6.85675341 ], [ 1.30444789, 6.805269 ], [ 1.23754407, 6.74128904 ], [ 1.23812285, 6.73532815 ], [ 1.12085564, 6.81323139 ], [ 1.16665759, 6.84312327 ], [ 1.18821633, 6.84911181 ], [ 1.2472783, 6.8496358 ], [ 1.26576792, 6.90547894 ], [ 1.3144248, 6.88204877 ], [ 1.33688183, 6.88983388 ], [ 1.38823355, 6.92980738 ], [ 1.41346028, 6.93856562 ], [ 1.43741443, 6.89245386 ] ] ] } },
{ "type": "Feature", "properties": { "canton_id": "B07047133", "canton": "Atchavé", "commune": "Haho 1", "prefecture": "Haho", "region": "Plateaux", "population": 21946, "densite_hab_km2": 164.5, "n_agences": 0, "n_mobile_money": 26, "n_mm_togocom": 24, "n_mm_moov": 25, "n_mm_multi": 24, "mm_pour_10k": 11.8, "agences_pour_100k": 0.0, "habitants_par_mm": 844.0, "couverture_mobile_pct": 100.0, "mm_1km_pct": 49.47, "togocom_5km_pct": 0.0, "n_banques": 0, "n_microfinance": 1, "n_postes": 0, "n_distributeurs": 0, "n_marches": 2, "n_ecoles": 19, "n_superieur": 0, "habitants_pres_marche": 16210, "habitants_pres_ecole": 18831, "indice_acces": 52.7, "distance_route_km": 0.48 }, "geometry": { "type": "Polygon", "coordinates": [ [ [ 1.1861952, 6.91659516 ], [ 1.21411677, 6.90488008 ], [ 1.26576792, 6.90547894 ], [ 1.2472783, 6.8496358 ], [ 1.18821633, 6.84911181 ], [ 1.16665759, 6.84312327 ], [ 1.11774305, 6.81172893 ], [ 1.10395629, 6.81251965 ], [ 1.11463666, 6.82709545 ], [ 1.10885058, 6.82889552 ], [ 1.09891223, 6.85985375 ], [ 1.11597957, 6.89847983 ], [ 1.14682055, 6.92093685 ], [ 1.1861952, 6.91659516 ] ] ] } },
{ "type": "Feature", "properties": { "canton_id": "B07047134", "canton": "B07047134", "commune": "B07047134", "prefecture": "B07047134", "region": "Plateaux", "population": 22668, "densite_hab_km2": 70.5, "n_agences": 0, "n_mobile_money": 20, "n_mm_togocom": 17, "n_mm_moov": 14, "n_mm_multi": 14, "mm_pour_10k": 8.8, "agences_pour_100k": 0.0, "habitants_par_mm": 1133.0, "couverture_mobile_pct": 90.05, "mm_1km_pct": 38.76, "togocom_5km_pct": 0.0, "n_banques": 0, "n_microfinance": 1, "n_postes": 0, "n_distributeurs": 0, "n_marches": 5, "n_ecoles": 25, "n_superieur": 0, "habitants_pres_marche": 12501, "habitants_pres_ecole": 12310, "indice_acces": 35.6, "distance_route_km": 0.09 }, "geometry": { "type": "Polygon", "coordinates": [ [ [ 0.92321073, 6.90625013 ], [ 0.90900815, 6.92956412 ], [ 0.91517406, 6.98279609 ], [ 0.95680974, 7.01198972 ], [ 0.98468954, 7.01657019 ], [ 0.98612836, 7.00058235 ], [ 1.0468868, 6.99212562 ], [ 1.06491972, 6.98322943 ], [ 1.07487788, 6.93260241 ], [ 1.03871464, 6.831294 ], [ 0.88388893, 6.83567345 ], [ 0.88728525, 6.8992962 ], [ 0.92321073, 6.90625013 ] ] ] } },
{ "type": "Feature", "properties": { "canton_id": "B07049136", "canton": "Kpédomé", "commune": "Haho 3", "prefecture": "Haho", "region": "Plateaux", "population": 44275, "densite_hab_km2": 104.7, "n_agences": 1, "n_mobile_money": 105, "n_mm_togocom": 78, "n_mm_moov": 89, "n_mm_multi": 72, "mm_pour_10k": 23.7, "agences_pour_100k": 2.26, "habitants_par_mm": 422.0, "couverture_mobile_pct": 96.03, "mm_1km_pct": 65.71, "togocom_5km_pct": 34.51, "n_banques": 0, "n_microfinance": 0, "n_postes": 0, "n_distributeurs": 0, "n_marches": 2, "n_ecoles": 53, "n_superieur": 0, "habitants_pres_marche": 23263, "habitants_pres_ecole": 36851, "indice_acces": 64.9, "distance_route_km": 0.32 }, "geometry": { "type": "Polygon", "coordinates": [ [ [ 1.31861678, 7.11054899 ], [ 1.32370704, 7.04317792 ], [ 1.26180051, 7.02708372 ], [ 1.21778475, 6.99669188 ], [ 1.19529037, 6.96281836 ], [ 1.10737105, 6.97715427 ], [ 1.06986782, 6.97737884 ], [ 1.0468868, 6.99212562 ], [ 0.98612836, 7.00058235 ], [ 0.98473249, 7.01681972 ], [ 0.9674089, 7.03234331 ], [ 0.96785516, 7.04639951 ], [ 0.96046524, 7.05623991 ], [ 0.96366219, 7.07443531 ], [ 1.00462178, 7.10448033 ], [ 1.01349013, 7.08267714 ], [ 1.03460588, 7.07561308 ], [ 1.03191854, 7.05255063 ], [ 1.09003799, 7.04365073 ], [ 1.11266728, 7.05526871 ], [ 1.13709932, 7.10653863 ], [ 1.27213074, 7.12252607 ], [ 1.31861678, 7.11054899 ] ] ] } },
{ "type": "Feature", "properties": { "canton_id": "B07048135", "canton": "Asrama", "commune": "Haho 2", "prefecture": "Haho", "region": "Plateaux", "population": 37456, "densite_hab_km2": 62.8, "n_agences": 0, "n_mobile_money": 32, "n_mm_togocom": 22, "n_mm_moov": 30, "n_mm_multi": 20, "mm_pour_10k": 8.5, "agences_pour_100k": 0.0, "habitants_par_mm": 1170.0, "couverture_mobile_pct": 37.38, "mm_1km_pct": 50.77, "togocom_5km_pct": 0.0, "n_banques": 0, "n_microfinance": 2, "n_postes": 1, "n_distributeurs": 0, "n_marches": 3, "n_ecoles": 48, "n_superieur": 0, "habitants_pres_marche": 34343, "habitants_pres_ecole": 39311, "indice_acces": 31.3, "distance_route_km": 0.28 }, "geometry": { "type": "Polygon", "coordinates": [ [ [ 1.40021063, 7.16234986 ], [ 1.44271831, 7.16297668 ], [ 1.44136554, 7.12885702 ], [ 1.46155748, 7.12218511 ], [ 1.46636747, 7.11226294 ], [ 1.4616385, 7.10124302 ], [ 1.4995848, 7.10744452 ], [ 1.50784172, 7.09170179 ], [ 1.57709879, 7.06088964 ], [ 1.53392102, 7.01955374 ], [ 1.53579758, 7.01430618 ], [ 1.5532122, 7.0134066 ], [ 1.56000513, 6.9721045 ], [ 1.58027284, 6.94003473 ], [ 1.58244266, 6.9103753 ], [ 1.50293523, 6.87186505 ], [ 1.48055064, 6.8476406 ], [ 1.46124732, 6.85229075 ], [ 1.41346028, 6.93856562 ], [ 1.3604617, 6.974684 ], [ 1.35484745, 6.98359195 ], [ 1.35709315, 6.99878787 ], [ 1.32370704, 7.04317792 ], [ 1.31861678, 7.11054899 ], [ 1.33283956, 7.12656833 ], [ 1.35125432, 7.12581976 ], [ 1.37281306, 7.14423452 ], [ 1.38344272, 7.14273739 ], [ 1.38718556, 7.1494745 ], [ 1.38254444, 7.15800816 ], [ 1.40021063, 7.16234986 ] ] ] } },
{ "type": "Feature", "properties": { "canton_id": "B07050137", "canton": "Kpegnon (Haito)", "commune": "Haho 4", "prefecture": "Haho", "region": "Plateaux", "population": 14492, "densite_hab_km2": 68.3, "n_agences": 0, "n_mobile_money": 13, "n_mm_togocom": 10, "n_mm_moov": 13, "n_mm_multi": 10, "mm_pour_10k": 9.0, "agences_pour_100k": 0.0, "habitants_par_mm": 1115.0, "couverture_mobile_pct": 69.08, "mm_1km_pct": 39.97, "togocom_5km_pct": 0.0, "n_banques": 0, "n_microfinance": 0, "n_postes": 0, "n_distributeurs": 0, "n_marches": 2, "n_ecoles": 20, "n_superieur": 0, "habitants_pres_marche": 12919, "habitants_pres_ecole": 13791, "indice_acces": 34.2, "distance_route_km": 0.93 }, "geometry": { "type": "Polygon", "coordinates": [ [ [ 1.03552541, 7.19571506 ], [ 1.06414138, 7.17161997 ], [ 1.05375474, 7.1578578 ], [ 1.02232317, 7.13872869 ], [ 1.00593398, 7.11699515 ], [ 1.00475325, 7.10457676 ], [ 0.96366219, 7.07443531 ], [ 0.94053163, 7.11310114 ], [ 0.93922955, 7.14351726 ], [ 0.92806907, 7.16989363 ], [ 0.93387082, 7.21034016 ], [ 0.93187272, 7.26366812 ], [ 0.95782251, 7.29912746 ], [ 0.97652961, 7.30004764 ], [ 0.98939662, 7.29063735 ], [ 0.99779136, 7.25440216 ], [ 1.00807363, 7.25158013 ], [ 1.03552541, 7.19571506 ] ] ] } },
{ "type": "Feature", "properties": { "canton_id": "B07050139", "canton": "B07050139", "commune": "B07050139", "prefecture": "B07050139", "region": "Plateaux", "population": 11696, "densite_hab_km2": 98.3, "n_agences": 0, "n_mobile_money": 13, "n_mm_togocom": 11, "n_mm_moov": 12, "n_mm_multi": 10, "mm_pour_10k": 11.1, "agences_pour_100k": 0.0, "habitants_par_mm": 900.0, "couverture_mobile_pct": 100.0, "mm_1km_pct": 53.0, "togocom_5km_pct": 0.0, "n_banques": 0, "n_microfinance": 0, "n_postes": 0, "n_distributeurs": 0, "n_marches": 1, "n_ecoles": 14, "n_superieur": 0, "habitants_pres_marche": 3366, "habitants_pres_ecole": 8996, "indice_acces": 52.1, "distance_route_km": 0.4 }, "geometry": { "type": "Polygon", "coordinates": [ [ [ 1.07247572, 7.14925469 ], [ 1.08364146, 7.14767793 ], [ 1.10355335, 7.13105974 ], [ 1.11103903, 7.1139924 ], [ 1.13709932, 7.10653863 ], [ 1.11266728, 7.05526871 ], [ 1.09003799, 7.04365073 ], [ 1.03191854, 7.05255063 ], [ 1.03460588, 7.07561308 ], [ 1.01349013, 7.08267714 ], [ 1.00462178, 7.10448033 ], [ 1.00593398, 7.11699515 ], [ 1.02232317, 7.13872869 ], [ 1.05560525, 7.16159309 ], [ 1.06231358, 7.15068947 ], [ 1.07247572, 7.14925469 ] ] ] } },
{ "type": "Feature", "properties": { "canton_id": "B07050138", "canton": "Wahala", "commune": "Haho 4", "prefecture": "Haho", "region": "Plateaux", "population": 36606, "densite_hab_km2": 69.8, "n_agences": 1, "n_mobile_money": 81, "n_mm_togocom": 65, "n_mm_moov": 68, "n_mm_multi": 58, "mm_pour_10k": 22.1, "agences_pour_100k": 2.73, "habitants_par_mm": 452.0, "couverture_mobile_pct": 96.23, "mm_1km_pct": 61.86, "togocom_5km_pct": 43.15, "n_banques": 0, "n_microfinance": 4, "n_postes": 0, "n_distributeurs": 0, "n_marches": 2, "n_ecoles": 60, "n_superieur": 0, "habitants_pres_marche": 29628, "habitants_pres_ecole": 45241, "indice_acces": 65.1, "distance_route_km": 0.58 }, "geometry": { "type": "Polygon", "coordinates": [ [ [ 1.47997185, 7.1883121 ], [ 1.44716938, 7.18771236 ], [ 1.4405426, 7.17823469 ], [ 1.44271831, 7.16297668 ], [ 1.40837002, 7.15868188 ], [ 1.39676722, 7.16324814 ], [ 1.38254444, 7.15800816 ], [ 1.38718556, 7.1494745 ], [ 1.38344272, 7.14273739 ], [ 1.37281306, 7.14423452 ], [ 1.35125432, 7.12581976 ], [ 1.33283956, 7.12656833 ], [ 1.31861678, 7.11054899 ], [ 1.27213074, 7.12252607 ], [ 1.12863036, 7.1051593 ], [ 1.11103903, 7.1139924 ], [ 1.10355335, 7.13105974 ], [ 1.08364146, 7.14767793 ], [ 1.06231358, 7.15068947 ], [ 1.05560525, 7.16159309 ], [ 1.10885338, 7.21822788 ], [ 1.13665989, 7.23436523 ], [ 1.1683651, 7.23950152 ], [ 1.24786287, 7.23133735 ], [ 1.27927828, 7.2196223 ], [ 1.33072284, 7.22002953 ], [ 1.34416074, 7.22582497 ], [ 1.36078923, 7.25798358 ], [ 1.38355925, 7.26240785 ], [ 1.42020952, 7.28380895 ], [ 1.45243921, 7.28845531 ], [ 1.47289118, 7.29864122 ], [ 1.45292998, 7.23652473 ], [ 1.46839295, 7.22475518 ], [ 1.4834998, 7.19805761 ], [ 1.47997185, 7.1883121 ] ] ] } },
{ "type": "Feature", "properties": { "canton_id": "B08051139", "canton": "Tové", "commune": "Kloto 1", "prefecture": "Kloto", "region": "Plateaux", "population": 10188, "densite_hab_km2": 202.4, "n_agences": 0, "n_mobile_money": 10, "n_mm_togocom": 9, "n_mm_moov": 10, "n_mm_multi": 9, "mm_pour_10k": 9.8, "agences_pour_100k": 0.0, "habitants_par_mm": 1019.0, "couverture_mobile_pct": 100.0, "mm_1km_pct": 88.95, "togocom_5km_pct": 90.71, "n_banques": 0, "n_microfinance": 0, "n_postes": 0, "n_distributeurs": 0, "n_marches": 1, "n_ecoles": 7, "n_superieur": 1, "habitants_pres_marche": 11348, "habitants_pres_ecole": 10514, "indice_acces": 50.2, "distance_route_km": 0.08 }, "geometry": { "type": "Polygon", "coordinates": [ [ [ 0.68102215, 6.91061451 ], [ 0.72883583, 6.90966422 ], [ 0.7254627, 6.88438507 ], [ 0.71299185, 6.8644696 ], [ 0.65976133, 6.86781215 ], [ 0.64706388, 6.85295327 ], [ 0.64860767, 6.83936659 ], [ 0.63955901, 6.8368615 ], [ 0.62979991, 6.83579218 ], [ 0.62024827, 6.8465197 ], [ 0.60629054, 6.85025494 ], [ 0.62845937, 6.86933484 ], [ 0.62014839, 6.88448907 ], [ 0.66054743, 6.88705758 ], [ 0.68102215, 6.91061451 ] ] ] } },
{ "type": "Feature", "properties": { "canton_id": "B08051140", "canton": "Agome-Kpalime", "commune": "Kloto 1", "prefecture": "Kloto", "region": "Plateaux", "population": 88469, "densite_hab_km2": 2473.2, "n_agences": 2, "n_mobile_money": 368, "n_mm_togocom": 322, "n_mm_moov": 285, "n_mm_multi": 261, "mm_pour_10k": 41.6, "agences_pour_100k": 2.26, "habitants_par_mm": 240.0, "couverture_mobile_pct": 100.0, "mm_1km_pct": 98.76, "togocom_5km_pct": 99.87, "n_banques": 5, "n_microfinance": 7, "n_postes": 1, "n_distributeurs": 6, "n_marches": 2, "n_ecoles": 53, "n_superieur": 4, "habitants_pres_marche": 88712, "habitants_pres_ecole": 88228, "indice_acces": 83.8, "distance_route_km": 0.01 }, "geometry": { "type": "Polygon", "coordinates": [ [ [ 0.64388879, 6.88647049 ], [ 0.62014839, 6.88448907 ], [ 0.61049812, 6.91472413 ], [ 0.60455385, 6.91685233 ], [ 0.61351985, 6.95077811 ], [ 0.64623715, 6.94463813 ], [ 0.64939275, 6.92247554 ], [ 0.68102215, 6.91061451 ], [ 0.66054743, 6.88705758 ], [ 0.64388879, 6.88647049 ] ] ] } },
{ "type": "Feature", "properties": { "canton_id": "B08051141", "canton": "Yokélé", "commune": "Kloto 1", "prefecture": "Kloto", "region": "Plateaux", "population": 6702, "densite_hab_km2": 137.9, "n_agences": 0, "n_mobile_money": 6, "n_mm_togocom": 6, "n_mm_moov": 6, "n_mm_multi": 6, "mm_pour_10k": 9.0, "agences_pour_100k": 0.0, "habitants_par_mm": 1117.0, "couverture_mobile_pct": 100.0, "mm_1km_pct": 74.17, "togocom_5km_pct": 51.35, "n_banques": 0, "n_microfinance": 0, "n_postes": 0, "n_distributeurs": 0, "n_marches": 0, "n_ecoles": 6, "n_superieur": 0, "habitants_pres_marche": 7088, "habitants_pres_ecole": 7924, "indice_acces": 49.4, "distance_route_km": 0.84 }, "geometry": { "type": "Polygon", "coordinates": [ [ [ 0.7356856, 6.95681793 ], [ 0.72883583, 6.90966422 ], [ 0.6939381, 6.90914679 ], [ 0.64939275, 6.92247554 ], [ 0.65027338, 6.95138965 ], [ 0.6417784, 6.95892516 ], [ 0.68915002, 6.95393811 ], [ 0.7245034, 6.96397537 ], [ 0.7356856, 6.95681793 ] ] ] } },
{ "type": "Feature", "properties": { "canton_id": "C01067198", "canton": "Tintchro", "commune": "Blitta 3", "prefecture": "Blitta", "region": "Centrale", "population": 2020, "densite_hab_km2": 12.4, "n_agences": 0, "n_mobile_money": 0, "n_mm_togocom": 0, "n_mm_moov": 0, "n_mm_multi": 0, "mm_pour_10k": 0.0, "agences_pour_100k": 0.0, "habitants_par_mm": null, "couverture_mobile_pct": 0.0, "mm_1km_pct": 0.0, "togocom_5km_pct": 0.0, "n_banques": 0, "n_microfinance": 0, "n_postes": 0, "n_distributeurs": 0, "n_marches": 3, "n_ecoles": 8, "n_superieur": 0, "habitants_pres_marche": 1725, "habitants_pres_ecole": 1633, "indice_acces": 17.6, "distance_route_km": 0.33 }, "geometry": { "type": "Polygon", "coordinates": [ [ [ 0.71186863, 8.12312098 ], [ 0.7164824, 8.14337298 ], [ 0.73754826, 8.1612127 ], [ 0.76921467, 8.16427153 ], [ 0.824536, 8.14085832 ], [ 0.83712947, 8.12607699 ], [ 0.83585713, 8.0934897 ], [ 0.79106121, 8.03155022 ], [ 0.76477732, 8.00877128 ], [ 0.75619106, 8.04490746 ], [ 0.70723571, 8.05746631 ], [ 0.71186863, 8.12312098 ] ] ] } },
{ "type": "Feature", "properties": { "canton_id": "B08051142", "canton": "Tomé", "commune": "Kloto 1", "prefecture": "Kloto", "region": "Plateaux", "population": 5052, "densite_hab_km2": 77.6, "n_agences": 0, "n_mobile_money": 2, "n_mm_togocom": 2, "n_mm_moov": 2, "n_mm_multi": 2, "mm_pour_10k": 4.0, "agences_pour_100k": 0.0, "habitants_par_mm": 2526.0, "couverture_mobile_pct": 100.0, "mm_1km_pct": 14.99, "togocom_5km_pct": 0.0, "n_banques": 0, "n_microfinance": 0, "n_postes": 0, "n_distributeurs": 0, "n_marches": 0, "n_ecoles": 11, "n_superieur": 0, "habitants_pres_marche": 4824, "habitants_pres_ecole": 7473, "indice_acces": 42.2, "distance_route_km": 0.5 }, "geometry": { "type": "Polygon", "coordinates": [ [ [ 0.62962689, 6.83600749 ], [ 0.64860767, 6.83936659 ], [ 0.67645438, 6.80627991 ], [ 0.66899029, 6.77460336 ], [ 0.62749063, 6.74779989 ], [ 0.61873434, 6.75513874 ], [ 0.60592555, 6.75000787 ], [ 0.58028241, 6.76302361 ], [ 0.59242768, 6.8016575 ], [ 0.63099762, 6.82067112 ], [ 0.62962689, 6.83600749 ] ] ] } },
{ "type": "Feature", "properties": { "canton_id": "B08051145", "canton": "Gbalabé", "commune": "Kloto 1", "prefecture": "Kloto", "region": "Plateaux", "population": 1750, "densite_hab_km2": 71.7, "n_agences": 0, "n_mobile_money": 6, "n_mm_togocom": 5, "n_mm_moov": 5, "n_mm_multi": 4, "mm_pour_10k": 34.3, "agences_pour_100k": 0.0, "habitants_par_mm": 292.0, "couverture_mobile_pct": 100.0, "mm_1km_pct": 92.47, "togocom_5km_pct": 79.57, "n_banques": 0, "n_microfinance": 0, "n_postes": 0, "n_distributeurs": 0, "n_marches": 1, "n_ecoles": 3, "n_superieur": 0, "habitants_pres_marche": 738, "habitants_pres_ecole": 714, "indice_acces": 65.7, "distance_route_km": 0.55 }, "geometry": { "type": "Polygon", "coordinates": [ [ [ 0.55840763, 6.88992533 ], [ 0.60143494, 6.89142405 ], [ 0.62014839, 6.88448907 ], [ 0.62845937, 6.86933484 ], [ 0.60629054, 6.85025494 ], [ 0.59102412, 6.85207352 ], [ 0.55291962, 6.88155917 ], [ 0.55840763, 6.88992533 ] ] ] } },
{ "type": "Feature", "properties": { "canton_id": "C03070215", "canton": "Kaniamboua", "commune": "Sotouboua 1", "prefecture": "Sotouboua", "region": "Centrale", "population": 1723, "densite_hab_km2": 38.2, "n_agences": 0, "n_mobile_money": 8, "n_mm_togocom": 4, "n_mm_moov": 3, "n_mm_multi": 2, "mm_pour_10k": 46.4, "agences_pour_100k": 0.0, "habitants_par_mm": 215.0, "couverture_mobile_pct": 0.0, "mm_1km_pct": 86.26, "togocom_5km_pct": 2.29, "n_banques": 0, "n_microfinance": 0, "n_postes": 0, "n_distributeurs": 0, "n_marches": 0, "n_ecoles": 2, "n_superieur": 0, "habitants_pres_marche": 1402, "habitants_pres_ecole": 1340, "indice_acces": 47.6, "distance_route_km": 0.12 }, "geometry": { "type": "Polygon", "coordinates": [ [ [ 0.97267216, 8.63145903 ], [ 1.04633508, 8.62410313 ], [ 1.05521441, 8.59049385 ], [ 1.00857833, 8.58203769 ], [ 0.99548757, 8.5923503 ], [ 0.94763168, 8.60247839 ], [ 0.93441149, 8.6162477 ], [ 0.96367978, 8.63529021 ], [ 0.97267216, 8.63145903 ] ] ] } },
{ "type": "Feature", "properties": { "canton_id": "B08051143", "canton": "Kpadapé", "commune": "Kloto 1", "prefecture": "Kloto", "region": "Plateaux", "population": 7600, "densite_hab_km2": 216.2, "n_agences": 0, "n_mobile_money": 3, "n_mm_togocom": 3, "n_mm_moov": 2, "n_mm_multi": 2, "mm_pour_10k": 3.9, "agences_pour_100k": 0.0, "habitants_par_mm": 2533.0, "couverture_mobile_pct": 100.0, "mm_1km_pct": 48.35, "togocom_5km_pct": 0.0, "n_banques": 0, "n_microfinance": 0, "n_postes": 0, "n_distributeurs": 0, "n_marches": 2, "n_ecoles": 5, "n_superieur": 0, "habitants_pres_marche": 8845, "habitants_pres_ecole": 7100, "indice_acces": 42.1, "distance_route_km": 1.02 }, "geometry": { "type": "Polygon", "coordinates": [ [ [ 0.59092664, 6.85215336 ], [ 0.62024827, 6.8465197 ], [ 0.62981607, 6.83558819 ], [ 0.63099762, 6.82067112 ], [ 0.59242768, 6.8016575 ], [ 0.58028241, 6.76302361 ], [ 0.56640817, 6.78782311 ], [ 0.56777061, 6.80213272 ], [ 0.58026139, 6.80430204 ], [ 0.56696475, 6.81146892 ], [ 0.56577581, 6.82161944 ], [ 0.59092664, 6.85215336 ] ] ] } },
{ "type": "Feature", "properties": { "canton_id": "B08051144", "canton": "Womé", "commune": "Kloto 1", "prefecture": "Kloto", "region": "Plateaux", "population": 3367, "densite_hab_km2": 124.8, "n_agences": 0, "n_mobile_money": 10, "n_mm_togocom": 10, "n_mm_moov": 10, "n_mm_multi": 10, "mm_pour_10k": 29.7, "agences_pour_100k": 0.0, "habitants_par_mm": 337.0, "couverture_mobile_pct": 100.0, "mm_1km_pct": 95.08, "togocom_5km_pct": 0.0, "n_banques": 0, "n_microfinance": 0, "n_postes": 0, "n_distributeurs": 0, "n_marches": 0, "n_ecoles": 6, "n_superieur": 0, "habitants_pres_marche": 5878, "habitants_pres_ecole": 6100, "indice_acces": 64.2, "distance_route_km": 0.0 }, "geometry": { "type": "Polygon", "coordinates": [ [ [ 0.55297213, 6.88161614 ], [ 0.59100638, 6.85205339 ], [ 0.56577581, 6.82161944 ], [ 0.5476491, 6.83415236 ], [ 0.53967505, 6.82600209 ], [ 0.53166869, 6.8289871 ], [ 0.53065495, 6.85763736 ], [ 0.54202837, 6.86033063 ], [ 0.54295059, 6.86587395 ], [ 0.53491911, 6.87747773 ], [ 0.55297213, 6.88161614 ] ] ] } },
{ "type": "Feature", "properties": { "canton_id": "B08051146", "canton": "Hanyigba", "commune": "Kloto 1", "prefecture": "Kloto", "region": "Plateaux", "population": 1924, "densite_hab_km2": 103.5, "n_agences": 0, "n_mobile_money": 5, "n_mm_togocom": 4, "n_mm_moov": 4, "n_mm_multi": 3, "mm_pour_10k": 26.0, "agences_pour_100k": 0.0, "habitants_par_mm": 385.0, "couverture_mobile_pct": 100.0, "mm_1km_pct": 100.0, "togocom_5km_pct": 83.81, "n_banques": 0, "n_microfinance": 0, "n_postes": 0, "n_distributeurs": 0, "n_marches": 2, "n_ecoles": 6, "n_superieur": 0, "habitants_pres_marche": 833, "habitants_pres_ecole": 833, "indice_acces": 62.8, "distance_route_km": 0.5 }, "geometry": { "type": "Polygon", "coordinates": [ [ [ 0.59670154, 6.92008132 ], [ 0.61049812, 6.91472413 ], [ 0.62014839, 6.88448907 ], [ 0.59424311, 6.89237807 ], [ 0.55835347, 6.88991523 ], [ 0.56176021, 6.91654549 ], [ 0.59670154, 6.92008132 ] ] ] } },
{ "type": "Feature", "properties": { "canton_id": "B08052147", "canton": "Lavié", "commune": "Kloto 2", "prefecture": "Kloto", "region": "Plateaux", "population": 11830, "densite_hab_km2": 162.4, "n_agences": 0, "n_mobile_money": 21, "n_mm_togocom": 18, "n_mm_moov": 18, "n_mm_multi": 16, "mm_pour_10k": 17.8, "agences_pour_100k": 0.0, "habitants_par_mm": 563.0, "couverture_mobile_pct": 100.0, "mm_1km_pct": 69.78, "togocom_5km_pct": 0.73, "n_banques": 0, "n_microfinance": 0, "n_postes": 0, "n_distributeurs": 0, "n_marches": 1, "n_ecoles": 14, "n_superieur": 0, "habitants_pres_marche": 7706, "habitants_pres_ecole": 7295, "indice_acces": 57.7, "distance_route_km": 1.31 }, "geometry": { "type": "Polygon", "coordinates": [ [ [ 0.69324844, 7.08648034 ], [ 0.68454127, 7.08194338 ], [ 0.69079093, 7.06115027 ], [ 0.70868767, 7.03173824 ], [ 0.72840029, 7.0180849 ], [ 0.69793457, 7.01061928 ], [ 0.64984847, 7.01362993 ], [ 0.6421008, 7.01977754 ], [ 0.63287412, 7.05078402 ], [ 0.63737956, 7.07192169 ], [ 0.64929582, 7.08299581 ], [ 0.65317098, 7.11463175 ], [ 0.70138089, 7.12043092 ], [ 0.69324844, 7.08648034 ] ] ] } },
{ "type": "Feature", "properties": { "canton_id": "B08052148", "canton": "Lavié-Apédomé", "commune": "Kloto 2", "prefecture": "Kloto", "region": "Plateaux", "population": 7285, "densite_hab_km2": 161.7, "n_agences": 0, "n_mobile_money": 10, "n_mm_togocom": 8, "n_mm_moov": 8, "n_mm_multi": 6, "mm_pour_10k": 13.7, "agences_pour_100k": 0.0, "habitants_par_mm": 728.0, "couverture_mobile_pct": 100.0, "mm_1km_pct": 51.36, "togocom_5km_pct": 0.0, "n_banques": 0, "n_microfinance": 1, "n_postes": 0, "n_distributeurs": 0, "n_marches": 1, "n_ecoles": 9, "n_superieur": 0, "habitants_pres_marche": 5783, "habitants_pres_ecole": 5799, "indice_acces": 54.8, "distance_route_km": 0.02 }, "geometry": { "type": "Polygon", "coordinates": [ [ [ 0.73622489, 7.01384743 ], [ 0.75411575, 7.00042142 ], [ 0.74124205, 6.99324416 ], [ 0.73398054, 6.96516148 ], [ 0.68915002, 6.95393811 ], [ 0.67858118, 6.9545276 ], [ 0.67726008, 6.99348177 ], [ 0.64984847, 7.01362993 ], [ 0.69793457, 7.01061928 ], [ 0.72840029, 7.0180849 ], [ 0.73622489, 7.01384743 ] ] ] } },
{ "type": "Feature", "properties": { "canton_id": "B08053150", "canton": "Agomé-Yoh", "commune": "Kloto 3", "prefecture": "Kloto", "region": "Plateaux", "population": 2410, "densite_hab_km2": 163.6, "n_agences": 0, "n_mobile_money": 2, "n_mm_togocom": 2, "n_mm_moov": 1, "n_mm_multi": 1, "mm_pour_10k": 8.3, "agences_pour_100k": 0.0, "habitants_par_mm": 1205.0, "couverture_mobile_pct": 100.0, "mm_1km_pct": 85.71, "togocom_5km_pct": 19.05, "n_banques": 0, "n_microfinance": 0, "n_postes": 0, "n_distributeurs": 0, "n_marches": 0, "n_ecoles": 4, "n_superieur": 0, "habitants_pres_marche": 833, "habitants_pres_ecole": 825, "indice_acces": 47.9, "distance_route_km": 0.49 }, "geometry": { "type": "Polygon", "coordinates": [ [ [ 0.581242, 6.95039468 ], [ 0.61351985, 6.95077811 ], [ 0.60455477, 6.91685569 ], [ 0.56577434, 6.91881347 ], [ 0.56254236, 6.92452159 ], [ 0.581242, 6.95039468 ] ] ] } },
{ "type": "Feature", "properties": { "canton_id": "B08052149", "canton": "Kpimé", "commune": "Kloto 2", "prefecture": "Kloto", "region": "Plateaux", "population": 12285, "densite_hab_km2": 166.3, "n_agences": 0, "n_mobile_money": 26, "n_mm_togocom": 25, "n_mm_moov": 21, "n_mm_multi": 21, "mm_pour_10k": 21.2, "agences_pour_100k": 0.0, "habitants_par_mm": 472.0, "couverture_mobile_pct": 100.0, "mm_1km_pct": 77.26, "togocom_5km_pct": 0.0, "n_banques": 0, "n_microfinance": 0, "n_postes": 0, "n_distributeurs": 0, "n_marches": 3, "n_ecoles": 14, "n_superieur": 0, "habitants_pres_marche": 8615, "habitants_pres_ecole": 8303, "indice_acces": 60.1, "distance_route_km": 0.4 }, "geometry": { "type": "Polygon", "coordinates": [ [ [ 0.63687428, 7.06623726 ], [ 0.63287412, 7.05078402 ], [ 0.6421008, 7.01977754 ], [ 0.67726008, 6.99348177 ], [ 0.67858118, 6.9545276 ], [ 0.6417784, 6.95892516 ], [ 0.62796401, 6.98566095 ], [ 0.62634952, 7.0028333 ], [ 0.59940337, 7.01816217 ], [ 0.60368489, 7.03836021 ], [ 0.59733364, 7.05991723 ], [ 0.61300241, 7.08677765 ], [ 0.61227298, 7.10488066 ], [ 0.65317098, 7.11463175 ], [ 0.64929582, 7.08299581 ], [ 0.63687428, 7.06623726 ] ] ] } },
{ "type": "Feature", "properties": { "canton_id": "B08053151", "canton": "Agomé-Tomégbé", "commune": "Kloto 3", "prefecture": "Kloto", "region": "Plateaux", "population": 4302, "densite_hab_km2": 193.3, "n_agences": 0, "n_mobile_money": 6, "n_mm_togocom": 6, "n_mm_moov": 4, "n_mm_multi": 4, "mm_pour_10k": 13.9, "agences_pour_100k": 0.0, "habitants_par_mm": 717.0, "couverture_mobile_pct": 100.0, "mm_1km_pct": 68.26, "togocom_5km_pct": 0.0, "n_banques": 0, "n_microfinance": 1, "n_postes": 0, "n_distributeurs": 0, "n_marches": 3, "n_ecoles": 7, "n_superieur": 0, "habitants_pres_marche": 3324, "habitants_pres_ecole": 3324, "indice_acces": 55.1, "distance_route_km": 0.27 }, "geometry": { "type": "Polygon", "coordinates": [ [ [ 0.53325263, 6.97849356 ], [ 0.56696183, 6.96532384 ], [ 0.57105311, 6.95296745 ], [ 0.581242, 6.95039468 ], [ 0.56254236, 6.92452159 ], [ 0.52300667, 6.94330393 ], [ 0.52155369, 6.97561924 ], [ 0.53325263, 6.97849356 ] ] ] } },
{ "type": "Feature", "properties": { "canton_id": "B08053152", "canton": "Kouma", "commune": "Kloto 3", "prefecture": "Kloto", "region": "Plateaux", "population": 8795, "densite_hab_km2": 166.0, "n_agences": 0, "n_mobile_money": 28, "n_mm_togocom": 24, "n_mm_moov": 18, "n_mm_multi": 16, "mm_pour_10k": 31.8, "agences_pour_100k": 0.0, "habitants_par_mm": 314.0, "couverture_mobile_pct": 100.0, "mm_1km_pct": 90.88, "togocom_5km_pct": 0.0, "n_banques": 0, "n_microfinance": 1, "n_postes": 0, "n_distributeurs": 0, "n_marches": 2, "n_ecoles": 9, "n_superieur": 0, "habitants_pres_marche": 8790, "habitants_pres_ecole": 6759, "indice_acces": 64.7, "distance_route_km": 1.04 }, "geometry": { "type": "Polygon", "coordinates": [ [ [ 0.62825756, 6.9985769 ], [ 0.62796401, 6.98566095 ], [ 0.65027338, 6.95138965 ], [ 0.64623715, 6.94463813 ], [ 0.57105311, 6.95296745 ], [ 0.56696183, 6.96532384 ], [ 0.5402493, 6.97148827 ], [ 0.53290134, 6.97884527 ], [ 0.55327664, 6.99374682 ], [ 0.58197053, 6.99385109 ], [ 0.594561, 7.00329713 ], [ 0.59244488, 7.01060153 ], [ 0.59941099, 7.01816986 ], [ 0.62825756, 6.9985769 ] ] ] } },
{ "type": "Feature", "properties": { "canton_id": "B09054153", "canton": "Kpélé-Govié", "commune": "Kpélé 1", "prefecture": "Kpélé", "region": "Plateaux", "population": 9987, "densite_hab_km2": 74.1, "n_agences": 0, "n_mobile_money": 15, "n_mm_togocom": 14, "n_mm_moov": 12, "n_mm_multi": 11, "mm_pour_10k": 15.0, "agences_pour_100k": 0.0, "habitants_par_mm": 666.0, "couverture_mobile_pct": 86.26, "mm_1km_pct": 33.91, "togocom_5km_pct": 39.06, "n_banques": 0, "n_microfinance": 0, "n_postes": 0, "n_distributeurs": 0, "n_marches": 1, "n_ecoles": 12, "n_superieur": 0, "habitants_pres_marche": 10372, "habitants_pres_ecole": 8210, "indice_acces": 42.0, "distance_route_km": 0.42 }, "geometry": { "type": "Polygon", "coordinates": [ [ [ 0.95238596, 7.09218868 ], [ 0.90694765, 7.09387016 ], [ 0.86682444, 7.0820428 ], [ 0.80772504, 7.08035852 ], [ 0.76379499, 7.11063865 ], [ 0.74410767, 7.1389345 ], [ 0.70216429, 7.14659222 ], [ 0.71383849, 7.17060143 ], [ 0.81872898, 7.13927078 ], [ 0.88018637, 7.13582737 ], [ 0.93922955, 7.14351726 ], [ 0.93751673, 7.12411702 ], [ 0.95238596, 7.09218868 ] ] ] } },
{ "type": "Feature", "properties": { "canton_id": "B09054154", "canton": "Kpélé-Novivé", "commune": "Kpélé 1", "prefecture": "Kpélé", "region": "Plateaux", "population": 28882, "densite_hab_km2": 172.5, "n_agences": 2, "n_mobile_money": 150, "n_mm_togocom": 142, "n_mm_moov": 137, "n_mm_multi": 135, "mm_pour_10k": 51.9, "agences_pour_100k": 6.92, "habitants_par_mm": 193.0, "couverture_mobile_pct": 89.47, "mm_1km_pct": 74.93, "togocom_5km_pct": 70.17, "n_banques": 1, "n_microfinance": 4, "n_postes": 1, "n_distributeurs": 1, "n_marches": 9, "n_ecoles": 32, "n_superieur": 1, "habitants_pres_marche": 29516, "habitants_pres_ecole": 26403, "indice_acces": 73.7, "distance_route_km": 0.39 }, "geometry": { "type": "Polygon", "coordinates": [ [ [ 0.95238596, 7.09218868 ], [ 0.96366219, 7.07443531 ], [ 0.96225673, 7.05169245 ], [ 0.89317401, 7.04551271 ], [ 0.87154041, 7.03795218 ], [ 0.85701821, 7.01609401 ], [ 0.79862994, 7.03106536 ], [ 0.77997364, 7.05446371 ], [ 0.72411005, 7.08335279 ], [ 0.69324844, 7.08648034 ], [ 0.70296897, 7.11344813 ], [ 0.69566172, 7.12917266 ], [ 0.70216429, 7.14659222 ], [ 0.74410767, 7.1389345 ], [ 0.76379499, 7.11063865 ], [ 0.80772504, 7.08035852 ], [ 0.86682444, 7.0820428 ], [ 0.90694765, 7.09387016 ], [ 0.95238596, 7.09218868 ] ] ] } },
{ "type": "Feature", "properties": { "canton_id": "B09054155", "canton": "Kpélé-Akata", "commune": "Kpélé 1", "prefecture": "Kpélé", "region": "Plateaux", "population": 7208, "densite_hab_km2": 108.1, "n_agences": 0, "n_mobile_money": 15, "n_mm_togocom": 15, "n_mm_moov": 15, "n_mm_multi": 15, "mm_pour_10k": 20.8, "agences_pour_100k": 0.0, "habitants_par_mm": 481.0, "couverture_mobile_pct": 100.0, "mm_1km_pct": 60.67, "togocom_5km_pct": 0.0, "n_banques": 0, "n_microfinance": 0, "n_postes": 0, "n_distributeurs": 0, "n_marches": 3, "n_ecoles": 10, "n_superieur": 0, "habitants_pres_marche": 7757, "habitants_pres_ecole": 6709, "indice_acces": 59.8, "distance_route_km": 0.21 }, "geometry": { "type": "Polygon", "coordinates": [ [ [ 0.77997364, 7.05446371 ], [ 0.79862994, 7.03106536 ], [ 0.77742129, 7.00505077 ], [ 0.75411575, 7.00042142 ], [ 0.70868767, 7.03173824 ], [ 0.68454127, 7.08194338 ], [ 0.69324844, 7.08648034 ], [ 0.72411005, 7.08335279 ], [ 0.77997364, 7.05446371 ] ] ] } },
{ "type": "Feature", "properties": { "canton_id": "B09055158", "canton": "Kpélé-Dutoé", "commune": "Kpélé 2", "prefecture": "Kpélé", "region": "Plateaux", "population": 4670, "densite_hab_km2": 110.2, "n_agences": 0, "n_mobile_money": 5, "n_mm_togocom": 5, "n_mm_moov": 5, "n_mm_multi": 5, "mm_pour_10k": 10.7, "agences_pour_100k": 0.0, "habitants_par_mm": 934.0, "couverture_mobile_pct": 100.0, "mm_1km_pct": 59.06, "togocom_5km_pct": 0.0, "n_banques": 0, "n_microfinance": 0, "n_postes": 0, "n_distributeurs": 0, "n_marches": 0, "n_ecoles": 5, "n_superieur": 0, "habitants_pres_marche": 3455, "habitants_pres_ecole": 3113, "indice_acces": 51.3, "distance_route_km": 0.55 }, "geometry": { "type": "Polygon", "coordinates": [ [ [ 0.87980059, 7.24158524 ], [ 0.87715467, 7.23198086 ], [ 0.85325995, 7.2191847 ], [ 0.84742113, 7.20840532 ], [ 0.83821375, 7.20922875 ], [ 0.7967211, 7.25148104 ], [ 0.76836304, 7.26022692 ], [ 0.77933588, 7.27932661 ], [ 0.83806403, 7.26222732 ], [ 0.87980059, 7.24158524 ] ] ] } },
{ "type": "Feature", "properties": { "canton_id": "B09054156", "canton": "Kpélé-Dawlotou", "commune": "Kpélé 1", "prefecture": "Kpélé", "region": "Plateaux", "population": 13799, "densite_hab_km2": 62.4, "n_agences": 0, "n_mobile_money": 4, "n_mm_togocom": 4, "n_mm_moov": 4, "n_mm_multi": 4, "mm_pour_10k": 2.9, "agences_pour_100k": 0.0, "habitants_par_mm": 3450.0, "couverture_mobile_pct": 63.58, "mm_1km_pct": 21.14, "togocom_5km_pct": 0.0, "n_banques": 0, "n_microfinance": 0, "n_postes": 0, "n_distributeurs": 0, "n_marches": 5, "n_ecoles": 17, "n_superieur": 0, "habitants_pres_marche": 8376, "habitants_pres_ecole": 8863, "indice_acces": 25.5, "distance_route_km": 1.02 }, "geometry": { "type": "Polygon", "coordinates": [ [ [ 0.95680974, 7.01198972 ], [ 0.91517406, 6.98279609 ], [ 0.90900815, 6.92956412 ], [ 0.92581367, 6.90565192 ], [ 0.84885525, 6.89309794 ], [ 0.82383546, 6.88129779 ], [ 0.82634293, 6.88622173 ], [ 0.81700961, 6.89398913 ], [ 0.82071082, 6.92084339 ], [ 0.80796295, 6.93356813 ], [ 0.79570202, 6.97864945 ], [ 0.79793836, 6.9919831 ], [ 0.78182865, 6.99645226 ], [ 0.77742129, 7.00505077 ], [ 0.79365197, 7.02711666 ], [ 0.79862994, 7.03106536 ], [ 0.85701821, 7.01609401 ], [ 0.87154041, 7.03795218 ], [ 0.89317401, 7.04551271 ], [ 0.96225673, 7.05169245 ], [ 0.96785516, 7.04639951 ], [ 0.9674089, 7.03234331 ], [ 0.98473249, 7.01681972 ], [ 0.95680974, 7.01198972 ] ] ] } },
{ "type": "Feature", "properties": { "canton_id": "B09055157", "canton": "Kpélé-Nord", "commune": "Kpélé 2", "prefecture": "Kpélé", "region": "Plateaux", "population": 7723, "densite_hab_km2": 105.3, "n_agences": 0, "n_mobile_money": 24, "n_mm_togocom": 24, "n_mm_moov": 16, "n_mm_multi": 16, "mm_pour_10k": 31.1, "agences_pour_100k": 0.0, "habitants_par_mm": 322.0, "couverture_mobile_pct": 100.0, "mm_1km_pct": 52.81, "togocom_5km_pct": 0.0, "n_banques": 0, "n_microfinance": 2, "n_postes": 1, "n_distributeurs": 0, "n_marches": 3, "n_ecoles": 12, "n_superieur": 0, "habitants_pres_marche": 9295, "habitants_pres_ecole": 7880, "indice_acces": 64.4, "distance_route_km": 1.5 }, "geometry": { "type": "Polygon", "coordinates": [ [ [ 0.93189966, 7.25468949 ], [ 0.8798341, 7.24156686 ], [ 0.83806403, 7.26222732 ], [ 0.77933588, 7.27932661 ], [ 0.7844032, 7.28897486 ], [ 0.80689097, 7.28724914 ], [ 0.87926392, 7.3038518 ], [ 0.923313, 7.28845701 ], [ 0.95686471, 7.29984845 ], [ 0.93187272, 7.26366812 ], [ 0.93189966, 7.25468949 ] ] ] } },
{ "type": "Feature", "properties": { "canton_id": "B09055159", "canton": "Kpélé-Kamé", "commune": "Kpélé 2", "prefecture": "Kpélé", "region": "Plateaux", "population": 7693, "densite_hab_km2": 87.0, "n_agences": 0, "n_mobile_money": 21, "n_mm_togocom": 21, "n_mm_moov": 13, "n_mm_multi": 13, "mm_pour_10k": 27.3, "agences_pour_100k": 0.0, "habitants_par_mm": 366.0, "couverture_mobile_pct": 100.0, "mm_1km_pct": 59.4, "togocom_5km_pct": 0.0, "n_banques": 0, "n_microfinance": 0, "n_postes": 0, "n_distributeurs": 0, "n_marches": 3, "n_ecoles": 11, "n_superieur": 0, "habitants_pres_marche": 8225, "habitants_pres_ecole": 7357, "indice_acces": 63.6, "distance_route_km": 0.26 }, "geometry": { "type": "Polygon", "coordinates": [ [ [ 0.83821375, 7.20922875 ], [ 0.84742113, 7.20840532 ], [ 0.85325995, 7.2191847 ], [ 0.87715467, 7.23198086 ], [ 0.87980059, 7.24158524 ], [ 0.93189966, 7.25468949 ], [ 0.93111546, 7.19460154 ], [ 0.81446215, 7.19017337 ], [ 0.7497644, 7.22175487 ], [ 0.76836304, 7.26022692 ], [ 0.7967211, 7.25148104 ], [ 0.83821375, 7.20922875 ] ] ] } },
{ "type": "Feature", "properties": { "canton_id": "B09055160", "canton": "Kpélé-Gbalédzé", "commune": "Kpélé 2", "prefecture": "Kpélé", "region": "Plateaux", "population": 4211, "densite_hab_km2": 128.8, "n_agences": 0, "n_mobile_money": 9, "n_mm_togocom": 9, "n_mm_moov": 9, "n_mm_multi": 9, "mm_pour_10k": 21.4, "agences_pour_100k": 0.0, "habitants_par_mm": 468.0, "couverture_mobile_pct": 100.0, "mm_1km_pct": 69.79, "togocom_5km_pct": 0.0, "n_banques": 0, "n_microfinance": 0, "n_postes": 0, "n_distributeurs": 0, "n_marches": 0, "n_ecoles": 7, "n_superieur": 0, "habitants_pres_marche": 3552, "habitants_pres_ecole": 3308, "indice_acces": 60.3, "distance_route_km": 0.26 }, "geometry": { "type": "Polygon", "coordinates": [ [ [ 0.80028766, 7.19840818 ], [ 0.81446215, 7.19017337 ], [ 0.81172987, 7.17314346 ], [ 0.7411134, 7.18083556 ], [ 0.72564855, 7.19091184 ], [ 0.7497644, 7.22175487 ], [ 0.80028766, 7.19840818 ] ] ] } },
{ "type": "Feature", "properties": { "canton_id": "B09055161", "canton": "Kpélé-Centre", "commune": "Kpélé 2", "prefecture": "Kpélé", "region": "Plateaux", "population": 6421, "densite_hab_km2": 61.4, "n_agences": 0, "n_mobile_money": 12, "n_mm_togocom": 12, "n_mm_moov": 12, "n_mm_multi": 12, "mm_pour_10k": 18.7, "agences_pour_100k": 0.0, "habitants_par_mm": 535.0, "couverture_mobile_pct": 99.39, "mm_1km_pct": 49.01, "togocom_5km_pct": 23.96, "n_banques": 0, "n_microfinance": 1, "n_postes": 0, "n_distributeurs": 0, "n_marches": 1, "n_ecoles": 11, "n_superieur": 0, "habitants_pres_marche": 4642, "habitants_pres_ecole": 5874, "indice_acces": 46.8, "distance_route_km": 1.28 }, "geometry": { "type": "Polygon", "coordinates": [ [ [ 0.93111546, 7.19460154 ], [ 0.92806907, 7.16989363 ], [ 0.93922955, 7.14351726 ], [ 0.91372219, 7.13822279 ], [ 0.81872898, 7.13927078 ], [ 0.71383849, 7.17060143 ], [ 0.72564855, 7.19091184 ], [ 0.7411134, 7.18083556 ], [ 0.79765681, 7.17112233 ], [ 0.81172987, 7.17314346 ], [ 0.81446215, 7.19017337 ], [ 0.93111546, 7.19460154 ] ] ] } },
{ "type": "Feature", "properties": { "canton_id": "B10056162", "canton": "Tohoun", "commune": "Moyen-Mono 1", "prefecture": "Moyen-Mono", "region": "Plateaux", "population": 23764, "densite_hab_km2": 269.7, "n_agences": 1, "n_mobile_money": 26, "n_mm_togocom": 16, "n_mm_moov": 20, "n_mm_multi": 14, "mm_pour_10k": 10.9, "agences_pour_100k": 4.21, "habitants_par_mm": 914.0, "couverture_mobile_pct": 100.0, "mm_1km_pct": 85.72, "togocom_5km_pct": 91.3, "n_banques": 0, "n_microfinance": 1, "n_postes": 1, "n_distributeurs": 1, "n_marches": 1, "n_ecoles": 24, "n_superieur": 0, "habitants_pres_marche": 17481, "habitants_pres_ecole": 19311, "indice_acces": 69.3, "distance_route_km": 0.94 }, "geometry": { "type": "Polygon", "coordinates": [ [ [ 1.63246353, 7.10799728 ], [ 1.63303986, 7.00147811 ], [ 1.55741631, 7.00149297 ], [ 1.55208624, 7.01558059 ], [ 1.53414621, 7.01573051 ], [ 1.54818934, 7.03811088 ], [ 1.57664842, 7.05796599 ], [ 1.57642323, 7.0633635 ], [ 1.55067663, 7.0763325 ], [ 1.56546391, 7.077736 ], [ 1.57487715, 7.09175293 ], [ 1.61941691, 7.0997626 ], [ 1.63246353, 7.10799728 ] ] ] } },
{ "type": "Feature", "properties": { "canton_id": "B10056163", "canton": "Tado", "commune": "Moyen-Mono 1", "prefecture": "Moyen-Mono", "region": "Plateaux", "population": 19352, "densite_hab_km2": 88.7, "n_agences": 0, "n_mobile_money": 9, "n_mm_togocom": 5, "n_mm_moov": 6, "n_mm_multi": 3, "mm_pour_10k": 4.7, "agences_pour_100k": 0.0, "habitants_par_mm": 2150.0, "couverture_mobile_pct": 100.0, "mm_1km_pct": 62.39, "togocom_5km_pct": 0.0, "n_banques": 0, "n_microfinance": 2, "n_postes": 0, "n_distributeurs": 0, "n_marches": 2, "n_ecoles": 26, "n_superieur": 0, "habitants_pres_marche": 14852, "habitants_pres_ecole": 19060, "indice_acces": 43.2, "distance_route_km": 0.19 }, "geometry": { "type": "Polygon", "coordinates": [ [ [ 1.63246353, 7.10799728 ], [ 1.61941691, 7.0997626 ], [ 1.57487715, 7.09175293 ], [ 1.56546391, 7.077736 ], [ 1.55067663, 7.0763325 ], [ 1.50784172, 7.09170179 ], [ 1.4995848, 7.10744452 ], [ 1.46389041, 7.10011854 ], [ 1.46155748, 7.12218511 ], [ 1.44136554, 7.12885702 ], [ 1.44136829, 7.18115833 ], [ 1.45377492, 7.19033615 ], [ 1.53020639, 7.18272259 ], [ 1.57785271, 7.20023906 ], [ 1.63219298, 7.20261343 ], [ 1.63246353, 7.10799728 ] ] ] } },
{ "type": "Feature", "properties": { "canton_id": "B10056164", "canton": "Ahassomè", "commune": "Moyen-Mono 1", "prefecture": "Moyen-Mono", "region": "Plateaux", "population": 4171, "densite_hab_km2": 36.1, "n_agences": 0, "n_mobile_money": 4, "n_mm_togocom": 4, "n_mm_moov": 4, "n_mm_multi": 4, "mm_pour_10k": 9.6, "agences_pour_100k": 0.0, "habitants_par_mm": 1043.0, "couverture_mobile_pct": 100.0, "mm_1km_pct": 15.71, "togocom_5km_pct": 0.0, "n_banques": 0, "n_microfinance": 0, "n_postes": 0, "n_distributeurs": 0, "n_marches": 1, "n_ecoles": 9, "n_superieur": 0, "habitants_pres_marche": 4817, "habitants_pres_ecole": 4784, "indice_acces": 49.9, "distance_route_km": 0.54 }, "geometry": { "type": "Polygon", "coordinates": [ [ [ 1.54423501, 7.28199901 ], [ 1.53278193, 7.26770137 ], [ 1.5291888, 7.24726548 ], [ 1.57785271, 7.20023906 ], [ 1.53020639, 7.18272259 ], [ 1.47997185, 7.1883121 ], [ 1.4834998, 7.19805761 ], [ 1.46839295, 7.22475518 ], [ 1.45292998, 7.23652473 ], [ 1.47289118, 7.29864122 ], [ 1.52519184, 7.32102956 ], [ 1.52379912, 7.3066643 ], [ 1.54423501, 7.28199901 ] ] ] } },
{ "type": "Feature", "properties": { "canton_id": "B10057165", "canton": "Katomé", "commune": "Moyen-Mono 2", "prefecture": "Moyen-Mono", "region": "Plateaux", "population": 5205, "densite_hab_km2": 145.7, "n_agences": 0, "n_mobile_money": 4, "n_mm_togocom": 4, "n_mm_moov": 3, "n_mm_multi": 3, "mm_pour_10k": 7.7, "agences_pour_100k": 0.0, "habitants_par_mm": 1301.0, "couverture_mobile_pct": 100.0, "mm_1km_pct": 64.42, "togocom_5km_pct": 0.0, "n_banques": 0, "n_microfinance": 0, "n_postes": 0, "n_distributeurs": 0, "n_marches": 0, "n_ecoles": 10, "n_superieur": 0, "habitants_pres_marche": 6150, "habitants_pres_ecole": 8164, "indice_acces": 46.8, "distance_route_km": 0.12 }, "geometry": { "type": "Polygon", "coordinates": [ [ [ 1.5857805, 7.33365016 ], [ 1.5752049, 7.32938281 ], [ 1.55285757, 7.34247043 ], [ 1.63246781, 7.40584113 ], [ 1.6317559, 7.34433313 ], [ 1.5857805, 7.33365016 ] ] ] } },
{ "type": "Feature", "properties": { "canton_id": "B10057166", "canton": "Kpékplémé", "commune": "Moyen-Mono 2", "prefecture": "Moyen-Mono", "region": "Plateaux", "population": 21065, "densite_hab_km2": 323.0, "n_agences": 0, "n_mobile_money": 27, "n_mm_togocom": 26, "n_mm_moov": 26, "n_mm_multi": 25, "mm_pour_10k": 12.8, "agences_pour_100k": 0.0, "habitants_par_mm": 780.0, "couverture_mobile_pct": 100.0, "mm_1km_pct": 89.51, "togocom_5km_pct": 0.0, "n_banques": 1, "n_microfinance": 2, "n_postes": 0, "n_distributeurs": 0, "n_marches": 2, "n_ecoles": 18, "n_superieur": 0, "habitants_pres_marche": 18225, "habitants_pres_ecole": 20268, "indice_acces": 53.8, "distance_route_km": 0.56 }, "geometry": { "type": "Polygon", "coordinates": [ [ [ 1.63177195, 7.3337364 ], [ 1.63200122, 7.28698247 ], [ 1.54423501, 7.28199901 ], [ 1.52379912, 7.3066643 ], [ 1.52519184, 7.32102956 ], [ 1.55285757, 7.34247043 ], [ 1.5752049, 7.32938281 ], [ 1.62238545, 7.34383068 ], [ 1.6317314, 7.34433182 ], [ 1.63177195, 7.3337364 ] ] ] } },
{ "type": "Feature", "properties": { "canton_id": "B10057167", "canton": "Saligbé", "commune": "Moyen-Mono 2", "prefecture": "Moyen-Mono", "region": "Plateaux", "population": 13574, "densite_hab_km2": 148.2, "n_agences": 0, "n_mobile_money": 11, "n_mm_togocom": 11, "n_mm_moov": 10, "n_mm_multi": 10, "mm_pour_10k": 8.1, "agences_pour_100k": 0.0, "habitants_par_mm": 1234.0, "couverture_mobile_pct": 100.0, "mm_1km_pct": 78.99, "togocom_5km_pct": 0.0, "n_banques": 0, "n_microfinance": 0, "n_postes": 0, "n_distributeurs": 0, "n_marches": 1, "n_ecoles": 18, "n_superieur": 0, "habitants_pres_marche": 11332, "habitants_pres_ecole": 15344, "indice_acces": 47.3, "distance_route_km": 0.06 }, "geometry": { "type": "Polygon", "coordinates": [ [ [ 1.63200913, 7.28699839 ], [ 1.62812962, 7.20089816 ], [ 1.57785271, 7.20023906 ], [ 1.5291888, 7.24726548 ], [ 1.53278193, 7.26770137 ], [ 1.54423501, 7.28199901 ], [ 1.63200913, 7.28699839 ] ] ] } },
{ "type": "Feature", "properties": { "canton_id": "B11058168", "canton": "Houdou", "commune": "Ogou 1", "prefecture": "Ogou", "region": "Plateaux", "population": 13112, "densite_hab_km2": 87.7, "n_agences": 0, "n_mobile_money": 14, "n_mm_togocom": 14, "n_mm_moov": 4, "n_mm_multi": 4, "mm_pour_10k": 10.7, "agences_pour_100k": 0.0, "habitants_par_mm": 937.0, "couverture_mobile_pct": 100.0, "mm_1km_pct": 35.7, "togocom_5km_pct": 1.22, "n_banques": 0, "n_microfinance": 0, "n_postes": 0, "n_distributeurs": 0, "n_marches": 2, "n_ecoles": 20, "n_superieur": 0, "habitants_pres_marche": 12271, "habitants_pres_ecole": 12635, "indice_acces": 51.3, "distance_route_km": 0.07 }, "geometry": { "type": "Polygon", "coordinates": [ [ [ 1.29012174, 7.65856957 ], [ 1.23308397, 7.64558782 ], [ 1.20997862, 7.62774954 ], [ 1.19331488, 7.59111867 ], [ 1.17353127, 7.57306934 ], [ 1.16997095, 7.56062658 ], [ 1.15022405, 7.55424004 ], [ 1.14173299, 7.5627274 ], [ 1.15013268, 7.63762603 ], [ 1.11321672, 7.70705015 ], [ 1.14454614, 7.70990643 ], [ 1.15147539, 7.73660409 ], [ 1.1735405, 7.7395878 ], [ 1.18966783, 7.722252 ], [ 1.19328757, 7.67937117 ], [ 1.26592424, 7.68090732 ], [ 1.29012174, 7.65856957 ] ] ] } },
{ "type": "Feature", "properties": { "canton_id": "B11058169", "canton": "Djama", "commune": "Ogou 1", "prefecture": "Ogou", "region": "Plateaux", "population": 68987, "densite_hab_km2": 325.3, "n_agences": 0, "n_mobile_money": 31, "n_mm_togocom": 30, "n_mm_moov": 19, "n_mm_multi": 19, "mm_pour_10k": 4.5, "agences_pour_100k": 0.0, "habitants_par_mm": 2225.0, "couverture_mobile_pct": 100.0, "mm_1km_pct": 58.92, "togocom_5km_pct": 0.0, "n_banques": 3, "n_microfinance": 3, "n_postes": 2, "n_distributeurs": 2, "n_marches": 8, "n_ecoles": 63, "n_superieur": 2, "habitants_pres_marche": 67455, "habitants_pres_ecole": 66430, "indice_acces": 42.9, "distance_route_km": 0.03 }, "geometry": { "type": "Polygon", "coordinates": [ [ [ 1.29047123, 7.657053 ], [ 1.29871716, 7.63550851 ], [ 1.28378473, 7.60635916 ], [ 1.29781417, 7.59785113 ], [ 1.30614059, 7.6033182 ], [ 1.31598087, 7.59861053 ], [ 1.30669448, 7.57094484 ], [ 1.33040932, 7.55747101 ], [ 1.34825925, 7.55941133 ], [ 1.34933954, 7.54708365 ], [ 1.3362399, 7.54119072 ], [ 1.33688779, 7.53310769 ], [ 1.30837363, 7.52416088 ], [ 1.28866343, 7.52885903 ], [ 1.27104537, 7.52383054 ], [ 1.23052155, 7.53468583 ], [ 1.17741045, 7.50963516 ], [ 1.15505754, 7.50631342 ], [ 1.14404626, 7.51090146 ], [ 1.14155037, 7.53083188 ], [ 1.1124757, 7.53396723 ], [ 1.11926846, 7.55700843 ], [ 1.14173299, 7.5627274 ], [ 1.15022405, 7.55424004 ], [ 1.16997095, 7.56062658 ], [ 1.17353127, 7.57306934 ], [ 1.19331488, 7.59111867 ], [ 1.20997862, 7.62774954 ], [ 1.23308397, 7.64558782 ], [ 1.29047123, 7.657053 ] ] ] } },
{ "type": "Feature", "properties": { "canton_id": "B11058170", "canton": "Gnagna", "commune": "Ogou 1", "prefecture": "Ogou", "region": "Plateaux", "population": 44591, "densite_hab_km2": 829.1, "n_agences": 0, "n_mobile_money": 226, "n_mm_togocom": 152, "n_mm_moov": 124, "n_mm_multi": 80, "mm_pour_10k": 50.7, "agences_pour_100k": 0.0, "habitants_par_mm": 197.0, "couverture_mobile_pct": 100.0, "mm_1km_pct": 57.31, "togocom_5km_pct": 0.0, "n_banques": 5, "n_microfinance": 2, "n_postes": 0, "n_distributeurs": 4, "n_marches": 3, "n_ecoles": 33, "n_superieur": 4, "habitants_pres_marche": 40672, "habitants_pres_ecole": 40652, "indice_acces": 69.1, "distance_route_km": 0.05 }, "geometry": { "type": "Polygon", "coordinates": [ [ [ 1.1124757, 7.53396723 ], [ 1.14155037, 7.53083188 ], [ 1.14404626, 7.51090146 ], [ 1.15505754, 7.50631342 ], [ 1.17741045, 7.50963516 ], [ 1.23052155, 7.53468583 ], [ 1.24193887, 7.52929948 ], [ 1.23081748, 7.51336982 ], [ 1.2297347, 7.49213639 ], [ 1.21666183, 7.474049 ], [ 1.17822942, 7.47229314 ], [ 1.14432828, 7.4799765 ], [ 1.14146103, 7.50154371 ], [ 1.12586451, 7.50604927 ], [ 1.1124757, 7.53396723 ] ] ] } },
{ "type": "Feature", "properties": { "canton_id": "B12064183", "canton": "Klabé-Efoukpa", "commune": "Wawa 3", "prefecture": "Wawa", "region": "Plateaux", "population": 10727, "densite_hab_km2": 143.9, "n_agences": 0, "n_mobile_money": 24, "n_mm_togocom": 23, "n_mm_moov": 11, "n_mm_multi": 10, "mm_pour_10k": 22.4, "agences_pour_100k": 0.0, "habitants_par_mm": 447.0, "couverture_mobile_pct": 100.0, "mm_1km_pct": 55.81, "togocom_5km_pct": 0.0, "n_banques": 0, "n_microfinance": 0, "n_postes": 0, "n_distributeurs": 0, "n_marches": 1, "n_ecoles": 13, "n_superieur": 0, "habitants_pres_marche": 9305, "habitants_pres_ecole": 10176, "indice_acces": 60.7, "distance_route_km": 1.0 }, "geometry": { "type": "Polygon", "coordinates": [ [ [ 0.67264576, 7.62295168 ], [ 0.71252112, 7.61324355 ], [ 0.72997057, 7.58929572 ], [ 0.74992265, 7.5814524 ], [ 0.72797371, 7.55313599 ], [ 0.7241471, 7.52626603 ], [ 0.67046096, 7.5221 ], [ 0.64514385, 7.58161783 ], [ 0.67203357, 7.58913286 ], [ 0.66820574, 7.60269556 ], [ 0.67264576, 7.62295168 ] ] ] } },
{ "type": "Feature", "properties": { "canton_id": "B11059171", "canton": "Katoré", "commune": "Ogou 2", "prefecture": "Ogou", "region": "Plateaux", "population": 8243, "densite_hab_km2": 43.3, "n_agences": 0, "n_mobile_money": 22, "n_mm_togocom": 20, "n_mm_moov": 12, "n_mm_multi": 10, "mm_pour_10k": 26.7, "agences_pour_100k": 0.0, "habitants_par_mm": 375.0, "couverture_mobile_pct": 59.37, "mm_1km_pct": 72.96, "togocom_5km_pct": 0.0, "n_banques": 0, "n_microfinance": 0, "n_postes": 0, "n_distributeurs": 0, "n_marches": 4, "n_ecoles": 13, "n_superieur": 0, "habitants_pres_marche": 6723, "habitants_pres_ecole": 6433, "indice_acces": 46.8, "distance_route_km": 0.42 }, "geometry": { "type": "Polygon", "coordinates": [ [ [ 1.29534078, 7.34312412 ], [ 1.28788791, 7.36837261 ], [ 1.23622093, 7.41090427 ], [ 1.25582069, 7.42870691 ], [ 1.26050067, 7.44093102 ], [ 1.30833006, 7.43398593 ], [ 1.36037144, 7.41032395 ], [ 1.41084034, 7.41740008 ], [ 1.43159839, 7.4090588 ], [ 1.44078364, 7.38998944 ], [ 1.44188187, 7.38060452 ], [ 1.43229727, 7.36612778 ], [ 1.43808797, 7.33278137 ], [ 1.33487725, 7.3199863 ], [ 1.29534078, 7.34312412 ] ] ] } },
{ "type": "Feature", "properties": { "canton_id": "B11059172", "canton": "Datcha", "commune": "Ogou 2", "prefecture": "Ogou", "region": "Plateaux", "population": 16638, "densite_hab_km2": 122.5, "n_agences": 0, "n_mobile_money": 8, "n_mm_togocom": 6, "n_mm_moov": 4, "n_mm_multi": 2, "mm_pour_10k": 4.8, "agences_pour_100k": 0.0, "habitants_par_mm": 2080.0, "couverture_mobile_pct": 100.0, "mm_1km_pct": 65.44, "togocom_5km_pct": 0.0, "n_banques": 0, "n_microfinance": 1, "n_postes": 0, "n_distributeurs": 0, "n_marches": 2, "n_ecoles": 17, "n_superieur": 0, "habitants_pres_marche": 15561, "habitants_pres_ecole": 15658, "indice_acces": 43.4, "distance_route_km": 0.21 }, "geometry": { "type": "Polygon", "coordinates": [ [ [ 1.14432828, 7.4799765 ], [ 1.17822942, 7.47229314 ], [ 1.21575955, 7.47433023 ], [ 1.24600387, 7.45550093 ], [ 1.26050067, 7.44093102 ], [ 1.25582069, 7.42870691 ], [ 1.23622093, 7.41090427 ], [ 1.28788791, 7.36837261 ], [ 1.29534078, 7.34312412 ], [ 1.27362567, 7.35667734 ], [ 1.26306764, 7.3524092 ], [ 1.24644435, 7.36289236 ], [ 1.23363992, 7.34814106 ], [ 1.22016158, 7.34948889 ], [ 1.19694888, 7.36117012 ], [ 1.20039335, 7.38063884 ], [ 1.17074099, 7.38423307 ], [ 1.1547091, 7.40411158 ], [ 1.14432828, 7.4799765 ] ] ] } },
{ "type": "Feature", "properties": { "canton_id": "B11059173", "canton": "Akparé", "commune": "Ogou 2", "prefecture": "Ogou", "region": "Plateaux", "population": 12792, "densite_hab_km2": 61.5, "n_agences": 0, "n_mobile_money": 14, "n_mm_togocom": 10, "n_mm_moov": 11, "n_mm_multi": 8, "mm_pour_10k": 10.9, "agences_pour_100k": 0.0, "habitants_par_mm": 914.0, "couverture_mobile_pct": 91.04, "mm_1km_pct": 49.23, "togocom_5km_pct": 0.0, "n_banques": 0, "n_microfinance": 2, "n_postes": 0, "n_distributeurs": 0, "n_marches": 3, "n_ecoles": 18, "n_superieur": 0, "habitants_pres_marche": 10075, "habitants_pres_ecole": 9959, "indice_acces": 38.6, "distance_route_km": 0.16 }, "geometry": { "type": "Polygon", "coordinates": [ [ [ 1.21666183, 7.474049 ], [ 1.2297347, 7.49213639 ], [ 1.23081748, 7.51336982 ], [ 1.24193887, 7.52929948 ], [ 1.30837363, 7.52416088 ], [ 1.33688779, 7.53310769 ], [ 1.37405555, 7.52316642 ], [ 1.3842074, 7.51097798 ], [ 1.37664995, 7.49610209 ], [ 1.38319965, 7.48783765 ], [ 1.40338136, 7.4818287 ], [ 1.40700631, 7.46221806 ], [ 1.4305128, 7.4372891 ], [ 1.43159839, 7.4090588 ], [ 1.41084034, 7.41740008 ], [ 1.36037144, 7.41032395 ], [ 1.30833006, 7.43398593 ], [ 1.26050067, 7.44093102 ], [ 1.21666183, 7.474049 ] ] ] } },
{ "type": "Feature", "properties": { "canton_id": "B11060174", "canton": "Gléi", "commune": "Ogou 3", "prefecture": "Ogou", "region": "Plateaux", "population": 41839, "densite_hab_km2": 79.4, "n_agences": 1, "n_mobile_money": 85, "n_mm_togocom": 77, "n_mm_moov": 78, "n_mm_multi": 72, "mm_pour_10k": 20.3, "agences_pour_100k": 2.39, "habitants_par_mm": 492.0, "couverture_mobile_pct": 98.06, "mm_1km_pct": 46.55, "togocom_5km_pct": 51.44, "n_banques": 0, "n_microfinance": 3, "n_postes": 1, "n_distributeurs": 0, "n_marches": 1, "n_ecoles": 51, "n_superieur": 0, "habitants_pres_marche": 23986, "habitants_pres_ecole": 39396, "indice_acces": 63.5, "distance_route_km": 1.73 }, "geometry": { "type": "Polygon", "coordinates": [ [ [ 1.17508401, 7.38063884 ], [ 1.20039335, 7.38063884 ], [ 1.19694888, 7.36117012 ], [ 1.20982819, 7.35338264 ], [ 1.23363992, 7.34814106 ], [ 1.24644435, 7.36289236 ], [ 1.26306764, 7.3524092 ], [ 1.27362567, 7.35667734 ], [ 1.33487725, 7.3199863 ], [ 1.43808797, 7.33278137 ], [ 1.43888668, 7.31700671 ], [ 1.47289118, 7.29864122 ], [ 1.45243921, 7.28845531 ], [ 1.42020952, 7.28380895 ], [ 1.38355925, 7.26240785 ], [ 1.36078923, 7.25798358 ], [ 1.33837963, 7.22180617 ], [ 1.27927828, 7.2196223 ], [ 1.24786287, 7.23133735 ], [ 1.15838808, 7.23888591 ], [ 1.12188516, 7.22712495 ], [ 1.06472295, 7.17511513 ], [ 1.04098362, 7.18796515 ], [ 1.03552541, 7.19571506 ], [ 1.06104296, 7.24504861 ], [ 1.06255499, 7.27547124 ], [ 1.07815863, 7.33163642 ], [ 1.11649305, 7.34180768 ], [ 1.13339933, 7.35334431 ], [ 1.1547091, 7.40411158 ], [ 1.17508401, 7.38063884 ] ] ] } },
{ "type": "Feature", "properties": { "canton_id": "B11061175", "canton": "Ountivou", "commune": "Ogou 4", "prefecture": "Ogou", "region": "Plateaux", "population": 18364, "densite_hab_km2": 50.4, "n_agences": 0, "n_mobile_money": 21, "n_mm_togocom": 13, "n_mm_moov": 20, "n_mm_multi": 12, "mm_pour_10k": 11.4, "agences_pour_100k": 0.0, "habitants_par_mm": 874.0, "couverture_mobile_pct": 86.43, "mm_1km_pct": 38.18, "togocom_5km_pct": 0.0, "n_banques": 0, "n_microfinance": 2, "n_postes": 0, "n_distributeurs": 0, "n_marches": 4, "n_ecoles": 24, "n_superieur": 0, "habitants_pres_marche": 19850, "habitants_pres_ecole": 18942, "indice_acces": 38.5, "distance_route_km": 0.13 }, "geometry": { "type": "Polygon", "coordinates": [ [ [ 1.56370226, 7.4944533 ], [ 1.59185518, 7.48438649 ], [ 1.63590285, 7.48226573 ], [ 1.63246781, 7.40584113 ], [ 1.59860788, 7.38116475 ], [ 1.58599115, 7.36440036 ], [ 1.51488175, 7.3149221 ], [ 1.47289118, 7.29864122 ], [ 1.43888668, 7.31700671 ], [ 1.43229727, 7.36612778 ], [ 1.44188187, 7.38060452 ], [ 1.43159839, 7.4090588 ], [ 1.4305128, 7.4372891 ], [ 1.4387509, 7.44566721 ], [ 1.44690727, 7.48472619 ], [ 1.50289012, 7.49197219 ], [ 1.5169373, 7.50361724 ], [ 1.53939159, 7.5057342 ], [ 1.56370226, 7.4944533 ] ] ] } },
{ "type": "Feature", "properties": { "canton_id": "B12062176", "canton": "Kpété-Béna", "commune": "Wawa 1", "prefecture": "Wawa", "region": "Plateaux", "population": 14430, "densite_hab_km2": 117.2, "n_agences": 0, "n_mobile_money": 34, "n_mm_togocom": 32, "n_mm_moov": 23, "n_mm_multi": 22, "mm_pour_10k": 23.6, "agences_pour_100k": 0.0, "habitants_par_mm": 424.0, "couverture_mobile_pct": 100.0, "mm_1km_pct": 64.53, "togocom_5km_pct": 0.0, "n_banques": 0, "n_microfinance": 0, "n_postes": 0, "n_distributeurs": 0, "n_marches": 3, "n_ecoles": 23, "n_superieur": 0, "habitants_pres_marche": 11013, "habitants_pres_ecole": 11501, "indice_acces": 61.3, "distance_route_km": 0.64 }, "geometry": { "type": "Polygon", "coordinates": [ [ [ 0.64877321, 7.47444221 ], [ 0.65862709, 7.42569083 ], [ 0.64453767, 7.40129544 ], [ 0.6291625, 7.40032293 ], [ 0.62545827, 7.40947726 ], [ 0.61477744, 7.41252341 ], [ 0.598414, 7.40066228 ], [ 0.56778911, 7.39336363 ], [ 0.53980362, 7.41779457 ], [ 0.53077182, 7.45685325 ], [ 0.52033256, 7.45441731 ], [ 0.50917487, 7.46402138 ], [ 0.52681832, 7.47809301 ], [ 0.52365862, 7.49070833 ], [ 0.53540755, 7.49433416 ], [ 0.60318751, 7.48880862 ], [ 0.61543579, 7.47628406 ], [ 0.64877321, 7.47444221 ] ] ] } },
{ "type": "Feature", "properties": { "canton_id": "B12062177", "canton": "Tomégbé", "commune": "Wawa 1", "prefecture": "Wawa", "region": "Plateaux", "population": 9758, "densite_hab_km2": 94.8, "n_agences": 0, "n_mobile_money": 28, "n_mm_togocom": 27, "n_mm_moov": 20, "n_mm_multi": 20, "mm_pour_10k": 28.7, "agences_pour_100k": 0.0, "habitants_par_mm": 348.0, "couverture_mobile_pct": 100.0, "mm_1km_pct": 62.94, "togocom_5km_pct": 0.0, "n_banques": 0, "n_microfinance": 0, "n_postes": 0, "n_distributeurs": 0, "n_marches": 1, "n_ecoles": 19, "n_superieur": 0, "habitants_pres_marche": 4295, "habitants_pres_ecole": 9828, "indice_acces": 64.1, "distance_route_km": 0.23 }, "geometry": { "type": "Polygon", "coordinates": [ [ [ 0.67052726, 7.52104363 ], [ 0.66921771, 7.48844025 ], [ 0.63367007, 7.47131107 ], [ 0.61543579, 7.47628406 ], [ 0.60318751, 7.48880862 ], [ 0.52365862, 7.49070833 ], [ 0.51725479, 7.51454409 ], [ 0.62188225, 7.55051048 ], [ 0.63228869, 7.55704904 ], [ 0.64514385, 7.58161783 ], [ 0.67052726, 7.52104363 ] ] ] } },
{ "type": "Feature", "properties": { "canton_id": "B12062178", "canton": "Badou", "commune": "Wawa 1", "prefecture": "Wawa", "region": "Plateaux", "population": 16087, "densite_hab_km2": 175.2, "n_agences": 0, "n_mobile_money": 89, "n_mm_togocom": 83, "n_mm_moov": 66, "n_mm_multi": 62, "mm_pour_10k": 55.3, "agences_pour_100k": 0.0, "habitants_par_mm": 181.0, "couverture_mobile_pct": 100.0, "mm_1km_pct": 83.12, "togocom_5km_pct": 0.0, "n_banques": 1, "n_microfinance": 3, "n_postes": 1, "n_distributeurs": 1, "n_marches": 2, "n_ecoles": 28, "n_superieur": 0, "habitants_pres_marche": 20762, "habitants_pres_ecole": 20971, "indice_acces": 69.4, "distance_route_km": 1.22 }, "geometry": { "type": "Polygon", "coordinates": [ [ [ 0.56224108, 7.61575519 ], [ 0.58048524, 7.59904625 ], [ 0.62539341, 7.59937209 ], [ 0.64514385, 7.58161783 ], [ 0.63228869, 7.55704904 ], [ 0.62188225, 7.55051048 ], [ 0.51866217, 7.51712432 ], [ 0.52749736, 7.58475061 ], [ 0.52644175, 7.5905922 ], [ 0.51746395, 7.59228308 ], [ 0.56224108, 7.61575519 ] ] ] } },
{ "type": "Feature", "properties": { "canton_id": "B12063182", "canton": "Gobé", "commune": "Wawa 2", "prefecture": "Wawa", "region": "Plateaux", "population": 2062, "densite_hab_km2": 66.9, "n_agences": 0, "n_mobile_money": 2, "n_mm_togocom": 2, "n_mm_moov": 2, "n_mm_multi": 2, "mm_pour_10k": 9.7, "agences_pour_100k": 0.0, "habitants_par_mm": 1031.0, "couverture_mobile_pct": 100.0, "mm_1km_pct": 30.14, "togocom_5km_pct": 0.0, "n_banques": 0, "n_microfinance": 0, "n_postes": 0, "n_distributeurs": 0, "n_marches": 1, "n_ecoles": 2, "n_superieur": 0, "habitants_pres_marche": 1272, "habitants_pres_ecole": 1133, "indice_acces": 50.0, "distance_route_km": 0.1 }, "geometry": { "type": "Polygon", "coordinates": [ [ [ 0.7601084, 7.53160868 ], [ 0.82989924, 7.54163447 ], [ 0.85421447, 7.51408866 ], [ 0.80198501, 7.50438957 ], [ 0.76349016, 7.50955677 ], [ 0.75644482, 7.51683695 ], [ 0.7601084, 7.53160868 ] ] ] } },
{ "type": "Feature", "properties": { "canton_id": "B12062179", "canton": "Késsibo", "commune": "Wawa 1", "prefecture": "Wawa", "region": "Plateaux", "population": 9838, "densite_hab_km2": 88.3, "n_agences": 0, "n_mobile_money": 21, "n_mm_togocom": 21, "n_mm_moov": 5, "n_mm_multi": 5, "mm_pour_10k": 21.3, "agences_pour_100k": 0.0, "habitants_par_mm": 468.0, "couverture_mobile_pct": 100.0, "mm_1km_pct": 73.48, "togocom_5km_pct": 0.0, "n_banques": 0, "n_microfinance": 0, "n_postes": 0, "n_distributeurs": 0, "n_marches": 1, "n_ecoles": 17, "n_superieur": 0, "habitants_pres_marche": 8138, "habitants_pres_ecole": 10304, "indice_acces": 60.2, "distance_route_km": 0.74 }, "geometry": { "type": "Polygon", "coordinates": [ [ [ 0.62761896, 7.72140319 ], [ 0.65299528, 7.68441972 ], [ 0.65997921, 7.63964383 ], [ 0.67571744, 7.63000998 ], [ 0.66914511, 7.61490748 ], [ 0.67203357, 7.58913286 ], [ 0.65317554, 7.58034967 ], [ 0.63227436, 7.58781773 ], [ 0.62539341, 7.59937209 ], [ 0.58048524, 7.59904625 ], [ 0.56218611, 7.61583567 ], [ 0.58739322, 7.62659918 ], [ 0.58294588, 7.65653867 ], [ 0.58936827, 7.70286721 ], [ 0.60875706, 7.7106113 ], [ 0.62644046, 7.7038708 ], [ 0.62219464, 7.71991659 ], [ 0.62761896, 7.72140319 ] ] ] } },
{ "type": "Feature", "properties": { "canton_id": "B12063180", "canton": "Gbadi-N'kougna", "commune": "Wawa 2", "prefecture": "Wawa", "region": "Plateaux", "population": 10203, "densite_hab_km2": 65.6, "n_agences": 0, "n_mobile_money": 13, "n_mm_togocom": 13, "n_mm_moov": 6, "n_mm_multi": 6, "mm_pour_10k": 12.7, "agences_pour_100k": 0.0, "habitants_par_mm": 785.0, "couverture_mobile_pct": 100.0, "mm_1km_pct": 63.17, "togocom_5km_pct": 0.0, "n_banques": 0, "n_microfinance": 0, "n_postes": 0, "n_distributeurs": 0, "n_marches": 1, "n_ecoles": 25, "n_superieur": 0, "habitants_pres_marche": 3367, "habitants_pres_ecole": 4561, "indice_acces": 53.6, "distance_route_km": 0.29 }, "geometry": { "type": "Polygon", "coordinates": [ [ [ 0.76071899, 7.52641862 ], [ 0.75916902, 7.51120068 ], [ 0.7742181, 7.51010432 ], [ 0.76730756, 7.49303335 ], [ 0.7458961, 7.4789202 ], [ 0.74884305, 7.45258179 ], [ 0.7230572, 7.42255969 ], [ 0.72739477, 7.37832106 ], [ 0.67978214, 7.38313402 ], [ 0.6498544, 7.37712251 ], [ 0.64453767, 7.40129544 ], [ 0.65862709, 7.42569083 ], [ 0.64877321, 7.47444221 ], [ 0.66921771, 7.48844025 ], [ 0.67046096, 7.5221 ], [ 0.7601084, 7.53160868 ], [ 0.76071899, 7.52641862 ] ] ] } },
{ "type": "Feature", "properties": { "canton_id": "B12063181", "canton": "Ekéto", "commune": "Wawa 2", "prefecture": "Wawa", "region": "Plateaux", "population": 6636, "densite_hab_km2": 37.3, "n_agences": 0, "n_mobile_money": 1, "n_mm_togocom": 1, "n_mm_moov": 1, "n_mm_multi": 1, "mm_pour_10k": 1.5, "agences_pour_100k": 0.0, "habitants_par_mm": 6636.0, "couverture_mobile_pct": 100.0, "mm_1km_pct": 18.04, "togocom_5km_pct": 0.0, "n_banques": 0, "n_microfinance": 0, "n_postes": 0, "n_distributeurs": 0, "n_marches": 0, "n_ecoles": 17, "n_superieur": 0, "habitants_pres_marche": 1640, "habitants_pres_ecole": 3518, "indice_acces": 39.9, "distance_route_km": 0.4 }, "geometry": { "type": "Polygon", "coordinates": [ [ [ 0.89513695, 7.47900158 ], [ 0.85848461, 7.44090604 ], [ 0.85617073, 7.42369 ], [ 0.83772671, 7.39837 ], [ 0.80684634, 7.39465688 ], [ 0.80641187, 7.38932582 ], [ 0.79499102, 7.38721819 ], [ 0.79021164, 7.39304517 ], [ 0.7686976, 7.38770418 ], [ 0.76311132, 7.3927253 ], [ 0.72739477, 7.37832106 ], [ 0.7230572, 7.42255969 ], [ 0.74884305, 7.45258179 ], [ 0.7458961, 7.4789202 ], [ 0.76730756, 7.49303335 ], [ 0.7742181, 7.51010432 ], [ 0.80198501, 7.50438957 ], [ 0.85421447, 7.51408866 ], [ 0.89513695, 7.47900158 ] ] ] } },
{ "type": "Feature", "properties": { "canton_id": "B12064184", "canton": "Ounabé", "commune": "Wawa 3", "prefecture": "Wawa", "region": "Plateaux", "population": 3029, "densite_hab_km2": 42.1, "n_agences": 0, "n_mobile_money": 5, "n_mm_togocom": 5, "n_mm_moov": 3, "n_mm_multi": 3, "mm_pour_10k": 16.5, "agences_pour_100k": 0.0, "habitants_par_mm": 606.0, "couverture_mobile_pct": 100.0, "mm_1km_pct": 90.44, "togocom_5km_pct": 0.0, "n_banques": 0, "n_microfinance": 0, "n_postes": 0, "n_distributeurs": 0, "n_marches": 0, "n_ecoles": 6, "n_superieur": 0, "habitants_pres_marche": 242, "habitants_pres_ecole": 4168, "indice_acces": 56.8, "distance_route_km": 0.42 }, "geometry": { "type": "Polygon", "coordinates": [ [ [ 0.91796376, 7.60472449 ], [ 0.96625027, 7.58176406 ], [ 1.00720555, 7.57311271 ], [ 0.99641663, 7.54091943 ], [ 0.98299768, 7.53715543 ], [ 0.97100685, 7.51870126 ], [ 0.95186453, 7.50513397 ], [ 0.93935024, 7.50207238 ], [ 0.93750214, 7.52415615 ], [ 0.90438904, 7.56168434 ], [ 0.89875277, 7.58413549 ], [ 0.91796376, 7.60472449 ] ] ] } },
{ "type": "Feature", "properties": { "canton_id": "B12064185", "canton": "Okou", "commune": "Wawa 3", "prefecture": "Wawa", "region": "Plateaux", "population": 7408, "densite_hab_km2": 57.6, "n_agences": 0, "n_mobile_money": 5, "n_mm_togocom": 5, "n_mm_moov": 4, "n_mm_multi": 4, "mm_pour_10k": 6.7, "agences_pour_100k": 0.0, "habitants_par_mm": 1482.0, "couverture_mobile_pct": 100.0, "mm_1km_pct": 42.39, "togocom_5km_pct": 0.0, "n_banques": 0, "n_microfinance": 0, "n_postes": 0, "n_distributeurs": 0, "n_marches": 1, "n_ecoles": 10, "n_superieur": 0, "habitants_pres_marche": 6700, "habitants_pres_ecole": 8086, "indice_acces": 45.4, "distance_route_km": 0.46 }, "geometry": { "type": "Polygon", "coordinates": [ [ [ 0.85421447, 7.51408866 ], [ 0.82398115, 7.55102826 ], [ 0.82377566, 7.57506461 ], [ 0.84946767, 7.60156684 ], [ 0.84976416, 7.61142444 ], [ 0.87832128, 7.63237259 ], [ 0.90221298, 7.63800756 ], [ 0.90273875, 7.62411042 ], [ 0.91796376, 7.60472449 ], [ 0.89875277, 7.58413549 ], [ 0.90438904, 7.56168434 ], [ 0.93750214, 7.52415615 ], [ 0.93935024, 7.50207238 ], [ 0.89513695, 7.47900158 ], [ 0.85421447, 7.51408866 ] ] ] } },
{ "type": "Feature", "properties": { "canton_id": "B12064186", "canton": "Doumé", "commune": "Wawa 3", "prefecture": "Wawa", "region": "Plateaux", "population": 5508, "densite_hab_km2": 84.2, "n_agences": 0, "n_mobile_money": 13, "n_mm_togocom": 12, "n_mm_moov": 13, "n_mm_multi": 12, "mm_pour_10k": 23.6, "agences_pour_100k": 0.0, "habitants_par_mm": 424.0, "couverture_mobile_pct": 100.0, "mm_1km_pct": 73.4, "togocom_5km_pct": 0.0, "n_banques": 0, "n_microfinance": 0, "n_postes": 0, "n_distributeurs": 0, "n_marches": 2, "n_ecoles": 12, "n_superieur": 0, "habitants_pres_marche": 4095, "habitants_pres_ecole": 4069, "indice_acces": 61.3, "distance_route_km": 1.06 }, "geometry": { "type": "Polygon", "coordinates": [ [ [ 0.84976313, 7.61139007 ], [ 0.84946767, 7.60156684 ], [ 0.82377566, 7.57506461 ], [ 0.82398115, 7.55102826 ], [ 0.82989924, 7.54163447 ], [ 0.7241471, 7.52626603 ], [ 0.72797371, 7.55313599 ], [ 0.74720749, 7.57582199 ], [ 0.76247239, 7.58190446 ], [ 0.79657184, 7.58087115 ], [ 0.80591866, 7.60853585 ], [ 0.84976313, 7.61139007 ] ] ] } },
{ "type": "Feature", "properties": { "canton_id": "B12064187", "canton": "B12064187", "commune": "B12064187", "prefecture": "B12064187", "region": "Plateaux", "population": 5315, "densite_hab_km2": 65.0, "n_agences": 0, "n_mobile_money": 9, "n_mm_togocom": 9, "n_mm_moov": 8, "n_mm_multi": 8, "mm_pour_10k": 16.9, "agences_pour_100k": 0.0, "habitants_par_mm": 591.0, "couverture_mobile_pct": 100.0, "mm_1km_pct": 62.53, "togocom_5km_pct": 0.0, "n_banques": 0, "n_microfinance": 0, "n_postes": 0, "n_distributeurs": 0, "n_marches": 0, "n_ecoles": 10, "n_superieur": 0, "habitants_pres_marche": 2650, "habitants_pres_ecole": 3451, "indice_acces": 57.2, "distance_route_km": 0.88 }, "geometry": { "type": "Polygon", "coordinates": [ [ [ 0.75062446, 7.57718357 ], [ 0.72997057, 7.58929572 ], [ 0.71252112, 7.61324355 ], [ 0.67725039, 7.61822122 ], [ 0.67571744, 7.63000998 ], [ 0.74675265, 7.62613779 ], [ 0.7712427, 7.63614093 ], [ 0.79187763, 7.63619543 ], [ 0.82820544, 7.63008557 ], [ 0.86588427, 7.65713276 ], [ 0.86840588, 7.64956024 ], [ 0.90221298, 7.63800756 ], [ 0.87832128, 7.63237259 ], [ 0.84976416, 7.61142444 ], [ 0.80591866, 7.60853585 ], [ 0.79657184, 7.58087115 ], [ 0.75062446, 7.57718357 ] ] ] } },
{ "type": "Feature", "properties": { "canton_id": "C01065187", "canton": "Pagala-Gare", "commune": "Blitta 1", "prefecture": "Blitta", "region": "Centrale", "population": 18450, "densite_hab_km2": 88.0, "n_agences": 0, "n_mobile_money": 17, "n_mm_togocom": 14, "n_mm_moov": 14, "n_mm_multi": 11, "mm_pour_10k": 9.2, "agences_pour_100k": 0.0, "habitants_par_mm": 1085.0, "couverture_mobile_pct": 90.88, "mm_1km_pct": 67.53, "togocom_5km_pct": 0.0, "n_banques": 1, "n_microfinance": 3, "n_postes": 1, "n_distributeurs": 0, "n_marches": 9, "n_ecoles": 28, "n_superieur": 0, "habitants_pres_marche": 17680, "habitants_pres_ecole": 17346, "indice_acces": 36.3, "distance_route_km": 0.07 }, "geometry": { "type": "Polygon", "coordinates": [ [ [ 0.89936815, 8.13418835 ], [ 0.91208937, 8.16176755 ], [ 0.91569638, 8.19158093 ], [ 0.9325523, 8.21521538 ], [ 0.96644451, 8.22826755 ], [ 0.97737404, 8.22284414 ], [ 0.98739241, 8.22587403 ], [ 1.02074476, 8.25122263 ], [ 1.03493464, 8.24994683 ], [ 1.05814826, 8.21358241 ], [ 1.07359928, 8.21062887 ], [ 1.07683802, 8.17911656 ], [ 1.05995505, 8.15923503 ], [ 1.0546997, 8.11381699 ], [ 1.01843282, 8.11383436 ], [ 1.00053959, 8.10432738 ], [ 1.00079604, 8.09144889 ], [ 0.97178396, 8.090223 ], [ 0.96948749, 8.11544196 ], [ 0.92800699, 8.13563298 ], [ 0.89936815, 8.13418835 ] ] ] } },
{ "type": "Feature", "properties": { "canton_id": "C01065188", "canton": "Waragni", "commune": "Blitta 1", "prefecture": "Blitta", "region": "Centrale", "population": 2874, "densite_hab_km2": 52.5, "n_agences": 0, "n_mobile_money": 7, "n_mm_togocom": 7, "n_mm_moov": 3, "n_mm_multi": 3, "mm_pour_10k": 24.4, "agences_pour_100k": 0.0, "habitants_par_mm": 411.0, "couverture_mobile_pct": 100.0, "mm_1km_pct": 64.84, "togocom_5km_pct": 0.16, "n_banques": 0, "n_microfinance": 0, "n_postes": 0, "n_distributeurs": 0, "n_marches": 2, "n_ecoles": 6, "n_superieur": 0, "habitants_pres_marche": 2349, "habitants_pres_ecole": 2294, "indice_acces": 61.9, "distance_route_km": 0.03 }, "geometry": { "type": "Polygon", "coordinates": [ [ [ 0.97737404, 8.22284414 ], [ 0.9729535, 8.23839256 ], [ 0.97959115, 8.25173806 ], [ 0.99762367, 8.27287815 ], [ 1.01360414, 8.28026284 ], [ 1.02616099, 8.3163694 ], [ 1.04459742, 8.31549932 ], [ 1.0689037, 8.3033147 ], [ 1.05726483, 8.27596005 ], [ 1.06641616, 8.25937562 ], [ 1.04474873, 8.23101127 ], [ 1.03493464, 8.24994683 ], [ 1.02074476, 8.25122263 ], [ 0.97737404, 8.22284414 ] ] ] } },
{ "type": "Feature", "properties": { "canton_id": "C01065189", "canton": "Blitta-Village", "commune": "Blitta 1", "prefecture": "Blitta", "region": "Centrale", "population": 77778, "densite_hab_km2": 1076.9, "n_agences": 2, "n_mobile_money": 13, "n_mm_togocom": 13, "n_mm_moov": 7, "n_mm_multi": 7, "mm_pour_10k": 1.7, "agences_pour_100k": 2.57, "habitants_par_mm": 5983.0, "couverture_mobile_pct": 100.0, "mm_1km_pct": 87.42, "togocom_5km_pct": 99.43, "n_banques": 0, "n_microfinance": 0, "n_postes": 0, "n_distributeurs": 0, "n_marches": 4, "n_ecoles": 12, "n_superieur": 0, "habitants_pres_marche": 80611, "habitants_pres_ecole": 79536, "indice_acces": 56.7, "distance_route_km": 0.5 }, "geometry": { "type": "Polygon", "coordinates": [ [ [ 1.02616099, 8.3163694 ], [ 0.99688601, 8.32323946 ], [ 1.00271002, 8.33559575 ], [ 0.9948105, 8.35177549 ], [ 1.00101738, 8.36478259 ], [ 0.99710734, 8.37447053 ], [ 0.9738359, 8.37328746 ], [ 0.97159893, 8.39134433 ], [ 1.01778264, 8.39354891 ], [ 1.06095341, 8.38268529 ], [ 1.09824906, 8.38373154 ], [ 1.08934043, 8.36743014 ], [ 1.07221822, 8.35562031 ], [ 1.04791162, 8.31368934 ], [ 1.02616099, 8.3163694 ] ] ] } },
{ "type": "Feature", "properties": { "canton_id": "C01065190", "canton": "Blitta", "commune": "Blitta 1", "prefecture": "Blitta", "region": "Centrale", "population": 100066, "densite_hab_km2": 974.8, "n_agences": 0, "n_mobile_money": 8, "n_mm_togocom": 8, "n_mm_moov": 8, "n_mm_multi": 8, "mm_pour_10k": 0.8, "agences_pour_100k": 0.0, "habitants_par_mm": 12508.0, "couverture_mobile_pct": 100.0, "mm_1km_pct": 70.56, "togocom_5km_pct": 92.31, "n_banques": 2, "n_microfinance": 2, "n_postes": 1, "n_distributeurs": 1, "n_marches": 5, "n_ecoles": 14, "n_superieur": 0, "habitants_pres_marche": 98303, "habitants_pres_ecole": 95351, "indice_acces": 39.7, "distance_route_km": 0.35 }, "geometry": { "type": "Polygon", "coordinates": [ [ [ 0.9738359, 8.37328746 ], [ 0.99710734, 8.37447053 ], [ 1.00101738, 8.36478259 ], [ 0.9948105, 8.35177549 ], [ 1.00271002, 8.33559575 ], [ 0.99688601, 8.32323946 ], [ 1.02616099, 8.3163694 ], [ 1.01360414, 8.28026284 ], [ 0.99762367, 8.27287815 ], [ 0.97959115, 8.25173806 ], [ 0.9729535, 8.23839256 ], [ 0.97737404, 8.22284414 ], [ 0.95151818, 8.24164768 ], [ 0.95053674, 8.28691232 ], [ 0.9570076, 8.30443829 ], [ 0.94657829, 8.32447235 ], [ 0.91003622, 8.35494123 ], [ 0.90572339, 8.36741285 ], [ 0.92340475, 8.38534091 ], [ 0.94101885, 8.38122558 ], [ 0.95498625, 8.37318991 ], [ 0.96364677, 8.35098567 ], [ 0.9738359, 8.37328746 ] ] ] } },
{ "type": "Feature", "properties": { "canton_id": "C01065191", "canton": "Yaloumbè", "commune": "Blitta 1", "prefecture": "Blitta", "region": "Centrale", "population": 5102, "densite_hab_km2": 59.5, "n_agences": 0, "n_mobile_money": 20, "n_mm_togocom": 20, "n_mm_moov": 14, "n_mm_multi": 14, "mm_pour_10k": 39.2, "agences_pour_100k": 0.0, "habitants_par_mm": 255.0, "couverture_mobile_pct": 100.0, "mm_1km_pct": 83.29, "togocom_5km_pct": 0.0, "n_banques": 0, "n_microfinance": 0, "n_postes": 0, "n_distributeurs": 0, "n_marches": 3, "n_ecoles": 7, "n_superieur": 0, "habitants_pres_marche": 2966, "habitants_pres_ecole": 2749, "indice_acces": 67.1, "distance_route_km": 0.38 }, "geometry": { "type": "Polygon", "coordinates": [ [ [ 1.13326229, 8.37182009 ], [ 1.14449803, 8.36183989 ], [ 1.14521288, 8.34843391 ], [ 1.13327391, 8.30155353 ], [ 1.06641616, 8.25937562 ], [ 1.05726483, 8.27596005 ], [ 1.0689037, 8.3033147 ], [ 1.04791162, 8.31368934 ], [ 1.07221822, 8.35562031 ], [ 1.08934043, 8.36743014 ], [ 1.09824906, 8.38373154 ], [ 1.13326229, 8.37182009 ] ] ] } },
{ "type": "Feature", "properties": { "canton_id": "C01065192", "canton": "Tchaloudè", "commune": "Blitta 1", "prefecture": "Blitta", "region": "Centrale", "population": 5010, "densite_hab_km2": 32.5, "n_agences": 0, "n_mobile_money": 10, "n_mm_togocom": 10, "n_mm_moov": 9, "n_mm_multi": 9, "mm_pour_10k": 20.0, "agences_pour_100k": 0.0, "habitants_par_mm": 501.0, "couverture_mobile_pct": 82.01, "mm_1km_pct": 56.72, "togocom_5km_pct": 0.0, "n_banques": 0, "n_microfinance": 0, "n_postes": 0, "n_distributeurs": 0, "n_marches": 3, "n_ecoles": 13, "n_superieur": 0, "habitants_pres_marche": 5109, "habitants_pres_ecole": 5351, "indice_acces": 45.1, "distance_route_km": 0.26 }, "geometry": { "type": "Polygon", "coordinates": [ [ [ 1.23587593, 8.3777496 ], [ 1.25158549, 8.37275339 ], [ 1.23783814, 8.35790303 ], [ 1.24349128, 8.34707272 ], [ 1.23328756, 8.30922585 ], [ 1.24595334, 8.28892646 ], [ 1.21831278, 8.28324759 ], [ 1.20505114, 8.28686506 ], [ 1.1916807, 8.27861285 ], [ 1.16292192, 8.28214488 ], [ 1.1398472, 8.24264804 ], [ 1.1301011, 8.2376283 ], [ 1.11913524, 8.23811774 ], [ 1.09722631, 8.25704664 ], [ 1.06641616, 8.25937562 ], [ 1.13327391, 8.30155353 ], [ 1.14521288, 8.34843391 ], [ 1.14449803, 8.36183989 ], [ 1.13326229, 8.37182009 ], [ 1.16595369, 8.36932446 ], [ 1.18344907, 8.39160214 ], [ 1.23057358, 8.38786075 ], [ 1.23587593, 8.3777496 ] ] ] } },
{ "type": "Feature", "properties": { "canton_id": "C01065193", "canton": "Doufouli", "commune": "Blitta 1", "prefecture": "Blitta", "region": "Centrale", "population": 1902, "densite_hab_km2": 14.7, "n_agences": 0, "n_mobile_money": 0, "n_mm_togocom": 0, "n_mm_moov": 0, "n_mm_multi": 0, "mm_pour_10k": 0.0, "agences_pour_100k": 0.0, "habitants_par_mm": null, "couverture_mobile_pct": 100.0, "mm_1km_pct": 0.0, "togocom_5km_pct": 0.0, "n_banques": 0, "n_microfinance": 0, "n_postes": 0, "n_distributeurs": 0, "n_marches": 1, "n_ecoles": 5, "n_superieur": 0, "habitants_pres_marche": 1593, "habitants_pres_ecole": 1486, "indice_acces": 38.7, "distance_route_km": 0.16 }, "geometry": { "type": "Polygon", "coordinates": [ [ [ 0.91597124, 8.38114487 ], [ 0.90572339, 8.36741285 ], [ 0.91003622, 8.35494123 ], [ 0.92765053, 8.34542263 ], [ 0.9570076, 8.30443829 ], [ 0.95053674, 8.28691232 ], [ 0.95151818, 8.24164768 ], [ 0.93224878, 8.25510071 ], [ 0.90391136, 8.24976336 ], [ 0.85168823, 8.25506102 ], [ 0.86372274, 8.3211746 ], [ 0.85389967, 8.37064124 ], [ 0.86824222, 8.38478349 ], [ 0.89170671, 8.3876885 ], [ 0.91597124, 8.38114487 ] ] ] } },
{ "type": "Feature", "properties": { "canton_id": "C01066194", "canton": "Tcharè-Baou", "commune": "Blitta 2", "prefecture": "Blitta", "region": "Centrale", "population": 6211, "densite_hab_km2": 36.0, "n_agences": 0, "n_mobile_money": 4, "n_mm_togocom": 4, "n_mm_moov": 3, "n_mm_multi": 3, "mm_pour_10k": 6.4, "agences_pour_100k": 0.0, "habitants_par_mm": 1553.0, "couverture_mobile_pct": 64.78, "mm_1km_pct": 29.61, "togocom_5km_pct": 0.0, "n_banques": 0, "n_microfinance": 0, "n_postes": 0, "n_distributeurs": 0, "n_marches": 2, "n_ecoles": 15, "n_superieur": 0, "habitants_pres_marche": 6247, "habitants_pres_ecole": 7591, "indice_acces": 29.3, "distance_route_km": 1.15 }, "geometry": { "type": "Polygon", "coordinates": [ [ [ 1.06660986, 8.10416548 ], [ 1.12829157, 8.10904028 ], [ 1.15556785, 8.0978939 ], [ 1.17146475, 8.10200278 ], [ 1.20413985, 8.07489556 ], [ 1.08486244, 8.07892344 ], [ 1.08264398, 7.96479978 ], [ 1.04899367, 7.95492881 ], [ 1.03210477, 7.95753592 ], [ 1.0349623, 7.9787928 ], [ 1.02549072, 7.99345398 ], [ 1.03063319, 8.0068872 ], [ 1.01292781, 8.01905741 ], [ 1.00805062, 8.04037208 ], [ 1.01363367, 8.05236586 ], [ 1.00606156, 8.06256569 ], [ 0.98060427, 8.06200848 ], [ 0.97178396, 8.090223 ], [ 1.00079604, 8.09144889 ], [ 1.00053959, 8.10432738 ], [ 1.01843282, 8.11383436 ], [ 1.0546997, 8.11381699 ], [ 1.06660986, 8.10416548 ] ] ] } },
{ "type": "Feature", "properties": { "canton_id": "C01066195", "canton": "Koffiti", "commune": "Blitta 2", "prefecture": "Blitta", "region": "Centrale", "population": 5467, "densite_hab_km2": 33.9, "n_agences": 0, "n_mobile_money": 0, "n_mm_togocom": 0, "n_mm_moov": 0, "n_mm_multi": 0, "mm_pour_10k": 0.0, "agences_pour_100k": 0.0, "habitants_par_mm": null, "couverture_mobile_pct": 100.0, "mm_1km_pct": 3.33, "togocom_5km_pct": 0.0, "n_banques": 0, "n_microfinance": 0, "n_postes": 0, "n_distributeurs": 0, "n_marches": 2, "n_ecoles": 13, "n_superieur": 0, "habitants_pres_marche": 4605, "habitants_pres_ecole": 5232, "indice_acces": 38.7, "distance_route_km": 0.63 }, "geometry": { "type": "Polygon", "coordinates": [ [ [ 1.12819005, 8.07422171 ], [ 1.20941325, 8.0717975 ], [ 1.2073156, 8.04984693 ], [ 1.22311907, 8.03093006 ], [ 1.23309656, 8.03124594 ], [ 1.23069937, 8.01368856 ], [ 1.1899941, 7.99507515 ], [ 1.1720851, 7.97865541 ], [ 1.10742022, 7.96402658 ], [ 1.08264398, 7.96479978 ], [ 1.08486244, 8.07892344 ], [ 1.12819005, 8.07422171 ] ] ] } },
{ "type": "Feature", "properties": { "canton_id": "C01066196", "canton": "Langabou", "commune": "Blitta 2", "prefecture": "Blitta", "region": "Centrale", "population": 12506, "densite_hab_km2": 48.7, "n_agences": 0, "n_mobile_money": 0, "n_mm_togocom": 0, "n_mm_moov": 0, "n_mm_multi": 0, "mm_pour_10k": 0.0, "agences_pour_100k": 0.0, "habitants_par_mm": null, "couverture_mobile_pct": 81.47, "mm_1km_pct": 0.09, "togocom_5km_pct": 0.0, "n_banques": 0, "n_microfinance": 0, "n_postes": 0, "n_distributeurs": 0, "n_marches": 2, "n_ecoles": 20, "n_superieur": 0, "habitants_pres_marche": 8824, "habitants_pres_ecole": 9804, "indice_acces": 24.5, "distance_route_km": 0.39 }, "geometry": { "type": "Polygon", "coordinates": [ [ [ 1.0546997, 8.11381699 ], [ 1.05995505, 8.15923503 ], [ 1.07683802, 8.17911656 ], [ 1.07359928, 8.21062887 ], [ 1.09924324, 8.21478792 ], [ 1.11206215, 8.19716161 ], [ 1.1241492, 8.19135447 ], [ 1.21088975, 8.19021038 ], [ 1.25474784, 8.1554109 ], [ 1.26286316, 8.14814726 ], [ 1.26645461, 8.13162114 ], [ 1.25979589, 8.11303075 ], [ 1.26783791, 8.10683369 ], [ 1.25938545, 8.09657654 ], [ 1.26598061, 8.07507397 ], [ 1.24697103, 8.03413604 ], [ 1.22843051, 8.02931876 ], [ 1.2073156, 8.04984693 ], [ 1.20941325, 8.0717975 ], [ 1.17146475, 8.10200278 ], [ 1.15556785, 8.0978939 ], [ 1.12829157, 8.10904028 ], [ 1.09244069, 8.10818013 ], [ 1.07992978, 8.10220987 ], [ 1.0546997, 8.11381699 ] ] ] } },
{ "type": "Feature", "properties": { "canton_id": "C01066197", "canton": "Agbandi", "commune": "Blitta 2", "prefecture": "Blitta", "region": "Centrale", "population": 6589, "densite_hab_km2": 34.1, "n_agences": 0, "n_mobile_money": 5, "n_mm_togocom": 3, "n_mm_moov": 3, "n_mm_multi": 2, "mm_pour_10k": 7.6, "agences_pour_100k": 0.0, "habitants_par_mm": 1318.0, "couverture_mobile_pct": 71.0, "mm_1km_pct": 35.62, "togocom_5km_pct": 0.0, "n_banques": 0, "n_microfinance": 2, "n_postes": 1, "n_distributeurs": 0, "n_marches": 4, "n_ecoles": 21, "n_superieur": 0, "habitants_pres_marche": 6291, "habitants_pres_ecole": 5361, "indice_acces": 31.6, "distance_route_km": 0.12 }, "geometry": { "type": "Polygon", "coordinates": [ [ [ 1.24595334, 8.28892646 ], [ 1.2498089, 8.26638804 ], [ 1.26115777, 8.24841923 ], [ 1.2486162, 8.24018784 ], [ 1.25673496, 8.22816558 ], [ 1.2556172, 8.21773171 ], [ 1.26214777, 8.21825878 ], [ 1.2617519, 8.21107797 ], [ 1.26913994, 8.20784988 ], [ 1.2635977, 8.19700909 ], [ 1.27083086, 8.15656115 ], [ 1.26286316, 8.14814726 ], [ 1.21088975, 8.19021038 ], [ 1.1241492, 8.19135447 ], [ 1.11206215, 8.19716161 ], [ 1.09924324, 8.21478792 ], [ 1.05814826, 8.21358241 ], [ 1.04474873, 8.23101127 ], [ 1.06641616, 8.25937562 ], [ 1.09722631, 8.25704664 ], [ 1.11913524, 8.23811774 ], [ 1.1301011, 8.2376283 ], [ 1.1398472, 8.24264804 ], [ 1.16292192, 8.28214488 ], [ 1.1916807, 8.27861285 ], [ 1.20505114, 8.28686506 ], [ 1.21831278, 8.28324759 ], [ 1.24595334, 8.28892646 ] ] ] } },
{ "type": "Feature", "properties": { "canton_id": "C01067199", "canton": "Welly", "commune": "Blitta 3", "prefecture": "Blitta", "region": "Centrale", "population": 8538, "densite_hab_km2": 22.6, "n_agences": 0, "n_mobile_money": 2, "n_mm_togocom": 2, "n_mm_moov": 1, "n_mm_multi": 1, "mm_pour_10k": 2.3, "agences_pour_100k": 0.0, "habitants_par_mm": 4269.0, "couverture_mobile_pct": 2.42, "mm_1km_pct": 13.33, "togocom_5km_pct": 0.0, "n_banques": 0, "n_microfinance": 0, "n_postes": 0, "n_distributeurs": 0, "n_marches": 8, "n_ecoles": 16, "n_superieur": 0, "habitants_pres_marche": 7688, "habitants_pres_ecole": 6782, "indice_acces": 21.5, "distance_route_km": 1.06 }, "geometry": { "type": "Polygon", "coordinates": [ [ [ 0.92800699, 8.13563298 ], [ 0.96948749, 8.11544196 ], [ 0.98060427, 8.06200848 ], [ 1.00606156, 8.06256569 ], [ 1.01363367, 8.05236586 ], [ 1.00805062, 8.04037208 ], [ 1.01292781, 8.01905741 ], [ 1.03063319, 8.0068872 ], [ 1.02549072, 7.99345398 ], [ 1.0349623, 7.9787928 ], [ 1.03210477, 7.95753592 ], [ 1.01696694, 7.97088313 ], [ 0.97315717, 7.97912336 ], [ 0.96471615, 7.98649087 ], [ 0.93958136, 7.97428179 ], [ 0.90201467, 7.97506731 ], [ 0.88226258, 7.96322534 ], [ 0.85344562, 7.96385978 ], [ 0.83961911, 7.9750534 ], [ 0.82530745, 7.96244999 ], [ 0.80562137, 7.9702414 ], [ 0.7820187, 7.9672478 ], [ 0.76477732, 8.00877128 ], [ 0.79106121, 8.03155022 ], [ 0.83585713, 8.0934897 ], [ 0.83692416, 8.12631798 ], [ 0.87809, 8.13624023 ], [ 0.92800699, 8.13563298 ] ] ] } },
{ "type": "Feature", "properties": { "canton_id": "C01067200", "canton": "Pagala-Village", "commune": "Blitta 3", "prefecture": "Blitta", "region": "Centrale", "population": 2490, "densite_hab_km2": 20.5, "n_agences": 0, "n_mobile_money": 0, "n_mm_togocom": 0, "n_mm_moov": 0, "n_mm_multi": 0, "mm_pour_10k": 0.0, "agences_pour_100k": 0.0, "habitants_par_mm": null, "couverture_mobile_pct": 85.32, "mm_1km_pct": 0.0, "togocom_5km_pct": 0.0, "n_banques": 0, "n_microfinance": 0, "n_postes": 0, "n_distributeurs": 0, "n_marches": 1, "n_ecoles": 5, "n_superieur": 0, "habitants_pres_marche": 2239, "habitants_pres_ecole": 1916, "indice_acces": 24.8, "distance_route_km": 2.17 }, "geometry": { "type": "Polygon", "coordinates": [ [ [ 0.824536, 8.14085832 ], [ 0.83023824, 8.17219726 ], [ 0.84103309, 8.181576 ], [ 0.85797567, 8.21950901 ], [ 0.85168823, 8.25506102 ], [ 0.90391136, 8.24976336 ], [ 0.93224878, 8.25510071 ], [ 0.96644451, 8.22826755 ], [ 0.9232312, 8.20815116 ], [ 0.89936815, 8.13418835 ], [ 0.87809, 8.13624023 ], [ 0.83692416, 8.12631798 ], [ 0.824536, 8.14085832 ] ] ] } },
{ "type": "Feature", "properties": { "canton_id": "C01067201", "canton": "Tchifama", "commune": "Blitta 3", "prefecture": "Blitta", "region": "Centrale", "population": 2068, "densite_hab_km2": 29.7, "n_agences": 0, "n_mobile_money": 0, "n_mm_togocom": 0, "n_mm_moov": 0, "n_mm_multi": 0, "mm_pour_10k": 0.0, "agences_pour_100k": 0.0, "habitants_par_mm": null, "couverture_mobile_pct": 4.83, "mm_1km_pct": 0.0, "togocom_5km_pct": 0.0, "n_banques": 0, "n_microfinance": 0, "n_postes": 0, "n_distributeurs": 0, "n_marches": 1, "n_ecoles": 7, "n_superieur": 0, "habitants_pres_marche": 2577, "habitants_pres_ecole": 2166, "indice_acces": 20.1, "distance_route_km": 0.46 }, "geometry": { "type": "Polygon", "coordinates": [ [ [ 0.824536, 8.14085832 ], [ 0.76921467, 8.16427153 ], [ 0.73754826, 8.1612127 ], [ 0.74851527, 8.18126456 ], [ 0.74540185, 8.22026448 ], [ 0.79772591, 8.20307393 ], [ 0.81691861, 8.20588138 ], [ 0.82596943, 8.21782355 ], [ 0.85746837, 8.2331297 ], [ 0.85797567, 8.21950901 ], [ 0.84596892, 8.19198202 ], [ 0.8240479, 8.15755577 ], [ 0.824536, 8.14085832 ] ] ] } },
{ "type": "Feature", "properties": { "canton_id": "C01067202", "canton": "Atchintsè", "commune": "Blitta 3", "prefecture": "Blitta", "region": "Centrale", "population": 2919, "densite_hab_km2": 11.4, "n_agences": 0, "n_mobile_money": 1, "n_mm_togocom": 1, "n_mm_moov": 0, "n_mm_multi": 0, "mm_pour_10k": 3.4, "agences_pour_100k": 0.0, "habitants_par_mm": 2919.0, "couverture_mobile_pct": 0.0, "mm_1km_pct": 43.25, "togocom_5km_pct": 0.0, "n_banques": 0, "n_microfinance": 0, "n_postes": 0, "n_distributeurs": 0, "n_marches": 2, "n_ecoles": 10, "n_superieur": 0, "habitants_pres_marche": 3090, "habitants_pres_ecole": 3043, "indice_acces": 20.6, "distance_route_km": 1.02 }, "geometry": { "type": "Polygon", "coordinates": [ [ [ 0.5981341, 8.05887973 ], [ 0.70723571, 8.05746631 ], [ 0.75619106, 8.04490746 ], [ 0.7820187, 7.9672478 ], [ 0.74602718, 7.95765539 ], [ 0.70221068, 7.93146387 ], [ 0.67755743, 7.90275217 ], [ 0.61972621, 7.90421108 ], [ 0.61324524, 7.94497486 ], [ 0.59723525, 7.9865733 ], [ 0.60643025, 7.98574438 ], [ 0.59416485, 8.04012831 ], [ 0.5981341, 8.05887973 ] ] ] } },
{ "type": "Feature", "properties": { "canton_id": "C01067207", "canton": "M'Poti", "commune": "Blitta 3", "prefecture": "Blitta", "region": "Centrale", "population": 3582, "densite_hab_km2": 13.1, "n_agences": 0, "n_mobile_money": 3, "n_mm_togocom": 3, "n_mm_moov": 2, "n_mm_multi": 2, "mm_pour_10k": 8.4, "agences_pour_100k": 0.0, "habitants_par_mm": 1194.0, "couverture_mobile_pct": 10.91, "mm_1km_pct": 40.49, "togocom_5km_pct": 0.0, "n_banques": 0, "n_microfinance": 0, "n_postes": 0, "n_distributeurs": 0, "n_marches": 2, "n_ecoles": 10, "n_superieur": 0, "habitants_pres_marche": 2852, "habitants_pres_ecole": 2804, "indice_acces": 29.8, "distance_route_km": 0.78 }, "geometry": { "type": "Polygon", "coordinates": [ [ [ 0.86824222, 8.38478349 ], [ 0.85389967, 8.37064124 ], [ 0.86372274, 8.3211746 ], [ 0.85168823, 8.25506102 ], [ 0.85746837, 8.2331297 ], [ 0.82596943, 8.21782355 ], [ 0.81691861, 8.20588138 ], [ 0.79772591, 8.20307393 ], [ 0.74540185, 8.22026448 ], [ 0.75505112, 8.25395424 ], [ 0.74203481, 8.26964166 ], [ 0.74155032, 8.28693713 ], [ 0.72902343, 8.2904431 ], [ 0.73017005, 8.3407163 ], [ 0.71041971, 8.35175574 ], [ 0.70873307, 8.38160968 ], [ 0.75686601, 8.38170211 ], [ 0.79633985, 8.41209228 ], [ 0.86824222, 8.38478349 ] ] ] } },
{ "type": "Feature", "properties": { "canton_id": "C01067203", "canton": "Diguengué", "commune": "Blitta 3", "prefecture": "Blitta", "region": "Centrale", "population": 769, "densite_hab_km2": 7.8, "n_agences": 0, "n_mobile_money": 0, "n_mm_togocom": 0, "n_mm_moov": 0, "n_mm_multi": 0, "mm_pour_10k": 0.0, "agences_pour_100k": 0.0, "habitants_par_mm": null, "couverture_mobile_pct": 0.0, "mm_1km_pct": 0.0, "togocom_5km_pct": 0.0, "n_banques": 0, "n_microfinance": 0, "n_postes": 0, "n_distributeurs": 0, "n_marches": 0, "n_ecoles": 3, "n_superieur": 0, "habitants_pres_marche": 59, "habitants_pres_ecole": 727, "indice_acces": 17.6, "distance_route_km": 0.78 }, "geometry": { "type": "Polygon", "coordinates": [ [ [ 0.71186863, 8.12312098 ], [ 0.70723571, 8.05746631 ], [ 0.5913411, 8.06191198 ], [ 0.58474934, 8.09634872 ], [ 0.59191247, 8.10569225 ], [ 0.59122735, 8.12370257 ], [ 0.71186863, 8.12312098 ] ] ] } },
{ "type": "Feature", "properties": { "canton_id": "C01067204", "canton": "Yégué", "commune": "Blitta 3", "prefecture": "Blitta", "region": "Centrale", "population": 887, "densite_hab_km2": 12.2, "n_agences": 0, "n_mobile_money": 0, "n_mm_togocom": 0, "n_mm_moov": 0, "n_mm_multi": 0, "mm_pour_10k": 0.0, "agences_pour_100k": 0.0, "habitants_par_mm": null, "couverture_mobile_pct": 0.0, "mm_1km_pct": 0.0, "togocom_5km_pct": 0.0, "n_banques": 0, "n_microfinance": 0, "n_postes": 0, "n_distributeurs": 0, "n_marches": 2, "n_ecoles": 2, "n_superieur": 0, "habitants_pres_marche": 1164, "habitants_pres_ecole": 1141, "indice_acces": 17.6, "distance_route_km": 0.29 }, "geometry": { "type": "Polygon", "coordinates": [ [ [ 0.72010789, 8.1464434 ], [ 0.71186863, 8.12312098 ], [ 0.59122735, 8.12370257 ], [ 0.5914536, 8.13912054 ], [ 0.6060571, 8.13910348 ], [ 0.60930879, 8.14513995 ], [ 0.6044662, 8.17449445 ], [ 0.6108257, 8.18538944 ], [ 0.631399, 8.18425381 ], [ 0.64635097, 8.20019697 ], [ 0.66268619, 8.20042769 ], [ 0.68271438, 8.16667743 ], [ 0.71400382, 8.14508374 ], [ 0.72010789, 8.1464434 ] ] ] } },
{ "type": "Feature", "properties": { "canton_id": "C01067205", "canton": "Dikpéléou", "commune": "Blitta 3", "prefecture": "Blitta", "region": "Centrale", "population": 599, "densite_hab_km2": 30.4, "n_agences": 0, "n_mobile_money": 0, "n_mm_togocom": 0, "n_mm_moov": 0, "n_mm_multi": 0, "mm_pour_10k": 0.0, "agences_pour_100k": 0.0, "habitants_par_mm": null, "couverture_mobile_pct": 0.0, "mm_1km_pct": 0.0, "togocom_5km_pct": 0.0, "n_banques": 0, "n_microfinance": 0, "n_postes": 0, "n_distributeurs": 0, "n_marches": 1, "n_ecoles": 2, "n_superieur": 0, "habitants_pres_marche": 998, "habitants_pres_ecole": 987, "indice_acces": 17.6, "distance_route_km": 0.04 }, "geometry": { "type": "Polygon", "coordinates": [ [ [ 0.62458379, 8.22741208 ], [ 0.64635097, 8.20019697 ], [ 0.64134778, 8.18993361 ], [ 0.631399, 8.18425381 ], [ 0.6112456, 8.18533445 ], [ 0.58935762, 8.1944812 ], [ 0.58996638, 8.21005385 ], [ 0.61669393, 8.21771918 ], [ 0.62458379, 8.22741208 ] ] ] } },
{ "type": "Feature", "properties": { "canton_id": "C02069211", "canton": "Saïboudè", "commune": "Mô 2", "prefecture": "Mô", "region": "Centrale", "population": 1962, "densite_hab_km2": 9.9, "n_agences": 0, "n_mobile_money": 2, "n_mm_togocom": 2, "n_mm_moov": 1, "n_mm_multi": 1, "mm_pour_10k": 10.2, "agences_pour_100k": 0.0, "habitants_par_mm": 981.0, "couverture_mobile_pct": 0.0, "mm_1km_pct": 45.51, "togocom_5km_pct": 0.0, "n_banques": 0, "n_microfinance": 0, "n_postes": 0, "n_distributeurs": 0, "n_marches": 2, "n_ecoles": 10, "n_superieur": 0, "habitants_pres_marche": 1619, "habitants_pres_ecole": 2360, "indice_acces": 29.4, "distance_route_km": 0.21 }, "geometry": { "type": "Polygon", "coordinates": [ [ [ 0.60420919, 8.61132225 ], [ 0.63999346, 8.59302111 ], [ 0.6859426, 8.55122805 ], [ 0.63325001, 8.53245547 ], [ 0.61501885, 8.51237675 ], [ 0.59046336, 8.51611904 ], [ 0.5831019, 8.52625632 ], [ 0.57031723, 8.52463646 ], [ 0.56340984, 8.54563024 ], [ 0.53572818, 8.55746502 ], [ 0.53169919, 8.56919538 ], [ 0.51122716, 8.56375744 ], [ 0.50990724, 8.57166957 ], [ 0.49956168, 8.57364349 ], [ 0.49198884, 8.59683797 ], [ 0.4694721, 8.59545468 ], [ 0.45702259, 8.62552408 ], [ 0.50935769, 8.6433517 ], [ 0.53275165, 8.66926315 ], [ 0.55443041, 8.66697945 ], [ 0.55624721, 8.65372249 ], [ 0.57428081, 8.64316161 ], [ 0.60420919, 8.61132225 ] ] ] } },
{ "type": "Feature", "properties": { "canton_id": "C02069212", "canton": "Tindjasse", "commune": "Mô 2", "prefecture": "Mô", "region": "Centrale", "population": 4288, "densite_hab_km2": 23.4, "n_agences": 0, "n_mobile_money": 5, "n_mm_togocom": 5, "n_mm_moov": 1, "n_mm_multi": 1, "mm_pour_10k": 11.7, "agences_pour_100k": 0.0, "habitants_par_mm": 858.0, "couverture_mobile_pct": 0.0, "mm_1km_pct": 43.56, "togocom_5km_pct": 0.0, "n_banques": 0, "n_microfinance": 1, "n_postes": 0, "n_distributeurs": 0, "n_marches": 2, "n_ecoles": 12, "n_superieur": 0, "habitants_pres_marche": 1835, "habitants_pres_ecole": 1861, "indice_acces": 31.4, "distance_route_km": 1.79 }, "geometry": { "type": "Polygon", "coordinates": [ [ [ 0.45299102, 8.81110624 ], [ 0.45993892, 8.80990562 ], [ 0.47013471, 8.79030734 ], [ 0.46951352, 8.75493815 ], [ 0.55430897, 8.66709531 ], [ 0.53275165, 8.66926315 ], [ 0.50935769, 8.6433517 ], [ 0.45702259, 8.62552408 ], [ 0.38725026, 8.74486914 ], [ 0.37347245, 8.75451769 ], [ 0.40053325, 8.75697347 ], [ 0.37778484, 8.77197188 ], [ 0.37938136, 8.79274315 ], [ 0.38992738, 8.79062479 ], [ 0.39229795, 8.79701624 ], [ 0.39816459, 8.7896381 ], [ 0.39817908, 8.79371235 ], [ 0.41830694, 8.79259116 ], [ 0.42763914, 8.779563 ], [ 0.44078179, 8.78835029 ], [ 0.43731825, 8.794025 ], [ 0.42977433, 8.7910094 ], [ 0.43032661, 8.79818761 ], [ 0.45299102, 8.81110624 ] ] ] } },
{ "type": "Feature", "properties": { "canton_id": "C01067206", "canton": "Katchenkè", "commune": "Blitta 3", "prefecture": "Blitta", "region": "Centrale", "population": 1217, "densite_hab_km2": 8.5, "n_agences": 0, "n_mobile_money": 0, "n_mm_togocom": 0, "n_mm_moov": 0, "n_mm_multi": 0, "mm_pour_10k": 0.0, "agences_pour_100k": 0.0, "habitants_par_mm": null, "couverture_mobile_pct": 0.0, "mm_1km_pct": 0.0, "togocom_5km_pct": 0.0, "n_banques": 0, "n_microfinance": 0, "n_postes": 0, "n_distributeurs": 0, "n_marches": 2, "n_ecoles": 7, "n_superieur": 0, "habitants_pres_marche": 1428, "habitants_pres_ecole": 1332, "indice_acces": 17.6, "distance_route_km": 0.4 }, "geometry": { "type": "Polygon", "coordinates": [ [ [ 0.74540185, 8.22026448 ], [ 0.74851527, 8.18126456 ], [ 0.73754826, 8.1612127 ], [ 0.71400382, 8.14508374 ], [ 0.68271438, 8.16667743 ], [ 0.66268619, 8.20042769 ], [ 0.64635097, 8.20019697 ], [ 0.62267261, 8.2377177 ], [ 0.63559091, 8.24941077 ], [ 0.63762352, 8.2620575 ], [ 0.67236198, 8.26279214 ], [ 0.68668275, 8.2810809 ], [ 0.71826486, 8.28344149 ], [ 0.73004817, 8.29025642 ], [ 0.74155032, 8.28693713 ], [ 0.74203481, 8.26964166 ], [ 0.75505112, 8.25395424 ], [ 0.74540185, 8.22026448 ] ] ] } },
{ "type": "Feature", "properties": { "canton_id": "C02068208", "canton": "Kagnigbara", "commune": "Mô 1", "prefecture": "Mô", "region": "Centrale", "population": 961, "densite_hab_km2": 3.9, "n_agences": 0, "n_mobile_money": 2, "n_mm_togocom": 1, "n_mm_moov": 1, "n_mm_multi": 1, "mm_pour_10k": 20.8, "agences_pour_100k": 0.0, "habitants_par_mm": 480.0, "couverture_mobile_pct": 0.0, "mm_1km_pct": 23.08, "togocom_5km_pct": 0.0, "n_banques": 0, "n_microfinance": 0, "n_postes": 0, "n_distributeurs": 0, "n_marches": 2, "n_ecoles": 8, "n_superieur": 0, "habitants_pres_marche": 165, "habitants_pres_ecole": 173, "indice_acces": 38.8, "distance_route_km": 0.06 }, "geometry": { "type": "Polygon", "coordinates": [ [ [ 0.71533345, 8.8266273 ], [ 0.6163245, 8.81002115 ], [ 0.62577084, 8.83771797 ], [ 0.61903534, 8.8532726 ], [ 0.61023834, 8.86406194 ], [ 0.57615948, 8.87626882 ], [ 0.58404015, 8.88706669 ], [ 0.57768164, 8.90741705 ], [ 0.59970121, 8.93129215 ], [ 0.60004196, 8.94606696 ], [ 0.61557803, 8.95130359 ], [ 0.626216, 8.96893203 ], [ 0.62732239, 8.9990914 ], [ 0.65222005, 9.00162819 ], [ 0.65736731, 8.99057591 ], [ 0.66573164, 8.99366028 ], [ 0.67543963, 9.01348805 ], [ 0.74305, 8.92135649 ], [ 0.71699146, 8.87229631 ], [ 0.71533345, 8.8266273 ] ] ] } },
{ "type": "Feature", "properties": { "canton_id": "C02068209", "canton": "Boulohou", "commune": "Mô 1", "prefecture": "Mô", "region": "Centrale", "population": 1964, "densite_hab_km2": 3.5, "n_agences": 0, "n_mobile_money": 9, "n_mm_togocom": 9, "n_mm_moov": 2, "n_mm_multi": 2, "mm_pour_10k": 45.8, "agences_pour_100k": 0.0, "habitants_par_mm": 218.0, "couverture_mobile_pct": 0.0, "mm_1km_pct": 76.47, "togocom_5km_pct": 0.0, "n_banques": 0, "n_microfinance": 0, "n_postes": 0, "n_distributeurs": 0, "n_marches": 3, "n_ecoles": 10, "n_superieur": 0, "habitants_pres_marche": 341, "habitants_pres_ecole": 1002, "indice_acces": 47.3, "distance_route_km": 6.05 }, "geometry": { "type": "Polygon", "coordinates": [ [ [ 0.86562786, 8.7539935 ], [ 0.84664177, 8.73484104 ], [ 0.83348134, 8.7053579 ], [ 0.79047297, 8.64667303 ], [ 0.6859426, 8.55122805 ], [ 0.63999346, 8.59302111 ], [ 0.60420919, 8.61132225 ], [ 0.57428081, 8.64316161 ], [ 0.55624721, 8.65372249 ], [ 0.55903211, 8.6758817 ], [ 0.60317853, 8.69094851 ], [ 0.62070543, 8.76768798 ], [ 0.60895159, 8.79447577 ], [ 0.6163245, 8.81002115 ], [ 0.71533345, 8.8266273 ], [ 0.74455465, 8.78541506 ], [ 0.83927064, 8.76613904 ], [ 0.86562786, 8.7539935 ] ] ] } },
{ "type": "Feature", "properties": { "canton_id": "C03070213", "canton": "Tabindè", "commune": "Sotouboua 1", "prefecture": "Sotouboua", "region": "Centrale", "population": 4868, "densite_hab_km2": 20.3, "n_agences": 0, "n_mobile_money": 2, "n_mm_togocom": 0, "n_mm_moov": 0, "n_mm_multi": 0, "mm_pour_10k": 4.1, "agences_pour_100k": 0.0, "habitants_par_mm": 2434.0, "couverture_mobile_pct": 27.15, "mm_1km_pct": 16.9, "togocom_5km_pct": 0.0, "n_banques": 0, "n_microfinance": 0, "n_postes": 0, "n_distributeurs": 0, "n_marches": 6, "n_ecoles": 13, "n_superieur": 0, "habitants_pres_marche": 5340, "habitants_pres_ecole": 4860, "indice_acces": 25.2, "distance_route_km": 1.01 }, "geometry": { "type": "Polygon", "coordinates": [ [ [ 1.0370737, 8.48610278 ], [ 1.02423392, 8.53064765 ], [ 1.05117603, 8.55861023 ], [ 1.05521441, 8.59049385 ], [ 1.06778401, 8.59704514 ], [ 1.08186619, 8.59098792 ], [ 1.08251583, 8.57700571 ], [ 1.09603167, 8.56813341 ], [ 1.13540119, 8.57452541 ], [ 1.14682141, 8.54949219 ], [ 1.22179932, 8.53037813 ], [ 1.2421588, 8.51650037 ], [ 1.24528557, 8.50227468 ], [ 1.25397095, 8.4969545 ], [ 1.23445051, 8.45612796 ], [ 1.22389024, 8.45224237 ], [ 1.0869733, 8.45980892 ], [ 1.08389077, 8.47550953 ], [ 1.05073231, 8.48897017 ], [ 1.0370737, 8.48610278 ] ] ] } },
{ "type": "Feature", "properties": { "canton_id": "C02068210", "canton": "Djarkpanga", "commune": "Mô 1", "prefecture": "Mô", "region": "Centrale", "population": 4030, "densite_hab_km2": 14.4, "n_agences": 0, "n_mobile_money": 14, "n_mm_togocom": 9, "n_mm_moov": 5, "n_mm_multi": 5, "mm_pour_10k": 34.7, "agences_pour_100k": 0.0, "habitants_par_mm": 288.0, "couverture_mobile_pct": 0.0, "mm_1km_pct": 64.94, "togocom_5km_pct": 0.0, "n_banques": 1, "n_microfinance": 1, "n_postes": 1, "n_distributeurs": 0, "n_marches": 2, "n_ecoles": 18, "n_superieur": 0, "habitants_pres_marche": 1776, "habitants_pres_ecole": 2126, "indice_acces": 44.8, "distance_route_km": 0.53 }, "geometry": { "type": "Polygon", "coordinates": [ [ [ 0.57455697, 8.87994586 ], [ 0.61023834, 8.86406194 ], [ 0.62367425, 8.84550824 ], [ 0.62577084, 8.83771797 ], [ 0.60895159, 8.79447577 ], [ 0.62070543, 8.76768798 ], [ 0.60317853, 8.69094851 ], [ 0.55903211, 8.6758817 ], [ 0.55430897, 8.66709531 ], [ 0.46951352, 8.75493815 ], [ 0.46934902, 8.79227048 ], [ 0.47157636, 8.79956851 ], [ 0.49162172, 8.80123336 ], [ 0.50003575, 8.81468407 ], [ 0.49493891, 8.82040127 ], [ 0.50102113, 8.82886273 ], [ 0.49560782, 8.83980767 ], [ 0.50878061, 8.85566142 ], [ 0.5194333, 8.85339635 ], [ 0.52163447, 8.8741146 ], [ 0.53947905, 8.86388527 ], [ 0.5566894, 8.88537701 ], [ 0.57455697, 8.87994586 ] ] ] } },
{ "type": "Feature", "properties": { "canton_id": "C03070214", "canton": "Sotouboua", "commune": "Sotouboua 1", "prefecture": "Sotouboua", "region": "Centrale", "population": 19425, "densite_hab_km2": 35.1, "n_agences": 3, "n_mobile_money": 141, "n_mm_togocom": 135, "n_mm_moov": 97, "n_mm_multi": 91, "mm_pour_10k": 72.6, "agences_pour_100k": 15.44, "habitants_par_mm": 138.0, "couverture_mobile_pct": 12.31, "mm_1km_pct": 73.21, "togocom_5km_pct": 77.66, "n_banques": 4, "n_microfinance": 7, "n_postes": 1, "n_distributeurs": 3, "n_marches": 7, "n_ecoles": 40, "n_superieur": 1, "habitants_pres_marche": 20051, "habitants_pres_ecole": 21141, "indice_acces": 71.0, "distance_route_km": 1.2 }, "geometry": { "type": "Polygon", "coordinates": [ [ [ 0.89471156, 8.61790628 ], [ 0.93441149, 8.6162477 ], [ 0.94763168, 8.60247839 ], [ 0.99548757, 8.5923503 ], [ 1.00857833, 8.58203769 ], [ 1.05521441, 8.59049385 ], [ 1.05117603, 8.55861023 ], [ 1.02423392, 8.53064765 ], [ 1.0370737, 8.48610278 ], [ 0.9811308, 8.47831952 ], [ 0.91251459, 8.4562374 ], [ 0.84827181, 8.48279923 ], [ 0.72949878, 8.50783054 ], [ 0.61931187, 8.52109199 ], [ 0.63325001, 8.53245547 ], [ 0.6859426, 8.55122805 ], [ 0.79047297, 8.64667303 ], [ 0.89471156, 8.61790628 ] ] ] } },
{ "type": "Feature", "properties": { "canton_id": "C03071216", "canton": "Séssaro", "commune": "Sotouboua 2", "prefecture": "Sotouboua", "region": "Centrale", "population": 6883, "densite_hab_km2": 35.9, "n_agences": 0, "n_mobile_money": 6, "n_mm_togocom": 5, "n_mm_moov": 4, "n_mm_multi": 4, "mm_pour_10k": 8.7, "agences_pour_100k": 0.0, "habitants_par_mm": 1147.0, "couverture_mobile_pct": 0.0, "mm_1km_pct": 23.21, "togocom_5km_pct": 0.0, "n_banques": 0, "n_microfinance": 0, "n_postes": 0, "n_distributeurs": 0, "n_marches": 7, "n_ecoles": 20, "n_superieur": 0, "habitants_pres_marche": 8488, "habitants_pres_ecole": 7040, "indice_acces": 27.7, "distance_route_km": 0.58 }, "geometry": { "type": "Polygon", "coordinates": [ [ [ 1.26370483, 8.66819391 ], [ 1.26660846, 8.65646146 ], [ 1.25910438, 8.62503922 ], [ 1.26436763, 8.58957832 ], [ 1.25365456, 8.57570025 ], [ 1.25784632, 8.56157166 ], [ 1.26853506, 8.56062973 ], [ 1.26649571, 8.54538798 ], [ 1.24422029, 8.54660932 ], [ 1.24335162, 8.53164457 ], [ 1.23343457, 8.52405374 ], [ 1.20090241, 8.53864476 ], [ 1.14682141, 8.54949219 ], [ 1.12814883, 8.598605 ], [ 1.15468881, 8.62252376 ], [ 1.16665054, 8.65062529 ], [ 1.16022017, 8.66198509 ], [ 1.1658346, 8.67697137 ], [ 1.21488492, 8.6836018 ], [ 1.23338725, 8.67301455 ], [ 1.23845727, 8.67676283 ], [ 1.26370483, 8.66819391 ] ] ] } },
{ "type": "Feature", "properties": { "canton_id": "C03071217", "canton": "Tittigbe", "commune": "Sotouboua 2", "prefecture": "Sotouboua", "region": "Centrale", "population": 5458, "densite_hab_km2": 48.6, "n_agences": 0, "n_mobile_money": 11, "n_mm_togocom": 10, "n_mm_moov": 11, "n_mm_multi": 10, "mm_pour_10k": 20.2, "agences_pour_100k": 0.0, "habitants_par_mm": 496.0, "couverture_mobile_pct": 0.0, "mm_1km_pct": 40.33, "togocom_5km_pct": 0.0, "n_banques": 0, "n_microfinance": 0, "n_postes": 0, "n_distributeurs": 0, "n_marches": 6, "n_ecoles": 12, "n_superieur": 0, "habitants_pres_marche": 6379, "habitants_pres_ecole": 5953, "indice_acces": 38.2, "distance_route_km": 0.58 }, "geometry": { "type": "Polygon", "coordinates": [ [ [ 1.05521441, 8.59049385 ], [ 1.04380212, 8.63368904 ], [ 1.05577337, 8.65822403 ], [ 1.0846637, 8.67538304 ], [ 1.1658346, 8.67697137 ], [ 1.16022017, 8.66198509 ], [ 1.16665054, 8.65062529 ], [ 1.15468881, 8.62252376 ], [ 1.12814883, 8.598605 ], [ 1.13540119, 8.57452541 ], [ 1.09603167, 8.56813341 ], [ 1.08251583, 8.57700571 ], [ 1.08186619, 8.59098792 ], [ 1.06778401, 8.59704514 ], [ 1.05521441, 8.59049385 ] ] ] } },
{ "type": "Feature", "properties": { "canton_id": "C03072223", "canton": "Tchébébé", "commune": "Sotouboua 3", "prefecture": "Sotouboua", "region": "Centrale", "population": 13592, "densite_hab_km2": 31.5, "n_agences": 0, "n_mobile_money": 76, "n_mm_togocom": 52, "n_mm_moov": 38, "n_mm_multi": 35, "mm_pour_10k": 55.9, "agences_pour_100k": 0.0, "habitants_par_mm": 179.0, "couverture_mobile_pct": 99.56, "mm_1km_pct": 79.07, "togocom_5km_pct": 0.0, "n_banques": 0, "n_microfinance": 3, "n_postes": 0, "n_distributeurs": 0, "n_marches": 4, "n_ecoles": 20, "n_superieur": 0, "habitants_pres_marche": 13138, "habitants_pres_ecole": 12356, "indice_acces": 58.2, "distance_route_km": 4.0 }, "geometry": { "type": "Polygon", "coordinates": [ [ [ 0.66191591, 8.51596836 ], [ 0.84827181, 8.48279923 ], [ 0.91251459, 8.4562374 ], [ 0.9811308, 8.47831952 ], [ 1.02374222, 8.42849662 ], [ 1.02225784, 8.40715109 ], [ 1.01778264, 8.39354891 ], [ 0.97159893, 8.39134433 ], [ 0.9738359, 8.37328746 ], [ 0.96364677, 8.35098567 ], [ 0.95498625, 8.37318991 ], [ 0.94101885, 8.38122558 ], [ 0.89170671, 8.3876885 ], [ 0.86824222, 8.38478349 ], [ 0.79633985, 8.41209228 ], [ 0.75686601, 8.38170211 ], [ 0.70899115, 8.38148099 ], [ 0.69874111, 8.38877365 ], [ 0.70587228, 8.39429537 ], [ 0.69340574, 8.39474811 ], [ 0.69621979, 8.40453202 ], [ 0.6515697, 8.42249102 ], [ 0.65596621, 8.45581626 ], [ 0.64472571, 8.47598969 ], [ 0.64681646, 8.49113772 ], [ 0.64049785, 8.49735292 ], [ 0.6290477, 8.49635497 ], [ 0.62992199, 8.50803385 ], [ 0.61501885, 8.51237675 ], [ 0.61943879, 8.52107673 ], [ 0.66191591, 8.51596836 ] ] ] } },
{ "type": "Feature", "properties": { "canton_id": "D04091282", "canton": "Nandouta", "commune": "Dankpen 3", "prefecture": "Dankpen", "region": "Kara", "population": 18956, "densite_hab_km2": 46.1, "n_agences": 0, "n_mobile_money": 5, "n_mm_togocom": 5, "n_mm_moov": 2, "n_mm_multi": 2, "mm_pour_10k": 2.6, "agences_pour_100k": 0.0, "habitants_par_mm": 3791.0, "couverture_mobile_pct": 11.92, "mm_1km_pct": 24.55, "togocom_5km_pct": 0.0, "n_banques": 0, "n_microfinance": 0, "n_postes": 0, "n_distributeurs": 0, "n_marches": 3, "n_ecoles": 18, "n_superieur": 0, "habitants_pres_marche": 11561, "habitants_pres_ecole": 18189, "indice_acces": 22.8, "distance_route_km": 1.93 }, "geometry": { "type": "Polygon", "coordinates": [ [ [ 0.39571839, 9.69346882 ], [ 0.40636566, 9.67338758 ], [ 0.43183771, 9.67321777 ], [ 0.40620196, 9.62064265 ], [ 0.43096782, 9.5987841 ], [ 0.45154701, 9.59348453 ], [ 0.48298374, 9.60556647 ], [ 0.50043421, 9.60355969 ], [ 0.51694229, 9.56693669 ], [ 0.5615249, 9.53381136 ], [ 0.55516618, 9.5239967 ], [ 0.50173517, 9.5173796 ], [ 0.481114, 9.5233472 ], [ 0.47378508, 9.51460966 ], [ 0.47212692, 9.4892524 ], [ 0.44906053, 9.49924822 ], [ 0.43780139, 9.49409802 ], [ 0.41219586, 9.50024822 ], [ 0.41515425, 9.49647537 ], [ 0.38902736, 9.49131514 ], [ 0.3596451, 9.49892151 ], [ 0.34364898, 9.48832849 ], [ 0.35070823, 9.4751084 ], [ 0.33874769, 9.45156655 ], [ 0.31261326, 9.44604808 ], [ 0.26855367, 9.42466275 ], [ 0.24692887, 9.43788959 ], [ 0.22970328, 9.46250066 ], [ 0.2286726, 9.48539548 ], [ 0.27036737, 9.47892083 ], [ 0.27541317, 9.48764163 ], [ 0.28703268, 9.48723869 ], [ 0.30891901, 9.5016903 ], [ 0.31096758, 9.50872377 ], [ 0.28819055, 9.5245147 ], [ 0.25576442, 9.51904758 ], [ 0.24404609, 9.52347037 ], [ 0.23628906, 9.54018107 ], [ 0.23932651, 9.57285316 ], [ 0.24882876, 9.57509068 ], [ 0.2676319, 9.5667466 ], [ 0.28970231, 9.57646326 ], [ 0.33394455, 9.57884538 ], [ 0.35235901, 9.57231946 ], [ 0.3777642, 9.58284607 ], [ 0.38355673, 9.59214728 ], [ 0.37145612, 9.61789582 ], [ 0.3794605, 9.64427823 ], [ 0.37583146, 9.65330441 ], [ 0.3691926, 9.65215283 ], [ 0.362948, 9.67354385 ], [ 0.35109823, 9.67584783 ], [ 0.35148907, 9.69413261 ], [ 0.38106104, 9.70176974 ], [ 0.39571839, 9.69346882 ] ] ] } },
{ "type": "Feature", "properties": { "canton_id": "C03071218", "canton": "Aouda", "commune": "Sotouboua 2", "prefecture": "Sotouboua", "region": "Centrale", "population": 11567, "densite_hab_km2": 32.2, "n_agences": 0, "n_mobile_money": 28, "n_mm_togocom": 27, "n_mm_moov": 19, "n_mm_multi": 19, "mm_pour_10k": 24.2, "agences_pour_100k": 0.0, "habitants_par_mm": 413.0, "couverture_mobile_pct": 0.0, "mm_1km_pct": 29.44, "togocom_5km_pct": 0.0, "n_banques": 0, "n_microfinance": 0, "n_postes": 0, "n_distributeurs": 0, "n_marches": 4, "n_ecoles": 26, "n_superieur": 0, "habitants_pres_marche": 10711, "habitants_pres_ecole": 9617, "indice_acces": 40.6, "distance_route_km": 0.31 }, "geometry": { "type": "Polygon", "coordinates": [ [ [ 1.15741175, 8.74088889 ], [ 1.1591552, 8.74692234 ], [ 1.19782611, 8.73883245 ], [ 1.21488492, 8.6836018 ], [ 1.0846637, 8.67538304 ], [ 1.06457971, 8.69269117 ], [ 1.03133354, 8.70506399 ], [ 0.97824946, 8.7145891 ], [ 0.9365358, 8.71148149 ], [ 0.8757446, 8.76419789 ], [ 0.87873233, 8.78670384 ], [ 0.91396804, 8.87339894 ], [ 0.96580738, 8.8948227 ], [ 0.96176921, 8.86240451 ], [ 0.97443577, 8.82130053 ], [ 1.00514469, 8.80698788 ], [ 1.0104952, 8.78799707 ], [ 1.02910294, 8.78545439 ], [ 1.03630477, 8.77609114 ], [ 1.05052054, 8.7723538 ], [ 1.0523672, 8.74810234 ], [ 1.0616207, 8.75407474 ], [ 1.06760097, 8.74571336 ], [ 1.06948932, 8.75093137 ], [ 1.08058378, 8.74790741 ], [ 1.09890208, 8.75387981 ], [ 1.10711155, 8.74588509 ], [ 1.12114913, 8.75217183 ], [ 1.12293324, 8.73602835 ], [ 1.13286687, 8.73149314 ], [ 1.15741175, 8.74088889 ] ] ] } },
{ "type": "Feature", "properties": { "canton_id": "C03071219", "canton": "Adjengré", "commune": "Sotouboua 2", "prefecture": "Sotouboua", "region": "Centrale", "population": 13807, "densite_hab_km2": 187.5, "n_agences": 0, "n_mobile_money": 62, "n_mm_togocom": 60, "n_mm_moov": 39, "n_mm_multi": 38, "mm_pour_10k": 44.9, "agences_pour_100k": 0.0, "habitants_par_mm": 223.0, "couverture_mobile_pct": 0.0, "mm_1km_pct": 83.0, "togocom_5km_pct": 0.0, "n_banques": 1, "n_microfinance": 3, "n_postes": 1, "n_distributeurs": 1, "n_marches": 5, "n_ecoles": 22, "n_superieur": 0, "habitants_pres_marche": 8875, "habitants_pres_ecole": 8798, "indice_acces": 46.9, "distance_route_km": 0.21 }, "geometry": { "type": "Polygon", "coordinates": [ [ [ 0.97267216, 8.63145903 ], [ 0.9923063, 8.67135125 ], [ 0.99529974, 8.69159526 ], [ 0.98005658, 8.71426497 ], [ 1.03133354, 8.70506399 ], [ 1.06457971, 8.69269117 ], [ 1.0846637, 8.67538304 ], [ 1.05577337, 8.65822403 ], [ 1.04380212, 8.63368904 ], [ 1.04633508, 8.62410313 ], [ 0.97267216, 8.63145903 ] ] ] } },
{ "type": "Feature", "properties": { "canton_id": "C03071220", "canton": "Fazao", "commune": "Sotouboua 2", "prefecture": "Sotouboua", "region": "Centrale", "population": 219, "densite_hab_km2": 0.4, "n_agences": 0, "n_mobile_money": 0, "n_mm_togocom": 0, "n_mm_moov": 0, "n_mm_multi": 0, "mm_pour_10k": 0.0, "agences_pour_100k": 0.0, "habitants_par_mm": null, "couverture_mobile_pct": 0.0, "mm_1km_pct": 0.0, "togocom_5km_pct": 0.0, "n_banques": 0, "n_microfinance": 0, "n_postes": 0, "n_distributeurs": 0, "n_marches": 0, "n_ecoles": 1, "n_superieur": 0, "habitants_pres_marche": 0, "habitants_pres_ecole": 7, "indice_acces": 17.6, "distance_route_km": 10.12 }, "geometry": { "type": "Polygon", "coordinates": [ [ [ 0.86562786, 8.7539935 ], [ 0.83927064, 8.76613904 ], [ 0.74455465, 8.78541506 ], [ 0.71525841, 8.82456109 ], [ 0.71699146, 8.87229631 ], [ 0.74305, 8.92135649 ], [ 0.67543963, 9.01348805 ], [ 0.70101363, 9.02303566 ], [ 0.7034446, 9.03692774 ], [ 0.71320218, 9.03580118 ], [ 0.72242604, 9.05950244 ], [ 0.751438, 9.05262626 ], [ 0.77552129, 9.06573918 ], [ 0.78438648, 9.03919617 ], [ 0.80437912, 9.02100051 ], [ 0.81239938, 9.02744326 ], [ 0.81746632, 9.01446805 ], [ 0.88498777, 8.99907951 ], [ 0.89526831, 8.9868629 ], [ 0.8930619, 8.97240122 ], [ 0.9041671, 8.94843031 ], [ 0.9020661, 8.93720718 ], [ 0.9135462, 8.92094266 ], [ 0.95136227, 8.90964907 ], [ 0.96580738, 8.8948227 ], [ 0.91396804, 8.87339894 ], [ 0.87873233, 8.78670384 ], [ 0.8757446, 8.76419789 ], [ 0.86562786, 8.7539935 ] ] ] } },
{ "type": "Feature", "properties": { "canton_id": "C03071221", "canton": "C03071221", "commune": "C03071221", "prefecture": "C03071221", "region": "Centrale", "population": 3461, "densite_hab_km2": 16.1, "n_agences": 0, "n_mobile_money": 0, "n_mm_togocom": 0, "n_mm_moov": 0, "n_mm_multi": 0, "mm_pour_10k": 0.0, "agences_pour_100k": 0.0, "habitants_par_mm": null, "couverture_mobile_pct": 0.0, "mm_1km_pct": 0.0, "togocom_5km_pct": 0.0, "n_banques": 0, "n_microfinance": 0, "n_postes": 0, "n_distributeurs": 0, "n_marches": 2, "n_ecoles": 8, "n_superieur": 0, "habitants_pres_marche": 2077, "habitants_pres_ecole": 1861, "indice_acces": 17.6, "distance_route_km": 0.68 }, "geometry": { "type": "Polygon", "coordinates": [ [ [ 0.93441149, 8.6162477 ], [ 0.89471156, 8.61790628 ], [ 0.79047297, 8.64667303 ], [ 0.83348134, 8.7053579 ], [ 0.84664177, 8.73484104 ], [ 0.8757446, 8.76419789 ], [ 0.9365358, 8.71148149 ], [ 0.97824946, 8.7145891 ], [ 0.99075379, 8.70408537 ], [ 0.9923063, 8.67135125 ], [ 0.97267216, 8.63145903 ], [ 0.96367978, 8.63529021 ], [ 0.93441149, 8.6162477 ] ] ] } },
{ "type": "Feature", "properties": { "canton_id": "C03072221", "canton": "Kazaboua", "commune": "Sotouboua 3", "prefecture": "Sotouboua", "region": "Centrale", "population": 3724, "densite_hab_km2": 24.4, "n_agences": 0, "n_mobile_money": 15, "n_mm_togocom": 14, "n_mm_moov": 5, "n_mm_multi": 5, "mm_pour_10k": 40.3, "agences_pour_100k": 0.0, "habitants_par_mm": 248.0, "couverture_mobile_pct": 80.05, "mm_1km_pct": 32.6, "togocom_5km_pct": 0.0, "n_banques": 0, "n_microfinance": 0, "n_postes": 0, "n_distributeurs": 0, "n_marches": 3, "n_ecoles": 10, "n_superieur": 0, "habitants_pres_marche": 2661, "habitants_pres_ecole": 4770, "indice_acces": 52.9, "distance_route_km": 0.9 }, "geometry": { "type": "Polygon", "coordinates": [ [ [ 1.22389024, 8.45224237 ], [ 1.24587612, 8.38490658 ], [ 1.18344907, 8.39160214 ], [ 1.16595369, 8.36932446 ], [ 1.13326229, 8.37182009 ], [ 1.08917699, 8.38537886 ], [ 1.05110303, 8.38526577 ], [ 1.0869733, 8.45980892 ], [ 1.22389024, 8.45224237 ] ] ] } },
{ "type": "Feature", "properties": { "canton_id": "C03072222", "canton": "Bodjondè", "commune": "Sotouboua 3", "prefecture": "Sotouboua", "region": "Centrale", "population": 1725, "densite_hab_km2": 23.9, "n_agences": 0, "n_mobile_money": 6, "n_mm_togocom": 4, "n_mm_moov": 1, "n_mm_multi": 1, "mm_pour_10k": 34.8, "agences_pour_100k": 0.0, "habitants_par_mm": 288.0, "couverture_mobile_pct": 100.0, "mm_1km_pct": 61.26, "togocom_5km_pct": 0.0, "n_banques": 0, "n_microfinance": 0, "n_postes": 0, "n_distributeurs": 0, "n_marches": 2, "n_ecoles": 3, "n_superieur": 0, "habitants_pres_marche": 1787, "habitants_pres_ecole": 1538, "indice_acces": 66.0, "distance_route_km": 0.55 }, "geometry": { "type": "Polygon", "coordinates": [ [ [ 1.0869733, 8.45980892 ], [ 1.05110303, 8.38526577 ], [ 1.01778264, 8.39354891 ], [ 1.02374222, 8.42849662 ], [ 0.9811308, 8.47831952 ], [ 1.05073231, 8.48897017 ], [ 1.08389077, 8.47550953 ], [ 1.0869733, 8.45980892 ] ] ] } },
{ "type": "Feature", "properties": { "canton_id": "C04073224", "canton": "Affem", "commune": "Tchamba 1", "prefecture": "Tchamba", "region": "Centrale", "population": 8602, "densite_hab_km2": 64.8, "n_agences": 0, "n_mobile_money": 4, "n_mm_togocom": 3, "n_mm_moov": 0, "n_mm_multi": 0, "mm_pour_10k": 4.7, "agences_pour_100k": 0.0, "habitants_par_mm": 2150.0, "couverture_mobile_pct": 0.0, "mm_1km_pct": 28.98, "togocom_5km_pct": 0.0, "n_banques": 0, "n_microfinance": 0, "n_postes": 0, "n_distributeurs": 0, "n_marches": 2, "n_ecoles": 8, "n_superieur": 0, "habitants_pres_marche": 10130, "habitants_pres_ecole": 8175, "indice_acces": 22.1, "distance_route_km": 0.11 }, "geometry": { "type": "Polygon", "coordinates": [ [ [ 1.55536961, 9.07998674 ], [ 1.5337304, 9.07390259 ], [ 1.49279725, 9.0787352 ], [ 1.4817898, 9.09724402 ], [ 1.46014923, 9.11378475 ], [ 1.47297957, 9.16596269 ], [ 1.48227198, 9.16617603 ], [ 1.51843491, 9.19395128 ], [ 1.55843558, 9.17257385 ], [ 1.56956919, 9.14048052 ], [ 1.59723478, 9.11070678 ], [ 1.6022511, 9.09316319 ], [ 1.55536961, 9.07998674 ] ] ] } },
{ "type": "Feature", "properties": { "canton_id": "C04073225", "canton": "Alibi I", "commune": "Tchamba 1", "prefecture": "Tchamba", "region": "Centrale", "population": 9028, "densite_hab_km2": 49.6, "n_agences": 0, "n_mobile_money": 3, "n_mm_togocom": 3, "n_mm_moov": 2, "n_mm_multi": 2, "mm_pour_10k": 3.3, "agences_pour_100k": 0.0, "habitants_par_mm": 3009.0, "couverture_mobile_pct": 1.04, "mm_1km_pct": 28.56, "togocom_5km_pct": 13.13, "n_banques": 0, "n_microfinance": 0, "n_postes": 0, "n_distributeurs": 0, "n_marches": 4, "n_ecoles": 10, "n_superieur": 0, "habitants_pres_marche": 9949, "habitants_pres_ecole": 7712, "indice_acces": 22.3, "distance_route_km": 1.29 }, "geometry": { "type": "Polygon", "coordinates": [ [ [ 1.4625442, 8.95101207 ], [ 1.45698509, 8.90493952 ], [ 1.42646578, 8.85270629 ], [ 1.35149993, 8.84373167 ], [ 1.31804868, 8.85553541 ], [ 1.32393869, 8.86233446 ], [ 1.31536455, 8.86893733 ], [ 1.31681792, 8.87520159 ], [ 1.30610885, 8.8797088 ], [ 1.32670854, 8.88249611 ], [ 1.32441368, 8.89502468 ], [ 1.34554172, 8.90802841 ], [ 1.34716096, 8.92192759 ], [ 1.34264792, 8.92307353 ], [ 1.35542223, 8.93353947 ], [ 1.35205952, 8.93952735 ], [ 1.36995889, 8.93349228 ], [ 1.37141406, 8.95384626 ], [ 1.36644194, 8.95758958 ], [ 1.38135763, 8.98765219 ], [ 1.38196213, 9.00472082 ], [ 1.4359655, 8.99387329 ], [ 1.44228475, 8.9859208 ], [ 1.43728063, 8.98032377 ], [ 1.44081816, 8.96707202 ], [ 1.44802202, 8.95556601 ], [ 1.4625442, 8.95101207 ] ] ] } },
{ "type": "Feature", "properties": { "canton_id": "C04073226", "canton": "Larini", "commune": "Tchamba 1", "prefecture": "Tchamba", "region": "Centrale", "population": 12356, "densite_hab_km2": 102.4, "n_agences": 0, "n_mobile_money": 3, "n_mm_togocom": 3, "n_mm_moov": 3, "n_mm_multi": 3, "mm_pour_10k": 2.4, "agences_pour_100k": 0.0, "habitants_par_mm": 4119.0, "couverture_mobile_pct": 0.0, "mm_1km_pct": 64.88, "togocom_5km_pct": 84.03, "n_banques": 0, "n_microfinance": 0, "n_postes": 0, "n_distributeurs": 0, "n_marches": 1, "n_ecoles": 16, "n_superieur": 0, "habitants_pres_marche": 17667, "habitants_pres_ecole": 17889, "indice_acces": 19.6, "distance_route_km": 0.92 }, "geometry": { "type": "Polygon", "coordinates": [ [ [ 1.47297957, 9.16596269 ], [ 1.46014923, 9.11378475 ], [ 1.4817898, 9.09724402 ], [ 1.49279725, 9.0787352 ], [ 1.47671918, 9.05249526 ], [ 1.42926144, 9.03484634 ], [ 1.37765484, 9.03383956 ], [ 1.38091484, 9.04983018 ], [ 1.37568929, 9.0544439 ], [ 1.38183764, 9.06113762 ], [ 1.37661209, 9.06522191 ], [ 1.38987875, 9.0798595 ], [ 1.39609508, 9.11204856 ], [ 1.413975, 9.13275058 ], [ 1.40192095, 9.16739614 ], [ 1.43451442, 9.15847408 ], [ 1.47297957, 9.16596269 ] ] ] } },
{ "type": "Feature", "properties": { "canton_id": "C04073227", "canton": "Kri-Kri", "commune": "Tchamba 1", "prefecture": "Tchamba", "region": "Centrale", "population": 4425, "densite_hab_km2": 49.7, "n_agences": 0, "n_mobile_money": 2, "n_mm_togocom": 2, "n_mm_moov": 0, "n_mm_multi": 0, "mm_pour_10k": 4.5, "agences_pour_100k": 0.0, "habitants_par_mm": 2212.0, "couverture_mobile_pct": 0.0, "mm_1km_pct": 64.38, "togocom_5km_pct": 0.0, "n_banques": 0, "n_microfinance": 0, "n_postes": 0, "n_distributeurs": 0, "n_marches": 2, "n_ecoles": 7, "n_superieur": 0, "habitants_pres_marche": 3954, "habitants_pres_ecole": 4007, "indice_acces": 21.8, "distance_route_km": 0.96 }, "geometry": { "type": "Polygon", "coordinates": [ [ [ 1.45282463, 9.27594085 ], [ 1.45381953, 9.26586313 ], [ 1.51843023, 9.19394814 ], [ 1.48227198, 9.16617603 ], [ 1.43451442, 9.15847408 ], [ 1.40192095, 9.16739614 ], [ 1.39396723, 9.18770208 ], [ 1.39957971, 9.20490994 ], [ 1.42102462, 9.21726849 ], [ 1.44133822, 9.23932569 ], [ 1.4414194, 9.25585188 ], [ 1.45282463, 9.27594085 ] ] ] } },
{ "type": "Feature", "properties": { "canton_id": "C04074229", "canton": "Bago", "commune": "Tchamba 2", "prefecture": "Tchamba", "region": "Centrale", "population": 36651, "densite_hab_km2": 57.4, "n_agences": 0, "n_mobile_money": 44, "n_mm_togocom": 35, "n_mm_moov": 26, "n_mm_multi": 26, "mm_pour_10k": 12.0, "agences_pour_100k": 0.0, "habitants_par_mm": 833.0, "couverture_mobile_pct": 0.0, "mm_1km_pct": 30.5, "togocom_5km_pct": 0.0, "n_banques": 0, "n_microfinance": 0, "n_postes": 0, "n_distributeurs": 0, "n_marches": 3, "n_ecoles": 37, "n_superieur": 0, "habitants_pres_marche": 19221, "habitants_pres_ecole": 24311, "indice_acces": 32.0, "distance_route_km": 1.27 }, "geometry": { "type": "Polygon", "coordinates": [ [ [ 1.56971507, 8.5610806 ], [ 1.57849428, 8.53784627 ], [ 1.56926814, 8.52550601 ], [ 1.57068093, 8.50916685 ], [ 1.54233226, 8.49733228 ], [ 1.53024622, 8.4757511 ], [ 1.52285769, 8.43803571 ], [ 1.51265517, 8.42953671 ], [ 1.5182294, 8.38552493 ], [ 1.49659035, 8.36765323 ], [ 1.36237222, 8.36594833 ], [ 1.2515407, 8.37135092 ], [ 1.23587593, 8.3777496 ], [ 1.24587612, 8.38490658 ], [ 1.2462022, 8.39623441 ], [ 1.23875431, 8.39827988 ], [ 1.22389024, 8.45224237 ], [ 1.23445051, 8.45612796 ], [ 1.25397095, 8.4969545 ], [ 1.23343457, 8.52405374 ], [ 1.24335162, 8.53164457 ], [ 1.24422029, 8.54660932 ], [ 1.33332891, 8.53213512 ], [ 1.38030775, 8.5445433 ], [ 1.45883734, 8.54188346 ], [ 1.56971507, 8.5610806 ] ] ] } },
{ "type": "Feature", "properties": { "canton_id": "C04073228", "canton": "Tchamba", "commune": "Tchamba 1", "prefecture": "Tchamba", "region": "Centrale", "population": 41982, "densite_hab_km2": 137.9, "n_agences": 1, "n_mobile_money": 40, "n_mm_togocom": 34, "n_mm_moov": 25, "n_mm_multi": 24, "mm_pour_10k": 9.5, "agences_pour_100k": 2.38, "habitants_par_mm": 1050.0, "couverture_mobile_pct": 0.0, "mm_1km_pct": 72.37, "togocom_5km_pct": 66.37, "n_banques": 1, "n_microfinance": 5, "n_postes": 1, "n_distributeurs": 0, "n_marches": 2, "n_ecoles": 42, "n_superieur": 0, "habitants_pres_marche": 30434, "habitants_pres_ecole": 41077, "indice_acces": 44.9, "distance_route_km": 0.1 }, "geometry": { "type": "Polygon", "coordinates": [ [ [ 1.60376517, 9.08945459 ], [ 1.62209571, 9.04684755 ], [ 1.62575996, 8.98809139 ], [ 1.61893296, 8.96724749 ], [ 1.62374823, 8.91580338 ], [ 1.55583944, 8.90408647 ], [ 1.53987842, 8.93075115 ], [ 1.53876119, 8.9684336 ], [ 1.51781172, 8.98411696 ], [ 1.48529668, 8.9901377 ], [ 1.4625442, 8.95101207 ], [ 1.44802202, 8.95556601 ], [ 1.44081816, 8.96707202 ], [ 1.43728063, 8.98032377 ], [ 1.44228475, 8.9859208 ], [ 1.4359655, 8.99387329 ], [ 1.37961443, 9.00872941 ], [ 1.37605553, 9.02222831 ], [ 1.38068408, 9.0323269 ], [ 1.45611984, 9.0410169 ], [ 1.47671918, 9.05249526 ], [ 1.49279725, 9.0787352 ], [ 1.5337304, 9.07390259 ], [ 1.60376517, 9.08945459 ] ] ] } },
{ "type": "Feature", "properties": { "canton_id": "D01081251", "canton": "Koumondè", "commune": "Assoli 2", "prefecture": "Assoli", "region": "Kara", "population": 2069, "densite_hab_km2": 105.2, "n_agences": 0, "n_mobile_money": 13, "n_mm_togocom": 11, "n_mm_moov": 6, "n_mm_multi": 6, "mm_pour_10k": 62.8, "agences_pour_100k": 0.0, "habitants_par_mm": 159.0, "couverture_mobile_pct": 100.0, "mm_1km_pct": 99.52, "togocom_5km_pct": 18.33, "n_banques": 0, "n_microfinance": 0, "n_postes": 0, "n_distributeurs": 0, "n_marches": 1, "n_ecoles": 4, "n_superieur": 0, "habitants_pres_marche": 2906, "habitants_pres_ecole": 2892, "indice_acces": 70.0, "distance_route_km": 0.4 }, "geometry": { "type": "Polygon", "coordinates": [ [ [ 1.20770431, 9.29901572 ], [ 1.23844927, 9.33357148 ], [ 1.27684415, 9.31973991 ], [ 1.25768236, 9.29352621 ], [ 1.20770431, 9.29901572 ] ] ] } },
{ "type": "Feature", "properties": { "canton_id": "C04074230", "canton": "Koussountou", "commune": "Tchamba 2", "prefecture": "Tchamba", "region": "Centrale", "population": 29937, "densite_hab_km2": 41.3, "n_agences": 0, "n_mobile_money": 41, "n_mm_togocom": 41, "n_mm_moov": 28, "n_mm_multi": 28, "mm_pour_10k": 13.7, "agences_pour_100k": 0.0, "habitants_par_mm": 730.0, "couverture_mobile_pct": 0.0, "mm_1km_pct": 44.53, "togocom_5km_pct": 8.2, "n_banques": 0, "n_microfinance": 1, "n_postes": 1, "n_distributeurs": 0, "n_marches": 2, "n_ecoles": 31, "n_superieur": 0, "habitants_pres_marche": 15185, "habitants_pres_ecole": 20282, "indice_acces": 33.8, "distance_route_km": 5.03 }, "geometry": { "type": "Polygon", "coordinates": [ [ [ 1.54632948, 8.91308665 ], [ 1.55583944, 8.90408647 ], [ 1.57400941, 8.90550252 ], [ 1.58377766, 8.8793892 ], [ 1.55925073, 8.84747258 ], [ 1.57716455, 8.83936901 ], [ 1.56814009, 8.82337512 ], [ 1.5685159, 8.80107166 ], [ 1.59913475, 8.78061224 ], [ 1.59679529, 8.77305631 ], [ 1.57661697, 8.76769295 ], [ 1.56285894, 8.75158518 ], [ 1.54788253, 8.75095116 ], [ 1.46505924, 8.76432394 ], [ 1.45720917, 8.78333987 ], [ 1.43060788, 8.77333804 ], [ 1.38448702, 8.80304723 ], [ 1.37438989, 8.77459532 ], [ 1.39070049, 8.75642386 ], [ 1.37241105, 8.60624619 ], [ 1.37219374, 8.54240065 ], [ 1.33332891, 8.53213512 ], [ 1.26649571, 8.54538798 ], [ 1.26853506, 8.56062973 ], [ 1.25784632, 8.56157166 ], [ 1.25365456, 8.57570025 ], [ 1.26436763, 8.58957832 ], [ 1.25910438, 8.62503922 ], [ 1.26660846, 8.65646146 ], [ 1.26370483, 8.66819391 ], [ 1.27019338, 8.67587824 ], [ 1.26038291, 8.68065839 ], [ 1.26410264, 8.69454046 ], [ 1.25441661, 8.70532382 ], [ 1.27668878, 8.72231175 ], [ 1.27488562, 8.74903475 ], [ 1.28222888, 8.74452754 ], [ 1.28957225, 8.75476429 ], [ 1.30311152, 8.75682695 ], [ 1.29983829, 8.76718254 ], [ 1.31475439, 8.77176619 ], [ 1.30826505, 8.79024852 ], [ 1.3281486, 8.812062 ], [ 1.32095829, 8.81977781 ], [ 1.32220569, 8.85098194 ], [ 1.35149993, 8.84373167 ], [ 1.42646578, 8.85270629 ], [ 1.45698509, 8.90493952 ], [ 1.4625442, 8.95101207 ], [ 1.48529668, 8.9901377 ], [ 1.51781172, 8.98411696 ], [ 1.53876119, 8.9684336 ], [ 1.54632948, 8.91308665 ] ] ] } },
{ "type": "Feature", "properties": { "canton_id": "C04075231", "canton": "Balanka", "commune": "Tchamba 3", "prefecture": "Tchamba", "region": "Centrale", "population": 10385, "densite_hab_km2": 118.1, "n_agences": 0, "n_mobile_money": 11, "n_mm_togocom": 11, "n_mm_moov": 8, "n_mm_multi": 8, "mm_pour_10k": 10.6, "agences_pour_100k": 0.0, "habitants_par_mm": 944.0, "couverture_mobile_pct": 0.0, "mm_1km_pct": 71.58, "togocom_5km_pct": 3.52, "n_banques": 0, "n_microfinance": 0, "n_postes": 0, "n_distributeurs": 0, "n_marches": 1, "n_ecoles": 11, "n_superieur": 0, "habitants_pres_marche": 6850, "habitants_pres_ecole": 7331, "indice_acces": 30.0, "distance_route_km": 0.24 }, "geometry": { "type": "Polygon", "coordinates": [ [ [ 1.6302837, 8.77826578 ], [ 1.59913475, 8.78061224 ], [ 1.5685159, 8.80107166 ], [ 1.56814009, 8.82337512 ], [ 1.57716455, 8.83936901 ], [ 1.55925073, 8.84747258 ], [ 1.58377766, 8.8793892 ], [ 1.57400941, 8.90550252 ], [ 1.62374703, 8.91580319 ], [ 1.62935789, 8.89532048 ], [ 1.6302837, 8.77826578 ] ] ] } },
{ "type": "Feature", "properties": { "canton_id": "C04075232", "canton": "Goubi", "commune": "Tchamba 3", "prefecture": "Tchamba", "region": "Centrale", "population": 22596, "densite_hab_km2": 54.0, "n_agences": 0, "n_mobile_money": 17, "n_mm_togocom": 14, "n_mm_moov": 11, "n_mm_multi": 11, "mm_pour_10k": 7.5, "agences_pour_100k": 0.0, "habitants_par_mm": 1329.0, "couverture_mobile_pct": 0.0, "mm_1km_pct": 34.66, "togocom_5km_pct": 0.0, "n_banques": 0, "n_microfinance": 0, "n_postes": 0, "n_distributeurs": 0, "n_marches": 5, "n_ecoles": 20, "n_superieur": 0, "habitants_pres_marche": 15281, "habitants_pres_ecole": 12941, "indice_acces": 25.4, "distance_route_km": 0.07 }, "geometry": { "type": "Polygon", "coordinates": [ [ [ 1.38448702, 8.80304723 ], [ 1.43060788, 8.77333804 ], [ 1.45720917, 8.78333987 ], [ 1.46505924, 8.76432394 ], [ 1.52368403, 8.71850524 ], [ 1.53817143, 8.68909068 ], [ 1.54344095, 8.58780867 ], [ 1.53719511, 8.55939662 ], [ 1.45883734, 8.54188346 ], [ 1.37219374, 8.54240065 ], [ 1.37241105, 8.60624619 ], [ 1.39070049, 8.75642386 ], [ 1.37438989, 8.77459532 ], [ 1.38448702, 8.80304723 ] ] ] } },
{ "type": "Feature", "properties": { "canton_id": "C05078240", "canton": "Kéméni", "commune": "Tchaoudjo 3", "prefecture": "Tchaoudjo", "region": "Centrale", "population": 1426, "densite_hab_km2": 21.5, "n_agences": 0, "n_mobile_money": 5, "n_mm_togocom": 5, "n_mm_moov": 2, "n_mm_multi": 2, "mm_pour_10k": 35.1, "agences_pour_100k": 0.0, "habitants_par_mm": 285.0, "couverture_mobile_pct": 100.0, "mm_1km_pct": 68.88, "togocom_5km_pct": 0.0, "n_banques": 0, "n_microfinance": 0, "n_postes": 0, "n_distributeurs": 0, "n_marches": 1, "n_ecoles": 4, "n_superieur": 0, "habitants_pres_marche": 930, "habitants_pres_ecole": 936, "indice_acces": 66.1, "distance_route_km": 1.24 }, "geometry": { "type": "Polygon", "coordinates": [ [ [ 1.29163358, 9.17182603 ], [ 1.2487208, 9.18645904 ], [ 1.22866981, 9.20089236 ], [ 1.22164692, 9.22285442 ], [ 1.22458514, 9.23180432 ], [ 1.25645895, 9.26429638 ], [ 1.2846087, 9.26461173 ], [ 1.30096795, 9.25223194 ], [ 1.31369945, 9.25132866 ], [ 1.29432209, 9.21256817 ], [ 1.29163358, 9.17182603 ] ] ] } },
{ "type": "Feature", "properties": { "canton_id": "C05076234", "canton": "Tchalo", "commune": "Tchaoudjo 1", "prefecture": "Tchaoudjo", "region": "Centrale", "population": 8217, "densite_hab_km2": 52.5, "n_agences": 0, "n_mobile_money": 23, "n_mm_togocom": 18, "n_mm_moov": 11, "n_mm_multi": 11, "mm_pour_10k": 28.0, "agences_pour_100k": 0.0, "habitants_par_mm": 357.0, "couverture_mobile_pct": 100.0, "mm_1km_pct": 76.48, "togocom_5km_pct": 40.41, "n_banques": 0, "n_microfinance": 0, "n_postes": 0, "n_distributeurs": 0, "n_marches": 2, "n_ecoles": 9, "n_superieur": 0, "habitants_pres_marche": 8902, "habitants_pres_ecole": 8486, "indice_acces": 63.9, "distance_route_km": 0.86 }, "geometry": { "type": "Polygon", "coordinates": [ [ [ 0.89625949, 8.96006741 ], [ 0.89526831, 8.9868629 ], [ 0.8767244, 9.00369237 ], [ 0.89319327, 9.0035285 ], [ 0.91214234, 9.01418094 ], [ 0.93118159, 9.01097634 ], [ 0.96573221, 9.02394577 ], [ 1.02640262, 8.97722942 ], [ 1.08369298, 8.96402436 ], [ 1.10158067, 8.96774922 ], [ 1.15824482, 8.94567702 ], [ 1.16233372, 8.93065488 ], [ 1.1497413, 8.91769885 ], [ 1.15162463, 8.90128439 ], [ 1.12271146, 8.89721927 ], [ 1.09865371, 8.91326475 ], [ 1.06407052, 8.92475121 ], [ 1.06196769, 8.93323313 ], [ 1.04959625, 8.93756818 ], [ 1.03953439, 8.93331988 ], [ 0.95990527, 8.96747388 ], [ 0.89625949, 8.96006741 ] ] ] } },
{ "type": "Feature", "properties": { "canton_id": "C04075233", "canton": "Kaboli", "commune": "Tchamba 3", "prefecture": "Tchamba", "region": "Centrale", "population": 36865, "densite_hab_km2": 79.7, "n_agences": 1, "n_mobile_money": 40, "n_mm_togocom": 39, "n_mm_moov": 30, "n_mm_multi": 30, "mm_pour_10k": 10.9, "agences_pour_100k": 2.71, "habitants_par_mm": 922.0, "couverture_mobile_pct": 0.0, "mm_1km_pct": 51.3, "togocom_5km_pct": 52.51, "n_banques": 0, "n_microfinance": 5, "n_postes": 1, "n_distributeurs": 0, "n_marches": 2, "n_ecoles": 31, "n_superieur": 0, "habitants_pres_marche": 20569, "habitants_pres_ecole": 23921, "indice_acces": 47.6, "distance_route_km": 1.46 }, "geometry": { "type": "Polygon", "coordinates": [ [ [ 1.62344016, 8.77823633 ], [ 1.63026729, 8.77735602 ], [ 1.630481, 8.74456948 ], [ 1.62257454, 8.54445474 ], [ 1.64898147, 8.49608358 ], [ 1.63881691, 8.46732783 ], [ 1.62552836, 8.45634078 ], [ 1.63125079, 8.44468529 ], [ 1.62436172, 8.43095404 ], [ 1.62876058, 8.41663617 ], [ 1.62396815, 8.38538387 ], [ 1.61472107, 8.37526814 ], [ 1.62191951, 8.36965598 ], [ 1.49659035, 8.36765323 ], [ 1.5182294, 8.38552493 ], [ 1.51265517, 8.42953671 ], [ 1.52285769, 8.43803571 ], [ 1.53024622, 8.4757511 ], [ 1.54233226, 8.49733228 ], [ 1.57068093, 8.50916685 ], [ 1.56926814, 8.52550601 ], [ 1.57849428, 8.53784627 ], [ 1.56971507, 8.5610806 ], [ 1.53719511, 8.55939662 ], [ 1.54344095, 8.58780867 ], [ 1.53817143, 8.68909068 ], [ 1.52368403, 8.71850524 ], [ 1.46505924, 8.76432394 ], [ 1.55759576, 8.75065181 ], [ 1.57661697, 8.76769295 ], [ 1.59679529, 8.77305631 ], [ 1.59913475, 8.78061224 ], [ 1.62344016, 8.77823633 ] ] ] } },
{ "type": "Feature", "properties": { "canton_id": "C05076235", "canton": "Kadambara", "commune": "Tchaoudjo 1", "prefecture": "Tchaoudjo", "region": "Centrale", "population": 16539, "densite_hab_km2": 58.7, "n_agences": 0, "n_mobile_money": 56, "n_mm_togocom": 56, "n_mm_moov": 23, "n_mm_multi": 23, "mm_pour_10k": 33.9, "agences_pour_100k": 0.0, "habitants_par_mm": 295.0, "couverture_mobile_pct": 61.4, "mm_1km_pct": 38.17, "togocom_5km_pct": 32.38, "n_banques": 0, "n_microfinance": 0, "n_postes": 0, "n_distributeurs": 0, "n_marches": 4, "n_ecoles": 29, "n_superieur": 0, "habitants_pres_marche": 18427, "habitants_pres_ecole": 15945, "indice_acces": 49.5, "distance_route_km": 0.44 }, "geometry": { "type": "Polygon", "coordinates": [ [ [ 1.19191898, 8.95175254 ], [ 1.19421665, 8.94495873 ], [ 1.21412438, 8.93569181 ], [ 1.19808955, 8.91074766 ], [ 1.20481018, 8.90423092 ], [ 1.2028202, 8.89027858 ], [ 1.2119375, 8.8668371 ], [ 1.22887199, 8.85433073 ], [ 1.2439815, 8.85217618 ], [ 1.24794503, 8.83538629 ], [ 1.23961142, 8.83534725 ], [ 1.24386114, 8.82871544 ], [ 1.23925231, 8.82429346 ], [ 1.26510828, 8.79741002 ], [ 1.26746885, 8.7764676 ], [ 1.2537756, 8.74585737 ], [ 1.27503235, 8.73608308 ], [ 1.27668878, 8.72231175 ], [ 1.25441661, 8.70532382 ], [ 1.26410264, 8.69454046 ], [ 1.26038291, 8.68065839 ], [ 1.27019338, 8.67587824 ], [ 1.26370483, 8.66819391 ], [ 1.23845727, 8.67676283 ], [ 1.23338725, 8.67301455 ], [ 1.21488492, 8.6836018 ], [ 1.19782611, 8.73883245 ], [ 1.1591552, 8.74692234 ], [ 1.15741175, 8.74088889 ], [ 1.14813257, 8.82423234 ], [ 1.12469988, 8.87041941 ], [ 1.12977476, 8.88415682 ], [ 1.12271146, 8.89721927 ], [ 1.15162463, 8.90128439 ], [ 1.1497413, 8.91769885 ], [ 1.16233372, 8.93065488 ], [ 1.15824482, 8.94567702 ], [ 1.10158067, 8.96774922 ], [ 1.10584197, 8.97953861 ], [ 1.15225708, 8.95884311 ], [ 1.1578608, 8.96254666 ], [ 1.16794973, 8.95488367 ], [ 1.19191898, 8.95175254 ] ] ] } },
{ "type": "Feature", "properties": { "canton_id": "C05076237", "canton": "Sokodè (Komah)", "commune": "Tchaoudjo 1", "prefecture": "Tchaoudjo", "region": "Centrale", "population": 90146, "densite_hab_km2": 948.4, "n_agences": 4, "n_mobile_money": 862, "n_mm_togocom": 844, "n_mm_moov": 413, "n_mm_multi": 411, "mm_pour_10k": 95.6, "agences_pour_100k": 4.44, "habitants_par_mm": 105.0, "couverture_mobile_pct": 100.0, "mm_1km_pct": 97.03, "togocom_5km_pct": 97.58, "n_banques": 10, "n_microfinance": 7, "n_postes": 1, "n_distributeurs": 8, "n_marches": 6, "n_ecoles": 100, "n_superieur": 3, "habitants_pres_marche": 82445, "habitants_pres_ecole": 82369, "indice_acces": 88.4, "distance_route_km": 0.43 }, "geometry": { "type": "Polygon", "coordinates": [ [ [ 1.02640262, 8.97722942 ], [ 1.03773182, 9.02275926 ], [ 1.07412515, 9.03093314 ], [ 1.12870993, 9.00512202 ], [ 1.15350603, 8.98672573 ], [ 1.16747148, 8.99313982 ], [ 1.16687904, 9.00858864 ], [ 1.18719207, 9.02209459 ], [ 1.200012, 9.01601774 ], [ 1.19446042, 8.99908032 ], [ 1.20179007, 8.98512805 ], [ 1.18508929, 8.96897464 ], [ 1.19191898, 8.95175254 ], [ 1.16794973, 8.95488367 ], [ 1.1578608, 8.96254666 ], [ 1.15225708, 8.95884311 ], [ 1.10584197, 8.97953861 ], [ 1.10158067, 8.96774922 ], [ 1.08369298, 8.96402436 ], [ 1.02640262, 8.97722942 ] ] ] } },
{ "type": "Feature", "properties": { "canton_id": "C05076236", "canton": "Kparataou", "commune": "Tchaoudjo 1", "prefecture": "Tchaoudjo", "region": "Centrale", "population": 19809, "densite_hab_km2": 56.8, "n_agences": 0, "n_mobile_money": 66, "n_mm_togocom": 57, "n_mm_moov": 30, "n_mm_multi": 28, "mm_pour_10k": 33.3, "agences_pour_100k": 0.0, "habitants_par_mm": 300.0, "couverture_mobile_pct": 86.45, "mm_1km_pct": 68.49, "togocom_5km_pct": 1.12, "n_banques": 0, "n_microfinance": 0, "n_postes": 0, "n_distributeurs": 0, "n_marches": 4, "n_ecoles": 25, "n_superieur": 0, "habitants_pres_marche": 13830, "habitants_pres_ecole": 13476, "indice_acces": 51.7, "distance_route_km": 0.59 }, "geometry": { "type": "Polygon", "coordinates": [ [ [ 1.38196213, 9.00472082 ], [ 1.38135763, 8.98765219 ], [ 1.36644194, 8.95758958 ], [ 1.37141406, 8.95384626 ], [ 1.36995889, 8.93349228 ], [ 1.35205952, 8.93952735 ], [ 1.35542223, 8.93353947 ], [ 1.34264792, 8.92307353 ], [ 1.34716096, 8.92192759 ], [ 1.34554172, 8.90802841 ], [ 1.32441368, 8.89502468 ], [ 1.32670854, 8.88249611 ], [ 1.30610885, 8.8797088 ], [ 1.31681792, 8.87520159 ], [ 1.31536455, 8.86893733 ], [ 1.32393869, 8.86233446 ], [ 1.31804868, 8.85553541 ], [ 1.32386463, 8.83509081 ], [ 1.32095829, 8.81977781 ], [ 1.3281486, 8.812062 ], [ 1.30826505, 8.79024852 ], [ 1.31475439, 8.77176619 ], [ 1.29983829, 8.76718254 ], [ 1.30311152, 8.75682695 ], [ 1.28957225, 8.75476429 ], [ 1.28222888, 8.74452754 ], [ 1.27488562, 8.74903475 ], [ 1.272901, 8.73622313 ], [ 1.2537756, 8.74585737 ], [ 1.26746885, 8.7764676 ], [ 1.26510828, 8.79741002 ], [ 1.23925231, 8.82429346 ], [ 1.24386114, 8.82871544 ], [ 1.23961142, 8.83534725 ], [ 1.24794503, 8.83538629 ], [ 1.2492429, 8.8437838 ], [ 1.24266493, 8.85316776 ], [ 1.22887199, 8.85433073 ], [ 1.2119375, 8.8668371 ], [ 1.2028202, 8.89027858 ], [ 1.20481018, 8.90423092 ], [ 1.19808955, 8.91074766 ], [ 1.21412438, 8.93569181 ], [ 1.19090755, 8.94816601 ], [ 1.18508929, 8.96897464 ], [ 1.21344128, 8.99057698 ], [ 1.27452236, 8.99222387 ], [ 1.29135152, 9.00325224 ], [ 1.38068408, 9.0323269 ], [ 1.37605553, 9.02222831 ], [ 1.38196213, 9.00472082 ] ] ] } },
{ "type": "Feature", "properties": { "canton_id": "C05076238", "canton": "Kpangalam", "commune": "Tchaoudjo 1", "prefecture": "Tchaoudjo", "region": "Centrale", "population": 37472, "densite_hab_km2": 216.1, "n_agences": 0, "n_mobile_money": 261, "n_mm_togocom": 250, "n_mm_moov": 144, "n_mm_multi": 143, "mm_pour_10k": 69.7, "agences_pour_100k": 0.0, "habitants_par_mm": 144.0, "couverture_mobile_pct": 100.0, "mm_1km_pct": 91.08, "togocom_5km_pct": 85.02, "n_banques": 1, "n_microfinance": 2, "n_postes": 1, "n_distributeurs": 0, "n_marches": 5, "n_ecoles": 32, "n_superieur": 2, "habitants_pres_marche": 38698, "habitants_pres_ecole": 37603, "indice_acces": 70.3, "distance_route_km": 0.24 }, "geometry": { "type": "Polygon", "coordinates": [ [ [ 1.21933837, 9.05626 ], [ 1.21898075, 9.03639749 ], [ 1.19688053, 9.01958399 ], [ 1.18719207, 9.02209459 ], [ 1.16687904, 9.00858864 ], [ 1.16747148, 8.99313982 ], [ 1.15350603, 8.98672573 ], [ 1.12870993, 9.00512202 ], [ 1.07412515, 9.03093314 ], [ 1.03773182, 9.02275926 ], [ 1.02640262, 8.97722942 ], [ 0.96298584, 9.02713944 ], [ 0.97268664, 9.05417298 ], [ 0.99544855, 9.05586992 ], [ 1.00482408, 9.06305861 ], [ 1.00201402, 9.0760162 ], [ 1.01108412, 9.07707599 ], [ 1.00811763, 9.09230552 ], [ 1.02290995, 9.09811599 ], [ 1.03329719, 9.08118683 ], [ 1.03633247, 9.09092373 ], [ 1.06297643, 9.09454521 ], [ 1.09976381, 9.06854351 ], [ 1.17208006, 9.04885566 ], [ 1.18948672, 9.04699782 ], [ 1.21933837, 9.05626 ] ] ] } },
{ "type": "Feature", "properties": { "canton_id": "C05077239", "canton": "Lama-Tessi", "commune": "Tchaoudjo 2", "prefecture": "Tchaoudjo", "region": "Centrale", "population": 22409, "densite_hab_km2": 59.4, "n_agences": 0, "n_mobile_money": 45, "n_mm_togocom": 37, "n_mm_moov": 34, "n_mm_multi": 34, "mm_pour_10k": 20.1, "agences_pour_100k": 0.0, "habitants_par_mm": 498.0, "couverture_mobile_pct": 80.99, "mm_1km_pct": 54.42, "togocom_5km_pct": 0.0, "n_banques": 0, "n_microfinance": 0, "n_postes": 0, "n_distributeurs": 0, "n_marches": 12, "n_ecoles": 28, "n_superieur": 0, "habitants_pres_marche": 25042, "habitants_pres_ecole": 23025, "indice_acces": 44.8, "distance_route_km": 1.08 }, "geometry": { "type": "Polygon", "coordinates": [ [ [ 0.95990527, 8.96747388 ], [ 1.03953439, 8.93331988 ], [ 1.04959625, 8.93756818 ], [ 1.06196769, 8.93323313 ], [ 1.06407052, 8.92475121 ], [ 1.09865371, 8.91326475 ], [ 1.12271146, 8.89721927 ], [ 1.12977476, 8.88415682 ], [ 1.12469988, 8.87041941 ], [ 1.14813257, 8.82423234 ], [ 1.15741175, 8.74088889 ], [ 1.13286687, 8.73149314 ], [ 1.12293324, 8.73602835 ], [ 1.12114913, 8.75217183 ], [ 1.10711155, 8.74588509 ], [ 1.09890208, 8.75387981 ], [ 1.08058378, 8.74790741 ], [ 1.06948932, 8.75093137 ], [ 1.06760097, 8.74571336 ], [ 1.0616207, 8.75407474 ], [ 1.0523672, 8.74810234 ], [ 1.05052054, 8.7723538 ], [ 1.03630477, 8.77609114 ], [ 1.02910294, 8.78545439 ], [ 1.0104952, 8.78799707 ], [ 1.00514469, 8.80698788 ], [ 0.97443577, 8.82130053 ], [ 0.96176921, 8.86240451 ], [ 0.96580738, 8.8948227 ], [ 0.95136227, 8.90964907 ], [ 0.9135462, 8.92094266 ], [ 0.89586349, 8.95994479 ], [ 0.95990527, 8.96747388 ] ] ] } },
{ "type": "Feature", "properties": { "canton_id": "C05078241", "canton": "Aléhéridè", "commune": "Tchaoudjo 3", "prefecture": "Tchaoudjo", "region": "Centrale", "population": 6828, "densite_hab_km2": 41.6, "n_agences": 0, "n_mobile_money": 27, "n_mm_togocom": 26, "n_mm_moov": 13, "n_mm_multi": 13, "mm_pour_10k": 39.5, "agences_pour_100k": 0.0, "habitants_par_mm": 253.0, "couverture_mobile_pct": 99.75, "mm_1km_pct": 79.08, "togocom_5km_pct": 0.0, "n_banques": 0, "n_microfinance": 0, "n_postes": 1, "n_distributeurs": 0, "n_marches": 1, "n_ecoles": 7, "n_superieur": 0, "habitants_pres_marche": 5934, "habitants_pres_ecole": 5666, "indice_acces": 55.9, "distance_route_km": 0.89 }, "geometry": { "type": "Polygon", "coordinates": [ [ [ 1.2487208, 9.18645904 ], [ 1.2234197, 9.15906404 ], [ 1.20673792, 9.15898181 ], [ 1.20432119, 9.18905505 ], [ 1.10040757, 9.19000687 ], [ 1.03297998, 9.20458454 ], [ 1.00944758, 9.19953421 ], [ 1.02640914, 9.2494009 ], [ 1.06088901, 9.27534668 ], [ 1.18832904, 9.2444614 ], [ 1.18860443, 9.23002345 ], [ 1.19832595, 9.21232009 ], [ 1.21488729, 9.22779718 ], [ 1.22866981, 9.20089236 ], [ 1.2487208, 9.18645904 ] ] ] } },
{ "type": "Feature", "properties": { "canton_id": "C05078242", "canton": "Kolina", "commune": "Tchaoudjo 3", "prefecture": "Tchaoudjo", "region": "Centrale", "population": 3990, "densite_hab_km2": 18.1, "n_agences": 0, "n_mobile_money": 13, "n_mm_togocom": 13, "n_mm_moov": 4, "n_mm_multi": 4, "mm_pour_10k": 32.6, "agences_pour_100k": 0.0, "habitants_par_mm": 307.0, "couverture_mobile_pct": 100.0, "mm_1km_pct": 64.05, "togocom_5km_pct": 0.0, "n_banques": 0, "n_microfinance": 0, "n_postes": 0, "n_distributeurs": 0, "n_marches": 3, "n_ecoles": 8, "n_superieur": 0, "habitants_pres_marche": 4134, "habitants_pres_ecole": 3673, "indice_acces": 65.0, "distance_route_km": 0.19 }, "geometry": { "type": "Polygon", "coordinates": [ [ [ 1.00201402, 9.0760162 ], [ 0.98929327, 9.10213333 ], [ 0.98059678, 9.15307211 ], [ 0.99681359, 9.18085197 ], [ 1.01567085, 9.15987811 ], [ 1.13456763, 9.12653767 ], [ 1.20129364, 9.12554383 ], [ 1.23297241, 9.13265786 ], [ 1.25933735, 9.12111915 ], [ 1.24799979, 9.09169502 ], [ 1.21966789, 9.0745707 ], [ 1.21933837, 9.05626 ], [ 1.18948672, 9.04699782 ], [ 1.09976381, 9.06854351 ], [ 1.06297643, 9.09454521 ], [ 1.03633247, 9.09092373 ], [ 1.03329719, 9.08118683 ], [ 1.02290995, 9.09811599 ], [ 1.00811763, 9.09230552 ], [ 1.01108412, 9.07707599 ], [ 1.00201402, 9.0760162 ] ] ] } },
{ "type": "Feature", "properties": { "canton_id": "C05078243", "canton": "Amaïde", "commune": "Tchaoudjo 3", "prefecture": "Tchaoudjo", "region": "Centrale", "population": 3933, "densite_hab_km2": 22.5, "n_agences": 0, "n_mobile_money": 20, "n_mm_togocom": 18, "n_mm_moov": 6, "n_mm_multi": 5, "mm_pour_10k": 50.9, "agences_pour_100k": 0.0, "habitants_par_mm": 197.0, "couverture_mobile_pct": 99.82, "mm_1km_pct": 52.46, "togocom_5km_pct": 0.0, "n_banques": 0, "n_microfinance": 0, "n_postes": 0, "n_distributeurs": 0, "n_marches": 2, "n_ecoles": 7, "n_superieur": 0, "habitants_pres_marche": 3423, "habitants_pres_ecole": 3325, "indice_acces": 58.1, "distance_route_km": 0.15 }, "geometry": { "type": "Polygon", "coordinates": [ [ [ 0.99681359, 9.18085197 ], [ 0.99051668, 9.1731202 ], [ 1.00944758, 9.19953421 ], [ 1.03297998, 9.20458454 ], [ 1.10040757, 9.19000687 ], [ 1.20432119, 9.18905505 ], [ 1.20673792, 9.15898181 ], [ 1.2234197, 9.15906404 ], [ 1.2487208, 9.18645904 ], [ 1.29163358, 9.17182603 ], [ 1.25933735, 9.12111915 ], [ 1.23297241, 9.13265786 ], [ 1.20129364, 9.12554383 ], [ 1.13456763, 9.12653767 ], [ 1.01567085, 9.15987811 ], [ 0.99681359, 9.18085197 ] ] ] } },
{ "type": "Feature", "properties": { "canton_id": "C05079244", "canton": "Wassarabo", "commune": "Tchaoudjo 4", "prefecture": "Tchaoudjo", "region": "Centrale", "population": 1430, "densite_hab_km2": 30.0, "n_agences": 0, "n_mobile_money": 10, "n_mm_togocom": 10, "n_mm_moov": 3, "n_mm_multi": 3, "mm_pour_10k": 69.9, "agences_pour_100k": 0.0, "habitants_par_mm": 143.0, "couverture_mobile_pct": 100.0, "mm_1km_pct": 68.78, "togocom_5km_pct": 0.0, "n_banques": 0, "n_microfinance": 0, "n_postes": 0, "n_distributeurs": 0, "n_marches": 1, "n_ecoles": 5, "n_superieur": 0, "habitants_pres_marche": 1428, "habitants_pres_ecole": 1594, "indice_acces": 70.4, "distance_route_km": 0.96 }, "geometry": { "type": "Polygon", "coordinates": [ [ [ 1.19688053, 9.01958399 ], [ 1.21898075, 9.03639749 ], [ 1.25932497, 9.03833082 ], [ 1.28573106, 9.02395448 ], [ 1.30211601, 9.00366694 ], [ 1.27452236, 8.99222387 ], [ 1.21344128, 8.99057698 ], [ 1.20179007, 8.98512805 ], [ 1.19446042, 8.99908032 ], [ 1.19688053, 9.01958399 ] ] ] } },
{ "type": "Feature", "properties": { "canton_id": "C05079245", "canton": "Kpassaouade", "commune": "Tchaoudjo 4", "prefecture": "Tchaoudjo", "region": "Centrale", "population": 2601, "densite_hab_km2": 22.1, "n_agences": 0, "n_mobile_money": 10, "n_mm_togocom": 10, "n_mm_moov": 3, "n_mm_multi": 3, "mm_pour_10k": 38.4, "agences_pour_100k": 0.0, "habitants_par_mm": 260.0, "couverture_mobile_pct": 65.42, "mm_1km_pct": 54.16, "togocom_5km_pct": 1.6, "n_banques": 0, "n_microfinance": 0, "n_postes": 0, "n_distributeurs": 0, "n_marches": 2, "n_ecoles": 6, "n_superieur": 0, "habitants_pres_marche": 2317, "habitants_pres_ecole": 2585, "indice_acces": 51.3, "distance_route_km": 0.59 }, "geometry": { "type": "Polygon", "coordinates": [ [ [ 1.21898075, 9.03639749 ], [ 1.21966789, 9.0745707 ], [ 1.24799979, 9.09169502 ], [ 1.38698743, 9.07739898 ], [ 1.37661209, 9.06522191 ], [ 1.38183764, 9.06113762 ], [ 1.37568929, 9.0544439 ], [ 1.38091484, 9.04983018 ], [ 1.38068408, 9.0323269 ], [ 1.30211601, 9.00366694 ], [ 1.28573106, 9.02395448 ], [ 1.25932497, 9.03833082 ], [ 1.21898075, 9.03639749 ] ] ] } },
{ "type": "Feature", "properties": { "canton_id": "C05079246", "canton": "Agouloudè", "commune": "Tchaoudjo 4", "prefecture": "Tchaoudjo", "region": "Centrale", "population": 7144, "densite_hab_km2": 22.9, "n_agences": 0, "n_mobile_money": 13, "n_mm_togocom": 13, "n_mm_moov": 0, "n_mm_multi": 0, "mm_pour_10k": 18.2, "agences_pour_100k": 0.0, "habitants_par_mm": 550.0, "couverture_mobile_pct": 41.77, "mm_1km_pct": 40.66, "togocom_5km_pct": 0.0, "n_banques": 0, "n_microfinance": 0, "n_postes": 0, "n_distributeurs": 0, "n_marches": 4, "n_ecoles": 15, "n_superieur": 0, "habitants_pres_marche": 5849, "habitants_pres_ecole": 5766, "indice_acces": 41.0, "distance_route_km": 0.14 }, "geometry": { "type": "Polygon", "coordinates": [ [ [ 1.45270528, 9.27611726 ], [ 1.4414194, 9.25585188 ], [ 1.44133822, 9.23932569 ], [ 1.42102462, 9.21726849 ], [ 1.39957971, 9.20490994 ], [ 1.39396723, 9.18770208 ], [ 1.41442928, 9.13683487 ], [ 1.39609508, 9.11204856 ], [ 1.38987875, 9.0798595 ], [ 1.24799979, 9.09169502 ], [ 1.25933735, 9.12111915 ], [ 1.28838032, 9.16300982 ], [ 1.29432209, 9.21256817 ], [ 1.31369945, 9.25132866 ], [ 1.32486513, 9.25298881 ], [ 1.34545622, 9.2739475 ], [ 1.38378039, 9.29486645 ], [ 1.42122809, 9.30812164 ], [ 1.45270528, 9.27611726 ] ] ] } },
{ "type": "Feature", "properties": { "canton_id": "D01080248", "canton": "Bouladè", "commune": "Assoli 1", "prefecture": "Assoli", "region": "Kara", "population": 5252, "densite_hab_km2": 77.7, "n_agences": 0, "n_mobile_money": 7, "n_mm_togocom": 5, "n_mm_moov": 2, "n_mm_multi": 2, "mm_pour_10k": 13.3, "agences_pour_100k": 0.0, "habitants_par_mm": 750.0, "couverture_mobile_pct": 100.0, "mm_1km_pct": 49.71, "togocom_5km_pct": 30.25, "n_banques": 0, "n_microfinance": 0, "n_postes": 0, "n_distributeurs": 0, "n_marches": 3, "n_ecoles": 7, "n_superieur": 0, "habitants_pres_marche": 5262, "habitants_pres_ecole": 4606, "indice_acces": 54.4, "distance_route_km": 0.8 }, "geometry": { "type": "Polygon", "coordinates": [ [ [ 1.14919134, 9.37957444 ], [ 1.15774286, 9.3973092 ], [ 1.17569713, 9.40220719 ], [ 1.20937451, 9.43605648 ], [ 1.25066125, 9.44008446 ], [ 1.25650684, 9.3847763 ], [ 1.25139042, 9.37475933 ], [ 1.16573504, 9.36446719 ], [ 1.14919134, 9.37957444 ] ] ] } },
{ "type": "Feature", "properties": { "canton_id": "D01080247", "canton": "Dako (Daoude)", "commune": "Assoli 1", "prefecture": "Assoli", "region": "Kara", "population": 3688, "densite_hab_km2": 15.0, "n_agences": 0, "n_mobile_money": 9, "n_mm_togocom": 9, "n_mm_moov": 4, "n_mm_multi": 4, "mm_pour_10k": 24.4, "agences_pour_100k": 0.0, "habitants_par_mm": 410.0, "couverture_mobile_pct": 68.46, "mm_1km_pct": 57.05, "togocom_5km_pct": 0.0, "n_banques": 0, "n_microfinance": 0, "n_postes": 0, "n_distributeurs": 0, "n_marches": 1, "n_ecoles": 9, "n_superieur": 0, "habitants_pres_marche": 4565, "habitants_pres_ecole": 5266, "indice_acces": 46.5, "distance_route_km": 0.57 }, "geometry": { "type": "Polygon", "coordinates": [ [ [ 1.02640914, 9.2494009 ], [ 1.01616287, 9.29219313 ], [ 0.9973767, 9.29827783 ], [ 0.96905137, 9.33340823 ], [ 0.93772944, 9.34012572 ], [ 0.94533661, 9.37433423 ], [ 0.93865938, 9.39397224 ], [ 0.95187048, 9.40345286 ], [ 0.95995161, 9.42180378 ], [ 0.96896967, 9.43150361 ], [ 0.97872884, 9.43166227 ], [ 1.03142847, 9.42162642 ], [ 1.09152121, 9.37455777 ], [ 1.15774286, 9.3973092 ], [ 1.13240917, 9.35789553 ], [ 1.13024037, 9.33956779 ], [ 1.11680646, 9.31785887 ], [ 1.09390324, 9.31267461 ], [ 1.06882971, 9.27111718 ], [ 1.05210133, 9.27302046 ], [ 1.02640914, 9.2494009 ] ] ] } },
{ "type": "Feature", "properties": { "canton_id": "D01080249", "canton": "Bafilo", "commune": "Assoli 1", "prefecture": "Assoli", "region": "Kara", "population": 20664, "densite_hab_km2": 221.8, "n_agences": 1, "n_mobile_money": 153, "n_mm_togocom": 141, "n_mm_moov": 63, "n_mm_multi": 60, "mm_pour_10k": 74.0, "agences_pour_100k": 4.84, "habitants_par_mm": 135.0, "couverture_mobile_pct": 100.0, "mm_1km_pct": 91.88, "togocom_5km_pct": 92.91, "n_banques": 2, "n_microfinance": 5, "n_postes": 1, "n_distributeurs": 1, "n_marches": 3, "n_ecoles": 22, "n_superieur": 0, "habitants_pres_marche": 17817, "habitants_pres_ecole": 17478, "indice_acces": 88.3, "distance_route_km": 0.83 }, "geometry": { "type": "Polygon", "coordinates": [ [ [ 1.25139042, 9.37475933 ], [ 1.29189469, 9.36155572 ], [ 1.28598306, 9.35064074 ], [ 1.29568767, 9.34694049 ], [ 1.27684415, 9.31973991 ], [ 1.23844927, 9.33357148 ], [ 1.20770431, 9.29901572 ], [ 1.1881632, 9.31530889 ], [ 1.1526684, 9.32597327 ], [ 1.11680646, 9.31785887 ], [ 1.13024037, 9.33956779 ], [ 1.13240917, 9.35789553 ], [ 1.14919134, 9.37957444 ], [ 1.16573504, 9.36446719 ], [ 1.25139042, 9.37475933 ] ] ] } },
{ "type": "Feature", "properties": { "canton_id": "D01081250", "canton": "Alédjo", "commune": "Assoli 2", "prefecture": "Assoli", "region": "Kara", "population": 5600, "densite_hab_km2": 41.7, "n_agences": 0, "n_mobile_money": 18, "n_mm_togocom": 18, "n_mm_moov": 9, "n_mm_multi": 9, "mm_pour_10k": 32.1, "agences_pour_100k": 0.0, "habitants_par_mm": 311.0, "couverture_mobile_pct": 100.0, "mm_1km_pct": 79.71, "togocom_5km_pct": 0.0, "n_banques": 0, "n_microfinance": 0, "n_postes": 0, "n_distributeurs": 0, "n_marches": 4, "n_ecoles": 7, "n_superieur": 0, "habitants_pres_marche": 6608, "habitants_pres_ecole": 6476, "indice_acces": 64.8, "distance_route_km": 0.31 }, "geometry": { "type": "Polygon", "coordinates": [ [ [ 1.06882971, 9.27111718 ], [ 1.09390324, 9.31267461 ], [ 1.1526684, 9.32597327 ], [ 1.1881632, 9.31530889 ], [ 1.21707151, 9.29537874 ], [ 1.25768236, 9.29352621 ], [ 1.25645895, 9.26429638 ], [ 1.23625719, 9.24890943 ], [ 1.22035163, 9.22168602 ], [ 1.21488729, 9.22779718 ], [ 1.19832595, 9.21232009 ], [ 1.18860443, 9.23002345 ], [ 1.18832904, 9.2444614 ], [ 1.06882971, 9.27111718 ] ] ] } },
{ "type": "Feature", "properties": { "canton_id": "D01082252", "canton": "Soudou", "commune": "Assoli 3", "prefecture": "Assoli", "region": "Kara", "population": 10627, "densite_hab_km2": 36.4, "n_agences": 0, "n_mobile_money": 28, "n_mm_togocom": 23, "n_mm_moov": 8, "n_mm_multi": 8, "mm_pour_10k": 26.3, "agences_pour_100k": 0.0, "habitants_par_mm": 380.0, "couverture_mobile_pct": 100.0, "mm_1km_pct": 49.28, "togocom_5km_pct": 0.5, "n_banques": 0, "n_microfinance": 0, "n_postes": 0, "n_distributeurs": 0, "n_marches": 3, "n_ecoles": 20, "n_superieur": 0, "habitants_pres_marche": 7285, "habitants_pres_ecole": 6614, "indice_acces": 63.0, "distance_route_km": 0.06 }, "geometry": { "type": "Polygon", "coordinates": [ [ [ 1.40009507, 9.42405866 ], [ 1.39886149, 9.3662713 ], [ 1.42122809, 9.30812164 ], [ 1.34545622, 9.2739475 ], [ 1.31927097, 9.25054452 ], [ 1.30785549, 9.24938325 ], [ 1.2846087, 9.26461173 ], [ 1.25645895, 9.26429638 ], [ 1.25768236, 9.29352621 ], [ 1.29568767, 9.34694049 ], [ 1.28598306, 9.35064074 ], [ 1.29189469, 9.36155572 ], [ 1.25139042, 9.37475933 ], [ 1.25650684, 9.3847763 ], [ 1.25066125, 9.44008446 ], [ 1.27658217, 9.43606191 ], [ 1.30977069, 9.44217817 ], [ 1.33134859, 9.46218533 ], [ 1.36423732, 9.46068103 ], [ 1.37030462, 9.43965523 ], [ 1.40009507, 9.42405866 ] ] ] } },
{ "type": "Feature", "properties": { "canton_id": "D02083253", "canton": "Baghan", "commune": "Bassar 1", "prefecture": "Bassar", "region": "Kara", "population": 2553, "densite_hab_km2": 12.7, "n_agences": 0, "n_mobile_money": 9, "n_mm_togocom": 3, "n_mm_moov": 4, "n_mm_multi": 3, "mm_pour_10k": 35.3, "agences_pour_100k": 0.0, "habitants_par_mm": 284.0, "couverture_mobile_pct": 16.17, "mm_1km_pct": 74.47, "togocom_5km_pct": 0.0, "n_banques": 0, "n_microfinance": 0, "n_postes": 0, "n_distributeurs": 0, "n_marches": 2, "n_ecoles": 6, "n_superieur": 0, "habitants_pres_marche": 1521, "habitants_pres_ecole": 1367, "indice_acces": 48.4, "distance_route_km": 0.46 }, "geometry": { "type": "Polygon", "coordinates": [ [ [ 0.75995466, 9.05673821 ], [ 0.73985406, 9.052912 ], [ 0.72242604, 9.05950244 ], [ 0.71320218, 9.03580118 ], [ 0.70530586, 9.03884292 ], [ 0.70101363, 9.02303566 ], [ 0.67646681, 9.01465464 ], [ 0.66573164, 8.99366028 ], [ 0.65337809, 8.98967631 ], [ 0.65556578, 8.99841533 ], [ 0.64655797, 9.00278488 ], [ 0.6154143, 8.9925278 ], [ 0.60512482, 8.9963859 ], [ 0.60955494, 9.01309526 ], [ 0.62877489, 9.03225545 ], [ 0.59741378, 9.05795514 ], [ 0.6194898, 9.09322691 ], [ 0.65649167, 9.1113252 ], [ 0.65513329, 9.13035244 ], [ 0.72956481, 9.14571066 ], [ 0.78293725, 9.132829 ], [ 0.78553292, 9.11148922 ], [ 0.77187665, 9.10531243 ], [ 0.75995466, 9.05673821 ] ] ] } },
{ "type": "Feature", "properties": { "canton_id": "D02083255", "canton": "Kalanga", "commune": "Bassar 1", "prefecture": "Bassar", "region": "Kara", "population": 4657, "densite_hab_km2": 33.9, "n_agences": 0, "n_mobile_money": 7, "n_mm_togocom": 5, "n_mm_moov": 3, "n_mm_multi": 3, "mm_pour_10k": 15.0, "agences_pour_100k": 0.0, "habitants_par_mm": 665.0, "couverture_mobile_pct": 100.0, "mm_1km_pct": 39.8, "togocom_5km_pct": 0.0, "n_banques": 0, "n_microfinance": 0, "n_postes": 0, "n_distributeurs": 0, "n_marches": 1, "n_ecoles": 10, "n_superieur": 0, "habitants_pres_marche": 2818, "habitants_pres_ecole": 4718, "indice_acces": 55.9, "distance_route_km": 0.34 }, "geometry": { "type": "Polygon", "coordinates": [ [ [ 0.74330115, 9.34085083 ], [ 0.73840862, 9.27110486 ], [ 0.69905747, 9.22686414 ], [ 0.66643872, 9.23226993 ], [ 0.65690774, 9.21745248 ], [ 0.64277192, 9.21009996 ], [ 0.63830127, 9.25963906 ], [ 0.63228708, 9.26757126 ], [ 0.65464576, 9.33576525 ], [ 0.66667009, 9.35311244 ], [ 0.68198001, 9.35287114 ], [ 0.6982535, 9.36305626 ], [ 0.71630221, 9.35181246 ], [ 0.73512536, 9.35364149 ], [ 0.74330115, 9.34085083 ] ] ] } },
{ "type": "Feature", "properties": { "canton_id": "D02084256", "canton": "Dimori", "commune": "Bassar 2", "prefecture": "Bassar", "region": "Kara", "population": 7820, "densite_hab_km2": 14.1, "n_agences": 0, "n_mobile_money": 10, "n_mm_togocom": 6, "n_mm_moov": 5, "n_mm_multi": 4, "mm_pour_10k": 12.8, "agences_pour_100k": 0.0, "habitants_par_mm": 782.0, "couverture_mobile_pct": 42.14, "mm_1km_pct": 36.97, "togocom_5km_pct": 0.0, "n_banques": 0, "n_microfinance": 0, "n_postes": 0, "n_distributeurs": 0, "n_marches": 1, "n_ecoles": 25, "n_superieur": 0, "habitants_pres_marche": 4964, "habitants_pres_ecole": 8371, "indice_acces": 36.9, "distance_route_km": 1.44 }, "geometry": { "type": "Polygon", "coordinates": [ [ [ 0.56331889, 9.24358433 ], [ 0.59849377, 9.24272161 ], [ 0.61396516, 9.21140494 ], [ 0.64758921, 9.20965695 ], [ 0.63496149, 9.19458973 ], [ 0.63617626, 9.17848212 ], [ 0.64227063, 9.17544703 ], [ 0.6423784, 9.14812819 ], [ 0.65513329, 9.13035244 ], [ 0.65649167, 9.1113252 ], [ 0.6194898, 9.09322691 ], [ 0.59741378, 9.05795514 ], [ 0.62877489, 9.03225545 ], [ 0.60955494, 9.01309526 ], [ 0.60512482, 8.9963859 ], [ 0.6154143, 8.9925278 ], [ 0.62732239, 8.9990914 ], [ 0.626216, 8.96893203 ], [ 0.61557803, 8.95130359 ], [ 0.60004196, 8.94606696 ], [ 0.59970121, 8.93129215 ], [ 0.57768164, 8.90741705 ], [ 0.58161265, 8.88386657 ], [ 0.5745243, 8.87993911 ], [ 0.5566894, 8.88537701 ], [ 0.53947905, 8.86388527 ], [ 0.52486782, 8.87459794 ], [ 0.51185102, 8.90238016 ], [ 0.51318948, 8.93873852 ], [ 0.46627851, 9.00462286 ], [ 0.47003446, 9.0184592 ], [ 0.45596571, 9.05394959 ], [ 0.46239295, 9.06089298 ], [ 0.45912293, 9.07126403 ], [ 0.46697407, 9.09365851 ], [ 0.48532018, 9.09954148 ], [ 0.47645135, 9.14429802 ], [ 0.51159806, 9.16397132 ], [ 0.53155237, 9.21252042 ], [ 0.51526532, 9.23797991 ], [ 0.56331889, 9.24358433 ] ] ] } },
{ "type": "Feature", "properties": { "canton_id": "D02083254", "canton": "Bassar", "commune": "Bassar 1", "prefecture": "Bassar", "region": "Kara", "population": 40565, "densite_hab_km2": 33.9, "n_agences": 2, "n_mobile_money": 257, "n_mm_togocom": 128, "n_mm_moov": 71, "n_mm_multi": 71, "mm_pour_10k": 63.4, "agences_pour_100k": 4.93, "habitants_par_mm": 158.0, "couverture_mobile_pct": 98.61, "mm_1km_pct": 82.37, "togocom_5km_pct": 78.58, "n_banques": 4, "n_microfinance": 4, "n_postes": 1, "n_distributeurs": 1, "n_marches": 9, "n_ecoles": 49, "n_superieur": 0, "habitants_pres_marche": 39711, "habitants_pres_ecole": 39438, "indice_acces": 76.1, "distance_route_km": 0.8 }, "geometry": { "type": "Polygon", "coordinates": [ [ [ 0.94072981, 9.38697139 ], [ 0.94533661, 9.37433423 ], [ 0.93772944, 9.34012572 ], [ 0.96186288, 9.33687032 ], [ 0.97865178, 9.32614892 ], [ 0.9973767, 9.29827783 ], [ 1.01616287, 9.29219313 ], [ 1.02595559, 9.26457025 ], [ 1.0162021, 9.21354991 ], [ 0.98059678, 9.15307211 ], [ 0.98929327, 9.10213333 ], [ 1.00482408, 9.06305861 ], [ 0.99544855, 9.05586992 ], [ 0.97268664, 9.05417298 ], [ 0.96336214, 9.02278099 ], [ 0.93118159, 9.01097634 ], [ 0.9054088, 9.01251463 ], [ 0.89319327, 9.0035285 ], [ 0.8622823, 9.00804391 ], [ 0.84810037, 9.0035806 ], [ 0.81746632, 9.01446805 ], [ 0.81239938, 9.02744326 ], [ 0.80437912, 9.02100051 ], [ 0.78824408, 9.0337747 ], [ 0.77552129, 9.06573918 ], [ 0.75995466, 9.05673821 ], [ 0.77187665, 9.10531243 ], [ 0.78553292, 9.11148922 ], [ 0.78293725, 9.132829 ], [ 0.72956481, 9.14571066 ], [ 0.65513329, 9.13035244 ], [ 0.6423784, 9.14812819 ], [ 0.64227063, 9.17544703 ], [ 0.63617626, 9.17848212 ], [ 0.63496149, 9.19458973 ], [ 0.66643872, 9.23226993 ], [ 0.69905747, 9.22686414 ], [ 0.73840862, 9.27110486 ], [ 0.74330115, 9.34085083 ], [ 0.78880358, 9.36707531 ], [ 0.77518342, 9.39564408 ], [ 0.79159092, 9.39865885 ], [ 0.79636314, 9.40575021 ], [ 0.84614418, 9.40537417 ], [ 0.86330094, 9.41322372 ], [ 0.88745494, 9.39286681 ], [ 0.94072981, 9.38697139 ] ] ] } },
{ "type": "Feature", "properties": { "canton_id": "D02085259", "canton": "Manga", "commune": "Bassar 3", "prefecture": "Bassar", "region": "Kara", "population": 7794, "densite_hab_km2": 73.9, "n_agences": 0, "n_mobile_money": 10, "n_mm_togocom": 10, "n_mm_moov": 7, "n_mm_multi": 7, "mm_pour_10k": 12.8, "agences_pour_100k": 0.0, "habitants_par_mm": 779.0, "couverture_mobile_pct": 100.0, "mm_1km_pct": 28.24, "togocom_5km_pct": 0.0, "n_banques": 0, "n_microfinance": 0, "n_postes": 0, "n_distributeurs": 0, "n_marches": 1, "n_ecoles": 9, "n_superieur": 0, "habitants_pres_marche": 1879, "habitants_pres_ecole": 3927, "indice_acces": 53.8, "distance_route_km": 0.12 }, "geometry": { "type": "Polygon", "coordinates": [ [ [ 0.76900472, 9.59557735 ], [ 0.76570433, 9.57008254 ], [ 0.77469063, 9.55650029 ], [ 0.77747397, 9.52364465 ], [ 0.75645483, 9.50290306 ], [ 0.69880585, 9.49153814 ], [ 0.68521986, 9.50586287 ], [ 0.68115465, 9.53419648 ], [ 0.65925626, 9.56867051 ], [ 0.66137202, 9.5802675 ], [ 0.6682413, 9.58618622 ], [ 0.68591493, 9.58004834 ], [ 0.71710451, 9.58990737 ], [ 0.73740101, 9.58756975 ], [ 0.75966409, 9.60086813 ], [ 0.76900472, 9.59557735 ] ] ] } },
{ "type": "Feature", "properties": { "canton_id": "D02084258", "canton": "Bangeli", "commune": "Bassar 2", "prefecture": "Bassar", "region": "Kara", "population": 14226, "densite_hab_km2": 53.1, "n_agences": 0, "n_mobile_money": 40, "n_mm_togocom": 23, "n_mm_moov": 16, "n_mm_multi": 16, "mm_pour_10k": 28.1, "agences_pour_100k": 0.0, "habitants_par_mm": 356.0, "couverture_mobile_pct": 100.0, "mm_1km_pct": 42.43, "togocom_5km_pct": 0.0, "n_banques": 1, "n_microfinance": 1, "n_postes": 1, "n_distributeurs": 0, "n_marches": 4, "n_ecoles": 24, "n_superieur": 0, "habitants_pres_marche": 8385, "habitants_pres_ecole": 9564, "indice_acces": 64.0, "distance_route_km": 1.06 }, "geometry": { "type": "Polygon", "coordinates": [ [ [ 0.68528936, 9.5057896 ], [ 0.69880585, 9.49153814 ], [ 0.73057276, 9.50057711 ], [ 0.7146664, 9.47709496 ], [ 0.71698687, 9.46994688 ], [ 0.73201226, 9.46955378 ], [ 0.73286609, 9.44483124 ], [ 0.75698449, 9.42889285 ], [ 0.75253778, 9.41355642 ], [ 0.77518342, 9.39564408 ], [ 0.78880358, 9.36707531 ], [ 0.74330115, 9.34085083 ], [ 0.73512536, 9.35364149 ], [ 0.71630221, 9.35181246 ], [ 0.6982535, 9.36305626 ], [ 0.68198001, 9.35287114 ], [ 0.66667009, 9.35311244 ], [ 0.65816096, 9.34092016 ], [ 0.58743952, 9.36772368 ], [ 0.55488234, 9.36325604 ], [ 0.56686717, 9.40564321 ], [ 0.55664779, 9.41202662 ], [ 0.64586587, 9.46741368 ], [ 0.68528936, 9.5057896 ] ] ] } },
{ "type": "Feature", "properties": { "canton_id": "D02084257", "canton": "Bitchabe", "commune": "Bassar 2", "prefecture": "Bassar", "region": "Kara", "population": 4792, "densite_hab_km2": 28.3, "n_agences": 0, "n_mobile_money": 4, "n_mm_togocom": 2, "n_mm_moov": 1, "n_mm_multi": 1, "mm_pour_10k": 8.3, "agences_pour_100k": 0.0, "habitants_par_mm": 1198.0, "couverture_mobile_pct": 92.4, "mm_1km_pct": 44.11, "togocom_5km_pct": 0.0, "n_banques": 0, "n_microfinance": 0, "n_postes": 0, "n_distributeurs": 0, "n_marches": 3, "n_ecoles": 12, "n_superieur": 0, "habitants_pres_marche": 5125, "habitants_pres_ecole": 5209, "indice_acces": 34.8, "distance_route_km": 0.27 }, "geometry": { "type": "Polygon", "coordinates": [ [ [ 0.58743952, 9.36772368 ], [ 0.65816096, 9.34092016 ], [ 0.63228708, 9.26757126 ], [ 0.63830127, 9.25963906 ], [ 0.64277192, 9.21009996 ], [ 0.61396516, 9.21140494 ], [ 0.59849377, 9.24272161 ], [ 0.51526532, 9.23797991 ], [ 0.50570333, 9.25510358 ], [ 0.53861301, 9.30634827 ], [ 0.55297745, 9.30436995 ], [ 0.55510158, 9.31663418 ], [ 0.54520311, 9.34043919 ], [ 0.55488234, 9.36325604 ], [ 0.58743952, 9.36772368 ] ] ] } },
{ "type": "Feature", "properties": { "canton_id": "D03088271", "canton": "Kémérida", "commune": "Binah 2", "prefecture": "Binah", "region": "Kara", "population": 5183, "densite_hab_km2": 220.7, "n_agences": 0, "n_mobile_money": 9, "n_mm_togocom": 8, "n_mm_moov": 5, "n_mm_multi": 5, "mm_pour_10k": 17.4, "agences_pour_100k": 0.0, "habitants_par_mm": 576.0, "couverture_mobile_pct": 100.0, "mm_1km_pct": 83.81, "togocom_5km_pct": 0.0, "n_banques": 0, "n_microfinance": 0, "n_postes": 0, "n_distributeurs": 0, "n_marches": 2, "n_ecoles": 5, "n_superieur": 0, "habitants_pres_marche": 5283, "habitants_pres_ecole": 5440, "indice_acces": 57.6, "distance_route_km": 0.7 }, "geometry": { "type": "Polygon", "coordinates": [ [ [ 1.33362222, 9.68096295 ], [ 1.34706685, 9.68765009 ], [ 1.36038539, 9.68232594 ], [ 1.36600944, 9.66222952 ], [ 1.362484, 9.60118316 ], [ 1.33832944, 9.60606762 ], [ 1.34098991, 9.65365564 ], [ 1.33362222, 9.68096295 ] ] ] } },
{ "type": "Feature", "properties": { "canton_id": "D02085260", "canton": "Kabou", "commune": "Bassar 3", "prefecture": "Bassar", "region": "Kara", "population": 25700, "densite_hab_km2": 57.8, "n_agences": 1, "n_mobile_money": 70, "n_mm_togocom": 60, "n_mm_moov": 24, "n_mm_multi": 24, "mm_pour_10k": 27.2, "agences_pour_100k": 3.89, "habitants_par_mm": 367.0, "couverture_mobile_pct": 99.51, "mm_1km_pct": 68.37, "togocom_5km_pct": 67.52, "n_banques": 1, "n_microfinance": 2, "n_postes": 1, "n_distributeurs": 1, "n_marches": 3, "n_ecoles": 36, "n_superieur": 0, "habitants_pres_marche": 21774, "habitants_pres_ecole": 22276, "indice_acces": 69.3, "distance_route_km": 3.7 }, "geometry": { "type": "Polygon", "coordinates": [ [ [ 0.92017059, 9.64738979 ], [ 0.91989423, 9.63394338 ], [ 0.93128134, 9.62242697 ], [ 0.94705108, 9.63255446 ], [ 0.9672107, 9.61340825 ], [ 0.98965184, 9.60394791 ], [ 1.00099297, 9.60592877 ], [ 1.0115022, 9.59763836 ], [ 1.00904625, 9.58421302 ], [ 0.99759983, 9.56633633 ], [ 0.92316591, 9.56746627 ], [ 0.91529674, 9.54053787 ], [ 0.89705767, 9.52083695 ], [ 0.85211135, 9.51577929 ], [ 0.8527315, 9.48992793 ], [ 0.88366749, 9.45913514 ], [ 0.86330094, 9.41322372 ], [ 0.84614418, 9.40537417 ], [ 0.79636314, 9.40575021 ], [ 0.79159092, 9.39865885 ], [ 0.77518342, 9.39564408 ], [ 0.75253778, 9.41355642 ], [ 0.75698449, 9.42889285 ], [ 0.73286609, 9.44483124 ], [ 0.73201226, 9.46955378 ], [ 0.71698687, 9.46994688 ], [ 0.7146664, 9.47709496 ], [ 0.73057276, 9.50057711 ], [ 0.75645483, 9.50290306 ], [ 0.77747397, 9.52364465 ], [ 0.77469063, 9.55650029 ], [ 0.76570433, 9.57008254 ], [ 0.76900472, 9.59557735 ], [ 0.78365987, 9.59321759 ], [ 0.80250132, 9.60181095 ], [ 0.82087919, 9.64043104 ], [ 0.84472707, 9.63591024 ], [ 0.85764473, 9.66149147 ], [ 0.87862042, 9.67912536 ], [ 0.90117011, 9.67360904 ], [ 0.90380536, 9.66050658 ], [ 0.91992342, 9.6586367 ], [ 0.92017059, 9.64738979 ] ] ] } },
{ "type": "Feature", "properties": { "canton_id": "D02086261", "canton": "Sanda-Afohou", "commune": "Bassar 4", "prefecture": "Bassar", "region": "Kara", "population": 4094, "densite_hab_km2": 38.0, "n_agences": 0, "n_mobile_money": 12, "n_mm_togocom": 10, "n_mm_moov": 6, "n_mm_multi": 6, "mm_pour_10k": 29.3, "agences_pour_100k": 0.0, "habitants_par_mm": 341.0, "couverture_mobile_pct": 100.0, "mm_1km_pct": 77.53, "togocom_5km_pct": 0.0, "n_banques": 0, "n_microfinance": 0, "n_postes": 0, "n_distributeurs": 0, "n_marches": 1, "n_ecoles": 11, "n_superieur": 0, "habitants_pres_marche": 3337, "habitants_pres_ecole": 3576, "indice_acces": 64.1, "distance_route_km": 0.01 }, "geometry": { "type": "Polygon", "coordinates": [ [ [ 0.99759983, 9.56633633 ], [ 0.9913089, 9.55028331 ], [ 0.99343683, 9.53546071 ], [ 0.9845194, 9.52141441 ], [ 0.98692458, 9.47785832 ], [ 0.97325026, 9.46242952 ], [ 0.96633268, 9.425642 ], [ 0.94385864, 9.39929214 ], [ 0.91998577, 9.41937178 ], [ 0.93434171, 9.45499473 ], [ 0.92927638, 9.49619848 ], [ 0.91529674, 9.54053787 ], [ 0.92316591, 9.56746627 ], [ 0.99759983, 9.56633633 ] ] ] } },
{ "type": "Feature", "properties": { "canton_id": "D02086262", "canton": "Sanda-Kagbanda", "commune": "Bassar 4", "prefecture": "Bassar", "region": "Kara", "population": 4774, "densite_hab_km2": 48.1, "n_agences": 0, "n_mobile_money": 17, "n_mm_togocom": 11, "n_mm_moov": 9, "n_mm_multi": 9, "mm_pour_10k": 35.6, "agences_pour_100k": 0.0, "habitants_par_mm": 281.0, "couverture_mobile_pct": 100.0, "mm_1km_pct": 73.91, "togocom_5km_pct": 0.0, "n_banques": 0, "n_microfinance": 0, "n_postes": 0, "n_distributeurs": 0, "n_marches": 2, "n_ecoles": 9, "n_superieur": 0, "habitants_pres_marche": 3646, "habitants_pres_ecole": 3478, "indice_acces": 66.3, "distance_route_km": 0.28 }, "geometry": { "type": "Polygon", "coordinates": [ [ [ 0.94072981, 9.38697139 ], [ 0.88745494, 9.39286681 ], [ 0.86330094, 9.41322372 ], [ 0.88366749, 9.45913514 ], [ 0.8527315, 9.48992793 ], [ 0.85211135, 9.51577929 ], [ 0.89705767, 9.52083695 ], [ 0.91529674, 9.54053787 ], [ 0.92927638, 9.49619848 ], [ 0.93434171, 9.45499473 ], [ 0.91998577, 9.41937178 ], [ 0.94183405, 9.40003774 ], [ 0.94072981, 9.38697139 ] ] ] } },
{ "type": "Feature", "properties": { "canton_id": "D03087263", "canton": "Solla", "commune": "Binah 1", "prefecture": "Binah", "region": "Kara", "population": 6685, "densite_hab_km2": 92.0, "n_agences": 0, "n_mobile_money": 12, "n_mm_togocom": 11, "n_mm_moov": 9, "n_mm_multi": 8, "mm_pour_10k": 18.0, "agences_pour_100k": 0.0, "habitants_par_mm": 557.0, "couverture_mobile_pct": 68.72, "mm_1km_pct": 35.58, "togocom_5km_pct": 0.0, "n_banques": 0, "n_microfinance": 0, "n_postes": 0, "n_distributeurs": 0, "n_marches": 2, "n_ecoles": 9, "n_superieur": 0, "habitants_pres_marche": 8230, "habitants_pres_ecole": 7290, "indice_acces": 42.6, "distance_route_km": 0.43 }, "geometry": { "type": "Polygon", "coordinates": [ [ [ 1.33357321, 10.01182435 ], [ 1.35327524, 10.00036417 ], [ 1.3550708, 9.87695348 ], [ 1.32381512, 9.87662847 ], [ 1.28864648, 9.88954178 ], [ 1.30107448, 9.90932692 ], [ 1.30978623, 9.96660647 ], [ 1.33357321, 10.01182435 ] ] ] } },
{ "type": "Feature", "properties": { "canton_id": "D03087264", "canton": "Pessaré", "commune": "Binah 1", "prefecture": "Binah", "region": "Kara", "population": 3528, "densite_hab_km2": 104.7, "n_agences": 0, "n_mobile_money": 7, "n_mm_togocom": 7, "n_mm_moov": 4, "n_mm_multi": 4, "mm_pour_10k": 19.8, "agences_pour_100k": 0.0, "habitants_par_mm": 504.0, "couverture_mobile_pct": 100.0, "mm_1km_pct": 62.38, "togocom_5km_pct": 0.0, "n_banques": 0, "n_microfinance": 0, "n_postes": 0, "n_distributeurs": 0, "n_marches": 1, "n_ecoles": 6, "n_superieur": 0, "habitants_pres_marche": 5643, "habitants_pres_ecole": 5544, "indice_acces": 59.0, "distance_route_km": 0.3 }, "geometry": { "type": "Polygon", "coordinates": [ [ [ 1.22439901, 9.81636185 ], [ 1.28430898, 9.81282202 ], [ 1.28613776, 9.80061279 ], [ 1.3029226, 9.78634246 ], [ 1.28328017, 9.7783402 ], [ 1.20865917, 9.78077227 ], [ 1.22439901, 9.81636185 ] ] ] } },
{ "type": "Feature", "properties": { "canton_id": "D03087265", "canton": "Boufalé", "commune": "Binah 1", "prefecture": "Binah", "region": "Kara", "population": 6885, "densite_hab_km2": 81.5, "n_agences": 0, "n_mobile_money": 5, "n_mm_togocom": 5, "n_mm_moov": 3, "n_mm_multi": 3, "mm_pour_10k": 7.3, "agences_pour_100k": 0.0, "habitants_par_mm": 1377.0, "couverture_mobile_pct": 100.0, "mm_1km_pct": 30.29, "togocom_5km_pct": 0.0, "n_banques": 0, "n_microfinance": 0, "n_postes": 0, "n_distributeurs": 0, "n_marches": 0, "n_ecoles": 9, "n_superieur": 0, "habitants_pres_marche": 4417, "habitants_pres_ecole": 3728, "indice_acces": 46.3, "distance_route_km": 0.73 }, "geometry": { "type": "Polygon", "coordinates": [ [ [ 1.3550708, 9.87695348 ], [ 1.35994119, 9.82315109 ], [ 1.32276315, 9.80656341 ], [ 1.31393522, 9.82313869 ], [ 1.29703057, 9.82681362 ], [ 1.28177042, 9.82062726 ], [ 1.28430898, 9.81282202 ], [ 1.22439901, 9.81636185 ], [ 1.246942, 9.86735318 ], [ 1.25580867, 9.85792309 ], [ 1.27955061, 9.8734593 ], [ 1.28864648, 9.88954178 ], [ 1.32381512, 9.87662847 ], [ 1.3550708, 9.87695348 ] ] ] } },
{ "type": "Feature", "properties": { "canton_id": "D03087266", "canton": "Pitikita", "commune": "Binah 1", "prefecture": "Binah", "region": "Kara", "population": 4008, "densite_hab_km2": 97.5, "n_agences": 0, "n_mobile_money": 2, "n_mm_togocom": 2, "n_mm_moov": 0, "n_mm_multi": 0, "mm_pour_10k": 5.0, "agences_pour_100k": 0.0, "habitants_par_mm": 2004.0, "couverture_mobile_pct": 100.0, "mm_1km_pct": 16.41, "togocom_5km_pct": 0.0, "n_banques": 0, "n_microfinance": 0, "n_postes": 0, "n_distributeurs": 0, "n_marches": 1, "n_ecoles": 8, "n_superieur": 0, "habitants_pres_marche": 4843, "habitants_pres_ecole": 4460, "indice_acces": 43.5, "distance_route_km": 0.82 }, "geometry": { "type": "Polygon", "coordinates": [ [ [ 1.30027323, 9.78106678 ], [ 1.29951614, 9.75317289 ], [ 1.28422931, 9.74438098 ], [ 1.25853915, 9.74886472 ], [ 1.22635073, 9.74425585 ], [ 1.21172741, 9.73132286 ], [ 1.19159821, 9.75638705 ], [ 1.20155396, 9.76322546 ], [ 1.20865917, 9.78077227 ], [ 1.30027323, 9.78106678 ] ] ] } },
{ "type": "Feature", "properties": { "canton_id": "D03087267", "canton": "Lama-Dessi", "commune": "Binah 1", "prefecture": "Binah", "region": "Kara", "population": 5154, "densite_hab_km2": 110.1, "n_agences": 0, "n_mobile_money": 12, "n_mm_togocom": 12, "n_mm_moov": 5, "n_mm_multi": 5, "mm_pour_10k": 23.3, "agences_pour_100k": 0.0, "habitants_par_mm": 430.0, "couverture_mobile_pct": 100.0, "mm_1km_pct": 73.53, "togocom_5km_pct": 0.0, "n_banques": 0, "n_microfinance": 0, "n_postes": 0, "n_distributeurs": 0, "n_marches": 1, "n_ecoles": 7, "n_superieur": 0, "habitants_pres_marche": 7485, "habitants_pres_ecole": 7080, "indice_acces": 61.0, "distance_route_km": 1.38 }, "geometry": { "type": "Polygon", "coordinates": [ [ [ 1.28422931, 9.74438098 ], [ 1.29501075, 9.72444098 ], [ 1.31081186, 9.71648757 ], [ 1.29467566, 9.67859444 ], [ 1.23195321, 9.70988687 ], [ 1.21172741, 9.73132286 ], [ 1.22635073, 9.74425585 ], [ 1.25853915, 9.74886472 ], [ 1.28422931, 9.74438098 ] ] ] } },
{ "type": "Feature", "properties": { "canton_id": "D03087268", "canton": "Pagouda", "commune": "Binah 1", "prefecture": "Binah", "region": "Kara", "population": 22649, "densite_hab_km2": 215.4, "n_agences": 0, "n_mobile_money": 47, "n_mm_togocom": 45, "n_mm_moov": 31, "n_mm_multi": 31, "mm_pour_10k": 20.8, "agences_pour_100k": 0.0, "habitants_par_mm": 482.0, "couverture_mobile_pct": 100.0, "mm_1km_pct": 76.75, "togocom_5km_pct": 0.0, "n_banques": 1, "n_microfinance": 1, "n_postes": 1, "n_distributeurs": 0, "n_marches": 7, "n_ecoles": 21, "n_superieur": 0, "habitants_pres_marche": 15392, "habitants_pres_ecole": 14986, "indice_acces": 59.8, "distance_route_km": 0.03 }, "geometry": { "type": "Polygon", "coordinates": [ [ [ 1.35991596, 9.82314024 ], [ 1.36038539, 9.68232594 ], [ 1.34706685, 9.68765009 ], [ 1.33362222, 9.68096295 ], [ 1.29467566, 9.67859444 ], [ 1.31081186, 9.71648757 ], [ 1.29501075, 9.72444098 ], [ 1.28422931, 9.74438098 ], [ 1.29951614, 9.75317289 ], [ 1.3029226, 9.78634246 ], [ 1.28613776, 9.80061279 ], [ 1.28177042, 9.82062726 ], [ 1.29703057, 9.82681362 ], [ 1.31393522, 9.82313869 ], [ 1.32276315, 9.80656341 ], [ 1.35991596, 9.82314024 ] ] ] } },
{ "type": "Feature", "properties": { "canton_id": "D03088269", "canton": "Sirka", "commune": "Binah 2", "prefecture": "Binah", "region": "Kara", "population": 5900, "densite_hab_km2": 58.0, "n_agences": 0, "n_mobile_money": 11, "n_mm_togocom": 9, "n_mm_moov": 6, "n_mm_multi": 6, "mm_pour_10k": 18.6, "agences_pour_100k": 0.0, "habitants_par_mm": 536.0, "couverture_mobile_pct": 100.0, "mm_1km_pct": 41.73, "togocom_5km_pct": 0.0, "n_banques": 0, "n_microfinance": 0, "n_postes": 0, "n_distributeurs": 0, "n_marches": 5, "n_ecoles": 12, "n_superieur": 0, "habitants_pres_marche": 6523, "habitants_pres_ecole": 7054, "indice_acces": 58.3, "distance_route_km": 3.33 }, "geometry": { "type": "Polygon", "coordinates": [ [ [ 1.33832944, 9.60606762 ], [ 1.362484, 9.60118316 ], [ 1.33785627, 9.55171999 ], [ 1.35878099, 9.500555 ], [ 1.35954443, 9.4829036 ], [ 1.32686026, 9.4931456 ], [ 1.31309321, 9.5179449 ], [ 1.28936549, 9.52546711 ], [ 1.27793475, 9.52071652 ], [ 1.27177849, 9.53185369 ], [ 1.26407874, 9.52458587 ], [ 1.25174046, 9.53645553 ], [ 1.25459992, 9.55454247 ], [ 1.26317405, 9.56060786 ], [ 1.27390368, 9.58521821 ], [ 1.27441079, 9.59882153 ], [ 1.29191606, 9.61544787 ], [ 1.33832944, 9.60606762 ] ] ] } },
{ "type": "Feature", "properties": { "canton_id": "D03088270", "canton": "Kétao", "commune": "Binah 2", "prefecture": "Binah", "region": "Kara", "population": 17310, "densite_hab_km2": 429.9, "n_agences": 0, "n_mobile_money": 99, "n_mm_togocom": 95, "n_mm_moov": 59, "n_mm_multi": 58, "mm_pour_10k": 57.2, "agences_pour_100k": 0.0, "habitants_par_mm": 175.0, "couverture_mobile_pct": 100.0, "mm_1km_pct": 94.76, "togocom_5km_pct": 0.0, "n_banques": 3, "n_microfinance": 4, "n_postes": 1, "n_distributeurs": 1, "n_marches": 1, "n_ecoles": 17, "n_superieur": 0, "habitants_pres_marche": 13392, "habitants_pres_ecole": 13355, "indice_acces": 69.9, "distance_route_km": 0.34 }, "geometry": { "type": "Polygon", "coordinates": [ [ [ 1.29467566, 9.67859444 ], [ 1.33362222, 9.68096295 ], [ 1.34098991, 9.65365564 ], [ 1.33832944, 9.60606762 ], [ 1.29191606, 9.61544787 ], [ 1.28839264, 9.64649104 ], [ 1.29467566, 9.67859444 ] ] ] } },
{ "type": "Feature", "properties": { "canton_id": "D04089272", "canton": "Naompoch", "commune": "Dankpen 1", "prefecture": "Dankpen", "region": "Kara", "population": 12386, "densite_hab_km2": 79.6, "n_agences": 0, "n_mobile_money": 8, "n_mm_togocom": 6, "n_mm_moov": 6, "n_mm_multi": 5, "mm_pour_10k": 6.5, "agences_pour_100k": 0.0, "habitants_par_mm": 1548.0, "couverture_mobile_pct": 91.25, "mm_1km_pct": 37.02, "togocom_5km_pct": 0.0, "n_banques": 0, "n_microfinance": 0, "n_postes": 0, "n_distributeurs": 0, "n_marches": 2, "n_ecoles": 10, "n_superieur": 0, "habitants_pres_marche": 7119, "habitants_pres_ecole": 10210, "indice_acces": 32.1, "distance_route_km": 0.67 }, "geometry": { "type": "Polygon", "coordinates": [ [ [ 0.66184772, 9.88947197 ], [ 0.67429919, 9.89973148 ], [ 0.68141224, 9.89653476 ], [ 0.6763201, 9.86720777 ], [ 0.70120068, 9.85689987 ], [ 0.72553605, 9.8180132 ], [ 0.71868415, 9.77962218 ], [ 0.69708267, 9.78540598 ], [ 0.63387678, 9.74286383 ], [ 0.60286827, 9.74478256 ], [ 0.60585505, 9.8086472 ], [ 0.59520184, 9.82906987 ], [ 0.62034533, 9.85354691 ], [ 0.62775139, 9.87170608 ], [ 0.62228163, 9.88491836 ], [ 0.62592723, 9.89391095 ], [ 0.64506897, 9.90184232 ], [ 0.65262376, 9.88850694 ], [ 0.66184772, 9.88947197 ] ] ] } },
{ "type": "Feature", "properties": { "canton_id": "D05092291", "canton": "Koka", "commune": "Doufelgou 1", "prefecture": "Doufelgou", "region": "Kara", "population": 3552, "densite_hab_km2": 106.1, "n_agences": 0, "n_mobile_money": 6, "n_mm_togocom": 5, "n_mm_moov": 6, "n_mm_multi": 5, "mm_pour_10k": 16.9, "agences_pour_100k": 0.0, "habitants_par_mm": 592.0, "couverture_mobile_pct": 100.0, "mm_1km_pct": 86.5, "togocom_5km_pct": 65.19, "n_banques": 0, "n_microfinance": 0, "n_postes": 0, "n_distributeurs": 0, "n_marches": 3, "n_ecoles": 2, "n_superieur": 1, "habitants_pres_marche": 4610, "habitants_pres_ecole": 4290, "indice_acces": 57.2, "distance_route_km": 1.46 }, "geometry": { "type": "Polygon", "coordinates": [ [ [ 1.11351771, 9.78438045 ], [ 1.12753305, 9.80369589 ], [ 1.1614186, 9.80887869 ], [ 1.16236409, 9.78897138 ], [ 1.18321675, 9.78642308 ], [ 1.19159821, 9.75638705 ], [ 1.15305813, 9.75546069 ], [ 1.12166487, 9.76641673 ], [ 1.11351771, 9.78438045 ] ] ] } },
{ "type": "Feature", "properties": { "canton_id": "D04089273", "canton": "Katchamba", "commune": "Dankpen 1", "prefecture": "Dankpen", "region": "Kara", "population": 8279, "densite_hab_km2": 58.4, "n_agences": 0, "n_mobile_money": 7, "n_mm_togocom": 6, "n_mm_moov": 6, "n_mm_multi": 6, "mm_pour_10k": 8.5, "agences_pour_100k": 0.0, "habitants_par_mm": 1183.0, "couverture_mobile_pct": 24.18, "mm_1km_pct": 32.83, "togocom_5km_pct": 0.0, "n_banques": 0, "n_microfinance": 0, "n_postes": 0, "n_distributeurs": 0, "n_marches": 2, "n_ecoles": 11, "n_superieur": 0, "habitants_pres_marche": 5133, "habitants_pres_ecole": 7484, "indice_acces": 31.0, "distance_route_km": 0.15 }, "geometry": { "type": "Polygon", "coordinates": [ [ [ 0.50642831, 9.95309376 ], [ 0.53640869, 9.95275286 ], [ 0.51574391, 9.92292567 ], [ 0.53770088, 9.917303 ], [ 0.55596599, 9.89160579 ], [ 0.56642774, 9.88733183 ], [ 0.60602997, 9.89474443 ], [ 0.62235721, 9.88575506 ], [ 0.62775139, 9.87170608 ], [ 0.62034533, 9.85354691 ], [ 0.59520184, 9.82906987 ], [ 0.58964157, 9.84383364 ], [ 0.53960095, 9.82284982 ], [ 0.51930964, 9.85162084 ], [ 0.49511051, 9.85926433 ], [ 0.49966707, 9.88892796 ], [ 0.46259223, 9.89033861 ], [ 0.47110918, 9.91905463 ], [ 0.43601689, 9.94332036 ], [ 0.43621708, 9.96889166 ], [ 0.45337156, 9.9690974 ], [ 0.45251848, 9.95762548 ], [ 0.46913352, 9.95112359 ], [ 0.48658647, 9.9578708 ], [ 0.50642831, 9.95309376 ] ] ] } },
{ "type": "Feature", "properties": { "canton_id": "D04089274", "canton": "Guérin-Kouka", "commune": "Dankpen 1", "prefecture": "Dankpen", "region": "Kara", "population": 59560, "densite_hab_km2": 213.5, "n_agences": 1, "n_mobile_money": 96, "n_mm_togocom": 78, "n_mm_moov": 49, "n_mm_multi": 48, "mm_pour_10k": 16.1, "agences_pour_100k": 1.68, "habitants_par_mm": 620.0, "couverture_mobile_pct": 99.95, "mm_1km_pct": 58.65, "togocom_5km_pct": 66.54, "n_banques": 3, "n_microfinance": 4, "n_postes": 1, "n_distributeurs": 0, "n_marches": 1, "n_ecoles": 32, "n_superieur": 0, "habitants_pres_marche": 34366, "habitants_pres_ecole": 39574, "indice_acces": 61.3, "distance_route_km": 0.0 }, "geometry": { "type": "Polygon", "coordinates": [ [ [ 0.60326181, 9.76199534 ], [ 0.60286827, 9.74478256 ], [ 0.63387678, 9.74286383 ], [ 0.67770751, 9.76885274 ], [ 0.68906567, 9.74922122 ], [ 0.6894192, 9.73538645 ], [ 0.67955084, 9.69312494 ], [ 0.7238998, 9.67838893 ], [ 0.70062018, 9.65810518 ], [ 0.69167733, 9.63813118 ], [ 0.62794402, 9.62638612 ], [ 0.61928782, 9.65145498 ], [ 0.58420889, 9.64599535 ], [ 0.50563746, 9.67553954 ], [ 0.46172789, 9.66929189 ], [ 0.40636566, 9.67338758 ], [ 0.39879142, 9.68216951 ], [ 0.39571839, 9.69346882 ], [ 0.40852241, 9.69196756 ], [ 0.43114385, 9.70161898 ], [ 0.48097898, 9.69855214 ], [ 0.50782553, 9.71889705 ], [ 0.5166422, 9.73828021 ], [ 0.53382274, 9.74148641 ], [ 0.57380549, 9.77202692 ], [ 0.58095778, 9.77438914 ], [ 0.60326181, 9.76199534 ] ] ] } },
{ "type": "Feature", "properties": { "canton_id": "D04090276", "canton": "Namon", "commune": "Dankpen 2", "prefecture": "Dankpen", "region": "Kara", "population": 12204, "densite_hab_km2": 112.9, "n_agences": 0, "n_mobile_money": 10, "n_mm_togocom": 8, "n_mm_moov": 2, "n_mm_multi": 1, "mm_pour_10k": 8.2, "agences_pour_100k": 0.0, "habitants_par_mm": 1220.0, "couverture_mobile_pct": 9.19, "mm_1km_pct": 50.76, "togocom_5km_pct": 0.0, "n_banques": 0, "n_microfinance": 0, "n_postes": 0, "n_distributeurs": 0, "n_marches": 1, "n_ecoles": 8, "n_superieur": 0, "habitants_pres_marche": 8893, "habitants_pres_ecole": 8093, "indice_acces": 29.2, "distance_route_km": 0.15 }, "geometry": { "type": "Polygon", "coordinates": [ [ [ 0.87862042, 9.67912536 ], [ 0.85289729, 9.65322167 ], [ 0.79652192, 9.65811283 ], [ 0.75672533, 9.7465739 ], [ 0.8598271, 9.75352478 ], [ 0.87228396, 9.73929701 ], [ 0.86294895, 9.72755829 ], [ 0.87862042, 9.67912536 ] ] ] } },
{ "type": "Feature", "properties": { "canton_id": "D04090278", "canton": "Natchitikpi", "commune": "Dankpen 2", "prefecture": "Dankpen", "region": "Kara", "population": 14963, "densite_hab_km2": 145.8, "n_agences": 0, "n_mobile_money": 7, "n_mm_togocom": 6, "n_mm_moov": 4, "n_mm_multi": 4, "mm_pour_10k": 4.7, "agences_pour_100k": 0.0, "habitants_par_mm": 2138.0, "couverture_mobile_pct": 100.0, "mm_1km_pct": 26.67, "togocom_5km_pct": 0.0, "n_banques": 0, "n_microfinance": 0, "n_postes": 0, "n_distributeurs": 0, "n_marches": 1, "n_ecoles": 8, "n_superieur": 0, "habitants_pres_marche": 4023, "habitants_pres_ecole": 4531, "indice_acces": 43.2, "distance_route_km": 0.26 }, "geometry": { "type": "Polygon", "coordinates": [ [ [ 0.79652192, 9.65811283 ], [ 0.76364057, 9.65712452 ], [ 0.70558314, 9.68817523 ], [ 0.67955084, 9.69312494 ], [ 0.6894192, 9.73538645 ], [ 0.68906567, 9.74922122 ], [ 0.67770751, 9.76885274 ], [ 0.70258921, 9.78608388 ], [ 0.73994581, 9.77582818 ], [ 0.73563898, 9.74415248 ], [ 0.75672533, 9.7465739 ], [ 0.79652192, 9.65811283 ] ] ] } },
{ "type": "Feature", "properties": { "canton_id": "D04089275", "canton": "Koulféikou", "commune": "Dankpen 1", "prefecture": "Dankpen", "region": "Kara", "population": 9244, "densite_hab_km2": 62.5, "n_agences": 0, "n_mobile_money": 11, "n_mm_togocom": 8, "n_mm_moov": 8, "n_mm_multi": 5, "mm_pour_10k": 11.9, "agences_pour_100k": 0.0, "habitants_par_mm": 840.0, "couverture_mobile_pct": 0.0, "mm_1km_pct": 73.35, "togocom_5km_pct": 0.0, "n_banques": 0, "n_microfinance": 0, "n_postes": 0, "n_distributeurs": 0, "n_marches": 1, "n_ecoles": 9, "n_superieur": 0, "habitants_pres_marche": 12620, "habitants_pres_ecole": 14801, "indice_acces": 31.9, "distance_route_km": 0.73 }, "geometry": { "type": "Polygon", "coordinates": [ [ [ 0.37857596, 10.02628301 ], [ 0.40265715, 10.01991167 ], [ 0.42705624, 10.02789284 ], [ 0.43601689, 9.94332036 ], [ 0.47110918, 9.91905463 ], [ 0.46259223, 9.89033861 ], [ 0.42675208, 9.88979999 ], [ 0.42853855, 9.87523656 ], [ 0.35529268, 9.86790973 ], [ 0.35485772, 9.92145249 ], [ 0.36120746, 9.93029001 ], [ 0.38746259, 9.93889752 ], [ 0.38672293, 9.9502935 ], [ 0.36992702, 9.96461156 ], [ 0.35793152, 9.99464624 ], [ 0.36461144, 10.01521651 ], [ 0.36163474, 10.03195683 ], [ 0.37857596, 10.02628301 ] ] ] } },
{ "type": "Feature", "properties": { "canton_id": "D04090277", "canton": "Natchiboré", "commune": "Dankpen 2", "prefecture": "Dankpen", "region": "Kara", "population": 17382, "densite_hab_km2": 86.0, "n_agences": 0, "n_mobile_money": 6, "n_mm_togocom": 5, "n_mm_moov": 4, "n_mm_multi": 4, "mm_pour_10k": 3.5, "agences_pour_100k": 0.0, "habitants_par_mm": 2897.0, "couverture_mobile_pct": 21.62, "mm_1km_pct": 33.58, "togocom_5km_pct": 0.0, "n_banques": 0, "n_microfinance": 0, "n_postes": 0, "n_distributeurs": 0, "n_marches": 0, "n_ecoles": 11, "n_superieur": 0, "habitants_pres_marche": 2922, "habitants_pres_ecole": 9038, "indice_acces": 24.4, "distance_route_km": 1.17 }, "geometry": { "type": "Polygon", "coordinates": [ [ [ 0.70120068, 9.85689987 ], [ 0.70698205, 9.86108906 ], [ 0.74808415, 9.84615628 ], [ 0.74851523, 9.86294617 ], [ 0.76112113, 9.85988612 ], [ 0.76126483, 9.87337543 ], [ 0.77493929, 9.88281963 ], [ 0.7733587, 9.89795924 ], [ 0.79361893, 9.90011177 ], [ 0.81028687, 9.88224561 ], [ 0.82764845, 9.88317178 ], [ 0.83641352, 9.89221248 ], [ 0.84898634, 9.88611359 ], [ 0.84167119, 9.87797471 ], [ 0.85007084, 9.86433676 ], [ 0.84767129, 9.84849037 ], [ 0.83692251, 9.84700056 ], [ 0.84111863, 9.84385753 ], [ 0.83610845, 9.83297639 ], [ 0.84030837, 9.82580496 ], [ 0.86660223, 9.81486724 ], [ 0.85868525, 9.79298957 ], [ 0.86202402, 9.77991316 ], [ 0.85424598, 9.77288674 ], [ 0.8598271, 9.75352478 ], [ 0.77839555, 9.75185411 ], [ 0.73563898, 9.74415248 ], [ 0.73994581, 9.77582818 ], [ 0.71868415, 9.77962218 ], [ 0.72553605, 9.8180132 ], [ 0.70120068, 9.85689987 ] ] ] } },
{ "type": "Feature", "properties": { "canton_id": "D04091281", "canton": "Bapuré", "commune": "Dankpen 3", "prefecture": "Dankpen", "region": "Kara", "population": 22690, "densite_hab_km2": 95.3, "n_agences": 0, "n_mobile_money": 20, "n_mm_togocom": 10, "n_mm_moov": 6, "n_mm_multi": 5, "mm_pour_10k": 8.8, "agences_pour_100k": 0.0, "habitants_par_mm": 1134.0, "couverture_mobile_pct": 100.0, "mm_1km_pct": 44.65, "togocom_5km_pct": 0.0, "n_banques": 0, "n_microfinance": 0, "n_postes": 1, "n_distributeurs": 0, "n_marches": 2, "n_ecoles": 25, "n_superieur": 0, "habitants_pres_marche": 19979, "habitants_pres_ecole": 29622, "indice_acces": 49.1, "distance_route_km": 0.09 }, "geometry": { "type": "Polygon", "coordinates": [ [ [ 0.57955174, 9.54337209 ], [ 0.66433766, 9.56104988 ], [ 0.68115465, 9.53419648 ], [ 0.68521986, 9.50586287 ], [ 0.64586587, 9.46741368 ], [ 0.55664779, 9.41202662 ], [ 0.55475491, 9.42302172 ], [ 0.5245692, 9.43158631 ], [ 0.5193176, 9.44002453 ], [ 0.50004188, 9.43792041 ], [ 0.49450061, 9.45192072 ], [ 0.50524203, 9.46279028 ], [ 0.5028884, 9.47454901 ], [ 0.49160076, 9.48552254 ], [ 0.47362416, 9.48926115 ], [ 0.47378508, 9.51460966 ], [ 0.481114, 9.5233472 ], [ 0.50173517, 9.5173796 ], [ 0.55516618, 9.5239967 ], [ 0.5615249, 9.53381136 ], [ 0.51694229, 9.56693669 ], [ 0.53641297, 9.58260208 ], [ 0.56078691, 9.58087807 ], [ 0.57955174, 9.54337209 ] ] ] } },
{ "type": "Feature", "properties": { "canton_id": "D04090279", "canton": "Koutchitchéou", "commune": "Dankpen 2", "prefecture": "Dankpen", "region": "Kara", "population": 9357, "densite_hab_km2": 73.0, "n_agences": 0, "n_mobile_money": 8, "n_mm_togocom": 8, "n_mm_moov": 2, "n_mm_multi": 2, "mm_pour_10k": 8.5, "agences_pour_100k": 0.0, "habitants_par_mm": 1170.0, "couverture_mobile_pct": 98.22, "mm_1km_pct": 55.84, "togocom_5km_pct": 0.0, "n_banques": 0, "n_microfinance": 0, "n_postes": 0, "n_distributeurs": 0, "n_marches": 0, "n_ecoles": 9, "n_superieur": 0, "habitants_pres_marche": 1292, "habitants_pres_ecole": 6382, "indice_acces": 36.2, "distance_route_km": 1.14 }, "geometry": { "type": "Polygon", "coordinates": [ [ [ 0.65667853, 9.633813 ], [ 0.69167733, 9.63813118 ], [ 0.70062018, 9.65810518 ], [ 0.7238998, 9.67838893 ], [ 0.76364057, 9.65712452 ], [ 0.85289729, 9.65322167 ], [ 0.84472707, 9.63591024 ], [ 0.82087919, 9.64043104 ], [ 0.80424425, 9.60376912 ], [ 0.78658745, 9.59405297 ], [ 0.77346583, 9.59251429 ], [ 0.75966409, 9.60086813 ], [ 0.73740101, 9.58756975 ], [ 0.71710451, 9.58990737 ], [ 0.68591493, 9.58004834 ], [ 0.65530947, 9.59414679 ], [ 0.65161918, 9.60105598 ], [ 0.66582601, 9.61934717 ], [ 0.65667853, 9.633813 ] ] ] } },
{ "type": "Feature", "properties": { "canton_id": "D04091280", "canton": "Nawaré", "commune": "Dankpen 3", "prefecture": "Dankpen", "region": "Kara", "population": 18829, "densite_hab_km2": 77.7, "n_agences": 0, "n_mobile_money": 5, "n_mm_togocom": 2, "n_mm_moov": 2, "n_mm_multi": 2, "mm_pour_10k": 2.7, "agences_pour_100k": 0.0, "habitants_par_mm": 3766.0, "couverture_mobile_pct": 98.42, "mm_1km_pct": 14.35, "togocom_5km_pct": 0.0, "n_banques": 0, "n_microfinance": 0, "n_postes": 0, "n_distributeurs": 0, "n_marches": 1, "n_ecoles": 14, "n_superieur": 0, "habitants_pres_marche": 6924, "habitants_pres_ecole": 19565, "indice_acces": 29.1, "distance_route_km": 0.69 }, "geometry": { "type": "Polygon", "coordinates": [ [ [ 0.50563746, 9.67553954 ], [ 0.58420889, 9.64599535 ], [ 0.61928782, 9.65145498 ], [ 0.62794402, 9.62638612 ], [ 0.65667853, 9.633813 ], [ 0.66582601, 9.61934717 ], [ 0.65161918, 9.60105598 ], [ 0.6682413, 9.58618622 ], [ 0.65840325, 9.57378218 ], [ 0.66433766, 9.56104988 ], [ 0.57955174, 9.54337209 ], [ 0.56078691, 9.58087807 ], [ 0.53641297, 9.58260208 ], [ 0.51694229, 9.56693669 ], [ 0.50043421, 9.60355969 ], [ 0.48298374, 9.60556647 ], [ 0.45154701, 9.59348453 ], [ 0.43096782, 9.5987841 ], [ 0.40620196, 9.62064265 ], [ 0.43183771, 9.67321777 ], [ 0.46172789, 9.66929189 ], [ 0.50563746, 9.67553954 ] ] ] } },
{ "type": "Feature", "properties": { "canton_id": "D05092284", "canton": "Siou", "commune": "Doufelgou 1", "prefecture": "Doufelgou", "region": "Kara", "population": 8219, "densite_hab_km2": 147.0, "n_agences": 0, "n_mobile_money": 25, "n_mm_togocom": 15, "n_mm_moov": 9, "n_mm_multi": 9, "mm_pour_10k": 30.4, "agences_pour_100k": 0.0, "habitants_par_mm": 329.0, "couverture_mobile_pct": 100.0, "mm_1km_pct": 87.53, "togocom_5km_pct": 0.0, "n_banques": 0, "n_microfinance": 1, "n_postes": 1, "n_distributeurs": 0, "n_marches": 6, "n_ecoles": 10, "n_superieur": 0, "habitants_pres_marche": 10879, "habitants_pres_ecole": 10805, "indice_acces": 64.3, "distance_route_km": 0.02 }, "geometry": { "type": "Polygon", "coordinates": [ [ [ 1.19348851, 9.759969 ], [ 1.19159821, 9.75638705 ], [ 1.18321675, 9.78642308 ], [ 1.16236409, 9.78897138 ], [ 1.16009759, 9.8332634 ], [ 1.17676587, 9.8557998 ], [ 1.23910927, 9.84871016 ], [ 1.20730008, 9.77203742 ], [ 1.19348851, 9.759969 ] ] ] } },
{ "type": "Feature", "properties": { "canton_id": "D05092285", "canton": "Agbandè-Yaka", "commune": "Doufelgou 1", "prefecture": "Doufelgou", "region": "Kara", "population": 3870, "densite_hab_km2": 38.3, "n_agences": 0, "n_mobile_money": 4, "n_mm_togocom": 2, "n_mm_moov": 0, "n_mm_multi": 0, "mm_pour_10k": 10.3, "agences_pour_100k": 0.0, "habitants_par_mm": 968.0, "couverture_mobile_pct": 100.0, "mm_1km_pct": 45.25, "togocom_5km_pct": 67.54, "n_banques": 0, "n_microfinance": 0, "n_postes": 0, "n_distributeurs": 0, "n_marches": 1, "n_ecoles": 3, "n_superieur": 0, "habitants_pres_marche": 5001, "habitants_pres_ecole": 3041, "indice_acces": 50.6, "distance_route_km": 0.72 }, "geometry": { "type": "Polygon", "coordinates": [ [ [ 1.02684577, 9.72008674 ], [ 1.05792087, 9.75718996 ], [ 1.16165068, 9.72437371 ], [ 1.14998438, 9.71346592 ], [ 1.14475224, 9.69436861 ], [ 1.12324013, 9.6945681 ], [ 1.08696501, 9.66118623 ], [ 1.07821347, 9.65987927 ], [ 1.07240635, 9.66641404 ], [ 1.06381836, 9.6583273 ], [ 1.05514867, 9.66821107 ], [ 1.03895417, 9.65653021 ], [ 1.02684577, 9.72008674 ] ] ] } },
{ "type": "Feature", "properties": { "canton_id": "D05092286", "canton": "Niamtougou", "commune": "Doufelgou 1", "prefecture": "Doufelgou", "region": "Kara", "population": 14062, "densite_hab_km2": 322.5, "n_agences": 1, "n_mobile_money": 65, "n_mm_togocom": 62, "n_mm_moov": 50, "n_mm_multi": 50, "mm_pour_10k": 46.2, "agences_pour_100k": 7.11, "habitants_par_mm": 216.0, "couverture_mobile_pct": 100.0, "mm_1km_pct": 97.51, "togocom_5km_pct": 99.62, "n_banques": 2, "n_microfinance": 4, "n_postes": 1, "n_distributeurs": 0, "n_marches": 3, "n_ecoles": 15, "n_superieur": 0, "habitants_pres_marche": 16257, "habitants_pres_ecole": 16114, "indice_acces": 86.7, "distance_route_km": 0.46 }, "geometry": { "type": "Polygon", "coordinates": [ [ [ 1.11351771, 9.78438045 ], [ 1.12166487, 9.76641673 ], [ 1.15305813, 9.75546069 ], [ 1.19159821, 9.75638705 ], [ 1.17262662, 9.74413186 ], [ 1.16165068, 9.72437371 ], [ 1.05792087, 9.75718996 ], [ 1.0570183, 9.78540047 ], [ 1.07612937, 9.778771 ], [ 1.11351771, 9.78438045 ] ] ] } },
{ "type": "Feature", "properties": { "canton_id": "D05092287", "canton": "Ténéga", "commune": "Doufelgou 1", "prefecture": "Doufelgou", "region": "Kara", "population": 2624, "densite_hab_km2": 84.4, "n_agences": 0, "n_mobile_money": 3, "n_mm_togocom": 3, "n_mm_moov": 3, "n_mm_multi": 3, "mm_pour_10k": 11.4, "agences_pour_100k": 0.0, "habitants_par_mm": 875.0, "couverture_mobile_pct": 100.0, "mm_1km_pct": 67.46, "togocom_5km_pct": 0.0, "n_banques": 0, "n_microfinance": 0, "n_postes": 0, "n_distributeurs": 0, "n_marches": 3, "n_ecoles": 6, "n_superieur": 0, "habitants_pres_marche": 3743, "habitants_pres_ecole": 3650, "indice_acces": 52.2, "distance_route_km": 0.65 }, "geometry": { "type": "Polygon", "coordinates": [ [ [ 1.0921127, 9.83337857 ], [ 1.11780273, 9.83757572 ], [ 1.14079046, 9.85765969 ], [ 1.15985122, 9.86428075 ], [ 1.17676587, 9.8557998 ], [ 1.16009759, 9.8332634 ], [ 1.1614186, 9.80887869 ], [ 1.12753305, 9.80369589 ], [ 1.1083534, 9.81626836 ], [ 1.1145839, 9.82187768 ], [ 1.0921127, 9.83337857 ] ] ] } },
{ "type": "Feature", "properties": { "canton_id": "D05092288", "canton": "Baga", "commune": "Doufelgou 1", "prefecture": "Doufelgou", "region": "Kara", "population": 7887, "densite_hab_km2": 278.8, "n_agences": 0, "n_mobile_money": 11, "n_mm_togocom": 10, "n_mm_moov": 6, "n_mm_multi": 6, "mm_pour_10k": 13.9, "agences_pour_100k": 0.0, "habitants_par_mm": 717.0, "couverture_mobile_pct": 100.0, "mm_1km_pct": 88.48, "togocom_5km_pct": 94.53, "n_banques": 0, "n_microfinance": 0, "n_postes": 0, "n_distributeurs": 0, "n_marches": 4, "n_ecoles": 7, "n_superieur": 0, "habitants_pres_marche": 7642, "habitants_pres_ecole": 7553, "indice_acces": 55.1, "distance_route_km": 0.0 }, "geometry": { "type": "Polygon", "coordinates": [ [ [ 1.12753305, 9.80369589 ], [ 1.11351771, 9.78438045 ], [ 1.07612937, 9.778771 ], [ 1.0570183, 9.78540047 ], [ 1.07927304, 9.83190023 ], [ 1.0921127, 9.83337857 ], [ 1.1145839, 9.82187768 ], [ 1.1083534, 9.81626836 ], [ 1.12753305, 9.80369589 ] ] ] } },
{ "type": "Feature", "properties": { "canton_id": "D04091283", "canton": "Kidjabou", "commune": "Dankpen 3", "prefecture": "Dankpen", "region": "Kara", "population": 28389, "densite_hab_km2": 62.0, "n_agences": 0, "n_mobile_money": 7, "n_mm_togocom": 6, "n_mm_moov": 6, "n_mm_multi": 5, "mm_pour_10k": 2.5, "agences_pour_100k": 0.0, "habitants_par_mm": 4056.0, "couverture_mobile_pct": 42.68, "mm_1km_pct": 6.29, "togocom_5km_pct": 0.0, "n_banques": 0, "n_microfinance": 0, "n_postes": 0, "n_distributeurs": 0, "n_marches": 1, "n_ecoles": 33, "n_superieur": 0, "habitants_pres_marche": 5738, "habitants_pres_ecole": 22423, "indice_acces": 24.2, "distance_route_km": 0.5 }, "geometry": { "type": "Polygon", "coordinates": [ [ [ 0.59520184, 9.82906987 ], [ 0.60585505, 9.8086472 ], [ 0.60326181, 9.76199534 ], [ 0.58095778, 9.77438914 ], [ 0.57380549, 9.77202692 ], [ 0.53382274, 9.74148641 ], [ 0.5166422, 9.73828021 ], [ 0.50782553, 9.71889705 ], [ 0.48097898, 9.69855214 ], [ 0.43114385, 9.70161898 ], [ 0.40852241, 9.69196756 ], [ 0.39009721, 9.69323346 ], [ 0.38106104, 9.70176974 ], [ 0.35147632, 9.69416793 ], [ 0.34441939, 9.71747676 ], [ 0.31947399, 9.72685887 ], [ 0.32977191, 9.75816051 ], [ 0.32570346, 9.77290453 ], [ 0.33590651, 9.77971668 ], [ 0.33100372, 9.79596635 ], [ 0.35765767, 9.84793643 ], [ 0.35529268, 9.86790973 ], [ 0.42853855, 9.87523656 ], [ 0.42675208, 9.88979999 ], [ 0.49966707, 9.88892796 ], [ 0.49511051, 9.85926433 ], [ 0.51930964, 9.85162084 ], [ 0.53960095, 9.82284982 ], [ 0.58964157, 9.84383364 ], [ 0.59520184, 9.82906987 ] ] ] } },
{ "type": "Feature", "properties": { "canton_id": "D05092289", "canton": "Pouda", "commune": "Doufelgou 1", "prefecture": "Doufelgou", "region": "Kara", "population": 2390, "densite_hab_km2": 34.3, "n_agences": 0, "n_mobile_money": 0, "n_mm_togocom": 0, "n_mm_moov": 0, "n_mm_multi": 0, "mm_pour_10k": 0.0, "agences_pour_100k": 0.0, "habitants_par_mm": null, "couverture_mobile_pct": 100.0, "mm_1km_pct": 0.0, "togocom_5km_pct": 0.0, "n_banques": 0, "n_microfinance": 0, "n_postes": 0, "n_distributeurs": 0, "n_marches": 1, "n_ecoles": 6, "n_superieur": 0, "habitants_pres_marche": 2919, "habitants_pres_ecole": 2495, "indice_acces": 38.7, "distance_route_km": 1.25 }, "geometry": { "type": "Polygon", "coordinates": [ [ [ 1.18903202, 9.91427113 ], [ 1.21371653, 9.91784558 ], [ 1.23935937, 9.90887392 ], [ 1.25664412, 9.91899242 ], [ 1.30293239, 9.92810725 ], [ 1.30062628, 9.90772865 ], [ 1.27955061, 9.8734593 ], [ 1.25365122, 9.85736437 ], [ 1.246942, 9.86735318 ], [ 1.23910927, 9.84871016 ], [ 1.17676587, 9.8557998 ], [ 1.20317631, 9.88235862 ], [ 1.20141951, 9.90179132 ], [ 1.18903202, 9.91427113 ] ] ] } },
{ "type": "Feature", "properties": { "canton_id": "D05092290", "canton": "Massédéna", "commune": "Doufelgou 1", "prefecture": "Doufelgou", "region": "Kara", "population": 3119, "densite_hab_km2": 18.2, "n_agences": 0, "n_mobile_money": 0, "n_mm_togocom": 0, "n_mm_moov": 0, "n_mm_multi": 0, "mm_pour_10k": 0.0, "agences_pour_100k": 0.0, "habitants_par_mm": null, "couverture_mobile_pct": 69.7, "mm_1km_pct": 0.0, "togocom_5km_pct": 0.0, "n_banques": 0, "n_microfinance": 0, "n_postes": 0, "n_distributeurs": 0, "n_marches": 1, "n_ecoles": 7, "n_superieur": 0, "habitants_pres_marche": 1795, "habitants_pres_ecole": 1611, "indice_acces": 23.6, "distance_route_km": 2.2 }, "geometry": { "type": "Polygon", "coordinates": [ [ [ 1.28277228, 10.04135619 ], [ 1.33357321, 10.01182435 ], [ 1.30978623, 9.96660647 ], [ 1.30293239, 9.92810725 ], [ 1.25664412, 9.91899242 ], [ 1.23935937, 9.90887392 ], [ 1.21371653, 9.91784558 ], [ 1.18903202, 9.91427113 ], [ 1.1708309, 9.93260504 ], [ 1.20374036, 9.99172322 ], [ 1.1924238, 10.00723565 ], [ 1.20240663, 10.00973602 ], [ 1.21895546, 10.04171512 ], [ 1.2267634, 10.04063668 ], [ 1.22800938, 10.03275589 ], [ 1.25088153, 10.03466124 ], [ 1.26316702, 10.02623868 ], [ 1.28277228, 10.04135619 ] ] ] } },
{ "type": "Feature", "properties": { "canton_id": "D05093292", "canton": "Léon", "commune": "Doufelgou 2", "prefecture": "Doufelgou", "region": "Kara", "population": 3552, "densite_hab_km2": 29.7, "n_agences": 0, "n_mobile_money": 7, "n_mm_togocom": 7, "n_mm_moov": 3, "n_mm_multi": 3, "mm_pour_10k": 19.7, "agences_pour_100k": 0.0, "habitants_par_mm": 507.0, "couverture_mobile_pct": 45.1, "mm_1km_pct": 42.77, "togocom_5km_pct": 0.0, "n_banques": 0, "n_microfinance": 0, "n_postes": 0, "n_distributeurs": 0, "n_marches": 3, "n_ecoles": 6, "n_superieur": 0, "habitants_pres_marche": 2031, "habitants_pres_ecole": 1365, "indice_acces": 42.5, "distance_route_km": 0.55 }, "geometry": { "type": "Polygon", "coordinates": [ [ [ 1.02684577, 9.72008674 ], [ 1.03895417, 9.65653021 ], [ 1.02876649, 9.64980264 ], [ 1.00657826, 9.64939419 ], [ 0.98178465, 9.6363635 ], [ 0.9583443, 9.64646158 ], [ 0.94668719, 9.64156889 ], [ 0.93080621, 9.64816028 ], [ 0.92326471, 9.64464214 ], [ 0.91699287, 9.66140086 ], [ 0.90380536, 9.66050658 ], [ 0.90117011, 9.67360904 ], [ 0.87862042, 9.67912536 ], [ 0.91696419, 9.72866557 ], [ 0.95264768, 9.71096272 ], [ 0.9978307, 9.72118507 ], [ 1.02684577, 9.72008674 ] ] ] } },
{ "type": "Feature", "properties": { "canton_id": "D05093293", "canton": "Alloum", "commune": "Doufelgou 2", "prefecture": "Doufelgou", "region": "Kara", "population": 6060, "densite_hab_km2": 55.5, "n_agences": 0, "n_mobile_money": 15, "n_mm_togocom": 13, "n_mm_moov": 9, "n_mm_multi": 8, "mm_pour_10k": 24.8, "agences_pour_100k": 0.0, "habitants_par_mm": 404.0, "couverture_mobile_pct": 61.36, "mm_1km_pct": 35.31, "togocom_5km_pct": 0.0, "n_banques": 0, "n_microfinance": 3, "n_postes": 0, "n_distributeurs": 0, "n_marches": 2, "n_ecoles": 9, "n_superieur": 0, "habitants_pres_marche": 2023, "habitants_pres_ecole": 2916, "indice_acces": 46.0, "distance_route_km": 0.35 }, "geometry": { "type": "Polygon", "coordinates": [ [ [ 1.05792087, 9.75718996 ], [ 1.02684577, 9.72008674 ], [ 0.9978307, 9.72118507 ], [ 0.95264768, 9.71096272 ], [ 0.91696419, 9.72866557 ], [ 0.87862042, 9.67912536 ], [ 0.87301707, 9.6834779 ], [ 0.87623984, 9.69923465 ], [ 0.86294895, 9.72755829 ], [ 0.87228396, 9.73929701 ], [ 0.8598271, 9.75352478 ], [ 0.97266071, 9.75593533 ], [ 1.0111895, 9.7816836 ], [ 1.0570183, 9.78540047 ], [ 1.05792087, 9.75718996 ] ] ] } },
{ "type": "Feature", "properties": { "canton_id": "D05093294", "canton": "Kadjalla", "commune": "Doufelgou 2", "prefecture": "Doufelgou", "region": "Kara", "population": 9396, "densite_hab_km2": 43.8, "n_agences": 0, "n_mobile_money": 15, "n_mm_togocom": 13, "n_mm_moov": 10, "n_mm_multi": 9, "mm_pour_10k": 16.0, "agences_pour_100k": 0.0, "habitants_par_mm": 626.0, "couverture_mobile_pct": 62.42, "mm_1km_pct": 28.86, "togocom_5km_pct": 0.0, "n_banques": 0, "n_microfinance": 0, "n_postes": 0, "n_distributeurs": 0, "n_marches": 2, "n_ecoles": 18, "n_superieur": 0, "habitants_pres_marche": 3269, "habitants_pres_ecole": 2576, "indice_acces": 40.4, "distance_route_km": 1.09 }, "geometry": { "type": "Polygon", "coordinates": [ [ [ 0.96670359, 9.86760185 ], [ 1.00794713, 9.83475718 ], [ 1.04018843, 9.78403622 ], [ 1.0111895, 9.7816836 ], [ 0.97266071, 9.75593533 ], [ 0.8598271, 9.75352478 ], [ 0.85424598, 9.77288674 ], [ 0.86202402, 9.77991316 ], [ 0.85868525, 9.79298957 ], [ 0.86660223, 9.81486724 ], [ 0.83691907, 9.83016671 ], [ 0.84111863, 9.84385753 ], [ 0.83692251, 9.84700056 ], [ 0.84767129, 9.84849037 ], [ 0.85007084, 9.86433676 ], [ 0.84167119, 9.87797471 ], [ 0.8815141, 9.89010328 ], [ 0.88515892, 9.87491006 ], [ 0.89898567, 9.86545025 ], [ 0.9362153, 9.86129462 ], [ 0.96670359, 9.86760185 ] ] ] } },
{ "type": "Feature", "properties": { "canton_id": "D05093295", "canton": "Tchoré", "commune": "Doufelgou 2", "prefecture": "Doufelgou", "region": "Kara", "population": 913, "densite_hab_km2": 38.0, "n_agences": 0, "n_mobile_money": 3, "n_mm_togocom": 3, "n_mm_moov": 0, "n_mm_multi": 0, "mm_pour_10k": 32.9, "agences_pour_100k": 0.0, "habitants_par_mm": 304.0, "couverture_mobile_pct": 100.0, "mm_1km_pct": 51.95, "togocom_5km_pct": 0.0, "n_banques": 0, "n_microfinance": 0, "n_postes": 0, "n_distributeurs": 0, "n_marches": 1, "n_ecoles": 2, "n_superieur": 0, "habitants_pres_marche": 762, "habitants_pres_ecole": 600, "indice_acces": 65.2, "distance_route_km": 0.13 }, "geometry": { "type": "Polygon", "coordinates": [ [ [ 1.04301042, 9.85277035 ], [ 1.02408033, 9.80937972 ], [ 1.00794713, 9.83475718 ], [ 0.96670359, 9.86760185 ], [ 0.98645735, 9.88445729 ], [ 1.00580292, 9.87015701 ], [ 1.00844371, 9.86010443 ], [ 1.04301042, 9.85277035 ] ] ] } },
{ "type": "Feature", "properties": { "canton_id": "D05093296", "canton": "Défalé", "commune": "Doufelgou 2", "prefecture": "Doufelgou", "region": "Kara", "population": 500, "densite_hab_km2": 15.5, "n_agences": 0, "n_mobile_money": 0, "n_mm_togocom": 0, "n_mm_moov": 0, "n_mm_multi": 0, "mm_pour_10k": 0.0, "agences_pour_100k": 0.0, "habitants_par_mm": null, "couverture_mobile_pct": 100.0, "mm_1km_pct": 2.06, "togocom_5km_pct": 0.0, "n_banques": 0, "n_microfinance": 0, "n_postes": 0, "n_distributeurs": 0, "n_marches": 0, "n_ecoles": 0, "n_superieur": 0, "habitants_pres_marche": 227, "habitants_pres_ecole": 116, "indice_acces": 38.7, "distance_route_km": 1.81 }, "geometry": { "type": "Polygon", "coordinates": [ [ [ 1.02408033, 9.80937972 ], [ 1.04301042, 9.85277035 ], [ 1.05730439, 9.86323511 ], [ 1.07927304, 9.83190023 ], [ 1.0570183, 9.78540047 ], [ 1.04018843, 9.78403622 ], [ 1.02408033, 9.80937972 ] ] ] } },
{ "type": "Feature", "properties": { "canton_id": "D05093297", "canton": "Kpaha", "commune": "Doufelgou 2", "prefecture": "Doufelgou", "region": "Kara", "population": 1621, "densite_hab_km2": 27.2, "n_agences": 0, "n_mobile_money": 3, "n_mm_togocom": 2, "n_mm_moov": 1, "n_mm_multi": 1, "mm_pour_10k": 18.5, "agences_pour_100k": 0.0, "habitants_par_mm": 540.0, "couverture_mobile_pct": 100.0, "mm_1km_pct": 50.83, "togocom_5km_pct": 0.0, "n_banques": 0, "n_microfinance": 0, "n_postes": 0, "n_distributeurs": 0, "n_marches": 1, "n_ecoles": 5, "n_superieur": 0, "habitants_pres_marche": 1320, "habitants_pres_ecole": 1476, "indice_acces": 58.2, "distance_route_km": 0.14 }, "geometry": { "type": "Polygon", "coordinates": [ [ [ 1.1708309, 9.93260504 ], [ 1.20141951, 9.90179132 ], [ 1.20317631, 9.88235862 ], [ 1.17676587, 9.8557998 ], [ 1.15985122, 9.86428075 ], [ 1.14079046, 9.85765969 ], [ 1.11780273, 9.83757572 ], [ 1.11304231, 9.85464767 ], [ 1.12078165, 9.87269962 ], [ 1.112841, 9.87641557 ], [ 1.12057364, 9.89569542 ], [ 1.12645777, 9.89531898 ], [ 1.1461036, 9.92510178 ], [ 1.1708309, 9.93260504 ] ] ] } },
{ "type": "Feature", "properties": { "canton_id": "D05094296", "canton": "D05094296", "commune": "D05094296", "prefecture": "D05094296", "region": "Kara", "population": 6806, "densite_hab_km2": 52.9, "n_agences": 0, "n_mobile_money": 27, "n_mm_togocom": 20, "n_mm_moov": 10, "n_mm_multi": 10, "mm_pour_10k": 39.7, "agences_pour_100k": 0.0, "habitants_par_mm": 252.0, "couverture_mobile_pct": 96.16, "mm_1km_pct": 77.63, "togocom_5km_pct": 0.0, "n_banques": 0, "n_microfinance": 1, "n_postes": 0, "n_distributeurs": 0, "n_marches": 3, "n_ecoles": 11, "n_superieur": 0, "habitants_pres_marche": 8355, "habitants_pres_ecole": 7826, "indice_acces": 54.8, "distance_route_km": 0.85 }, "geometry": { "type": "Polygon", "coordinates": [ [ [ 1.1708309, 9.93260504 ], [ 1.1461036, 9.92510178 ], [ 1.12645777, 9.89531898 ], [ 1.12057364, 9.89569542 ], [ 1.112841, 9.87641557 ], [ 1.12078165, 9.87269962 ], [ 1.11304231, 9.85464767 ], [ 1.11780273, 9.83757572 ], [ 1.07927304, 9.83190023 ], [ 1.05730439, 9.86323511 ], [ 1.10056528, 9.94497228 ], [ 1.09889554, 9.95717226 ], [ 1.10825684, 9.98252864 ], [ 1.10578162, 9.99918969 ], [ 1.12436667, 9.98869551 ], [ 1.13113084, 9.99108958 ], [ 1.13425092, 10.00229126 ], [ 1.14986683, 10.00453108 ], [ 1.15601353, 9.97964436 ], [ 1.17821996, 10.00341969 ], [ 1.18827064, 9.99885713 ], [ 1.1924238, 10.00723565 ], [ 1.20374036, 9.99172322 ], [ 1.1708309, 9.93260504 ] ] ] } },
{ "type": "Feature", "properties": { "canton_id": "D06094298", "canton": "Kantè", "commune": "Kéran 1", "prefecture": "Kéran", "region": "Kara", "population": 23262, "densite_hab_km2": 116.3, "n_agences": 2, "n_mobile_money": 77, "n_mm_togocom": 49, "n_mm_moov": 35, "n_mm_multi": 34, "mm_pour_10k": 33.1, "agences_pour_100k": 8.6, "habitants_par_mm": 302.0, "couverture_mobile_pct": 74.64, "mm_1km_pct": 74.76, "togocom_5km_pct": 85.6, "n_banques": 4, "n_microfinance": 3, "n_postes": 1, "n_distributeurs": 0, "n_marches": 9, "n_ecoles": 24, "n_superieur": 0, "habitants_pres_marche": 30612, "habitants_pres_ecole": 28191, "indice_acces": 68.8, "distance_route_km": 0.51 }, "geometry": { "type": "Polygon", "coordinates": [ [ [ 1.05428103, 10.08487283 ], [ 1.06043749, 10.07272624 ], [ 1.07384235, 10.06987947 ], [ 1.07753607, 10.06027658 ], [ 1.13296849, 10.02001423 ], [ 1.13736545, 10.00416511 ], [ 1.12436667, 9.98869551 ], [ 1.10578162, 9.99918969 ], [ 1.10825684, 9.98252864 ], [ 1.09583135, 9.93217846 ], [ 1.05730439, 9.86323511 ], [ 1.03416584, 9.85172027 ], [ 1.00844371, 9.86010443 ], [ 1.00580292, 9.87015701 ], [ 0.98645735, 9.88445729 ], [ 1.00418974, 9.92137955 ], [ 1.03399786, 9.93663442 ], [ 1.02026513, 9.97051238 ], [ 1.04817521, 10.08763346 ], [ 1.05428103, 10.08487283 ] ] ] } },
{ "type": "Feature", "properties": { "canton_id": "D06094299", "canton": "Pessidè", "commune": "Kéran 1", "prefecture": "Kéran", "region": "Kara", "population": 23290, "densite_hab_km2": 42.8, "n_agences": 0, "n_mobile_money": 8, "n_mm_togocom": 7, "n_mm_moov": 2, "n_mm_multi": 2, "mm_pour_10k": 3.4, "agences_pour_100k": 0.0, "habitants_par_mm": 2911.0, "couverture_mobile_pct": 7.04, "mm_1km_pct": 9.07, "togocom_5km_pct": 6.56, "n_banques": 0, "n_microfinance": 0, "n_postes": 0, "n_distributeurs": 0, "n_marches": 8, "n_ecoles": 19, "n_superieur": 0, "habitants_pres_marche": 16658, "habitants_pres_ecole": 10464, "indice_acces": 23.2, "distance_route_km": 0.42 }, "geometry": { "type": "Polygon", "coordinates": [ [ [ 0.96752247, 10.15661789 ], [ 1.00624109, 10.13864791 ], [ 1.03710558, 10.1320848 ], [ 1.04170381, 10.10605564 ], [ 1.05428103, 10.08487283 ], [ 1.04817521, 10.08763346 ], [ 1.02026513, 9.97051238 ], [ 1.03399786, 9.93663442 ], [ 1.00418974, 9.92137955 ], [ 0.9586982, 9.93488096 ], [ 0.95333066, 9.95278805 ], [ 0.92258017, 9.96453665 ], [ 0.87466007, 10.00583636 ], [ 0.81779309, 10.0126942 ], [ 0.81248048, 10.06681481 ], [ 0.74836358, 10.13364971 ], [ 0.74521033, 10.15602193 ], [ 0.73768189, 10.16107539 ], [ 0.74971182, 10.16213123 ], [ 0.7596636, 10.17819297 ], [ 0.78301657, 10.17059667 ], [ 0.78307823, 10.17959438 ], [ 0.79276634, 10.18205947 ], [ 0.80375038, 10.17121297 ], [ 0.80538871, 10.15999268 ], [ 0.81773033, 10.15814387 ], [ 0.85864899, 10.18460367 ], [ 0.8673138, 10.17919762 ], [ 0.88284275, 10.138637 ], [ 0.92340354, 10.13257453 ], [ 0.96023372, 10.14373996 ], [ 0.96752247, 10.15661789 ] ] ] } },
{ "type": "Feature", "properties": { "canton_id": "D06094300", "canton": "Akpontè", "commune": "Kéran 1", "prefecture": "Kéran", "region": "Kara", "population": 8496, "densite_hab_km2": 57.9, "n_agences": 0, "n_mobile_money": 6, "n_mm_togocom": 6, "n_mm_moov": 2, "n_mm_multi": 2, "mm_pour_10k": 7.1, "agences_pour_100k": 0.0, "habitants_par_mm": 1416.0, "couverture_mobile_pct": 3.73, "mm_1km_pct": 10.39, "togocom_5km_pct": 0.0, "n_banques": 0, "n_microfinance": 0, "n_postes": 0, "n_distributeurs": 0, "n_marches": 3, "n_ecoles": 4, "n_superieur": 0, "habitants_pres_marche": 5041, "habitants_pres_ecole": 2237, "indice_acces": 27.0, "distance_route_km": 0.17 }, "geometry": { "type": "Polygon", "coordinates": [ [ [ 0.96023372, 10.14373996 ], [ 0.92340354, 10.13257453 ], [ 0.88284275, 10.138637 ], [ 0.8673138, 10.17919762 ], [ 0.85864899, 10.18460367 ], [ 0.87159996, 10.22300172 ], [ 0.92133909, 10.27623308 ], [ 0.99551714, 10.22210688 ], [ 0.97183756, 10.19353817 ], [ 0.96118777, 10.15955726 ], [ 0.96752247, 10.15661789 ], [ 0.96023372, 10.14373996 ] ] ] } },
{ "type": "Feature", "properties": { "canton_id": "D06095301", "canton": "Hélota", "commune": "Kéran 2", "prefecture": "Kéran", "region": "Kara", "population": 15927, "densite_hab_km2": 61.9, "n_agences": 0, "n_mobile_money": 13, "n_mm_togocom": 10, "n_mm_moov": 9, "n_mm_multi": 8, "mm_pour_10k": 8.2, "agences_pour_100k": 0.0, "habitants_par_mm": 1225.0, "couverture_mobile_pct": 0.0, "mm_1km_pct": 27.64, "togocom_5km_pct": 0.0, "n_banques": 0, "n_microfinance": 0, "n_postes": 0, "n_distributeurs": 0, "n_marches": 6, "n_ecoles": 17, "n_superieur": 0, "habitants_pres_marche": 11275, "habitants_pres_ecole": 7543, "indice_acces": 26.5, "distance_route_km": 1.0 }, "geometry": { "type": "Polygon", "coordinates": [ [ [ 0.80693586, 9.99857785 ], [ 0.81678079, 9.98373164 ], [ 0.81007057, 9.94712837 ], [ 0.81664912, 9.9342189 ], [ 0.80436617, 9.92766238 ], [ 0.80302076, 9.90822497 ], [ 0.79361893, 9.90011177 ], [ 0.77235288, 9.89709822 ], [ 0.77493929, 9.88281963 ], [ 0.76126483, 9.87337543 ], [ 0.76112113, 9.85988612 ], [ 0.74851523, 9.86294617 ], [ 0.7499521, 9.84759132 ], [ 0.70698205, 9.86108906 ], [ 0.70120068, 9.85689987 ], [ 0.68104145, 9.86111212 ], [ 0.67624862, 9.87092024 ], [ 0.68141224, 9.89653476 ], [ 0.67429919, 9.89973148 ], [ 0.66184772, 9.88947197 ], [ 0.65720112, 9.95451331 ], [ 0.67574408, 9.98079565 ], [ 0.69442363, 9.98559168 ], [ 0.69618739, 10.02480315 ], [ 0.75592907, 10.03743307 ], [ 0.79719337, 10.01326765 ], [ 0.80693586, 9.99857785 ] ] ] } },
{ "type": "Feature", "properties": { "canton_id": "D06095302", "canton": "Ossacré", "commune": "Kéran 2", "prefecture": "Kéran", "region": "Kara", "population": 7028, "densite_hab_km2": 55.1, "n_agences": 0, "n_mobile_money": 17, "n_mm_togocom": 16, "n_mm_moov": 7, "n_mm_multi": 7, "mm_pour_10k": 24.2, "agences_pour_100k": 0.0, "habitants_par_mm": 413.0, "couverture_mobile_pct": 0.0, "mm_1km_pct": 60.29, "togocom_5km_pct": 0.0, "n_banques": 0, "n_microfinance": 0, "n_postes": 0, "n_distributeurs": 0, "n_marches": 4, "n_ecoles": 11, "n_superieur": 0, "habitants_pres_marche": 11549, "habitants_pres_ecole": 10134, "indice_acces": 40.6, "distance_route_km": 1.95 }, "geometry": { "type": "Polygon", "coordinates": [ [ [ 0.74236297, 10.14869808 ], [ 0.77518063, 10.1014164 ], [ 0.81248048, 10.06681481 ], [ 0.81784199, 10.01275777 ], [ 0.80693586, 9.99857785 ], [ 0.79719337, 10.01326765 ], [ 0.75592907, 10.03743307 ], [ 0.71365158, 10.0250282 ], [ 0.68476047, 10.02858742 ], [ 0.69014898, 10.07131163 ], [ 0.74236297, 10.14869808 ] ] ] } },
{ "type": "Feature", "properties": { "canton_id": "D06095303", "canton": "Ataloté", "commune": "Kéran 2", "prefecture": "Kéran", "region": "Kara", "population": 14712, "densite_hab_km2": 64.0, "n_agences": 0, "n_mobile_money": 8, "n_mm_togocom": 7, "n_mm_moov": 2, "n_mm_multi": 2, "mm_pour_10k": 5.4, "agences_pour_100k": 0.0, "habitants_par_mm": 1839.0, "couverture_mobile_pct": 3.92, "mm_1km_pct": 32.85, "togocom_5km_pct": 0.0, "n_banques": 0, "n_microfinance": 0, "n_postes": 0, "n_distributeurs": 0, "n_marches": 13, "n_ecoles": 16, "n_superieur": 0, "habitants_pres_marche": 14430, "habitants_pres_ecole": 8304, "indice_acces": 25.2, "distance_route_km": 0.03 }, "geometry": { "type": "Polygon", "coordinates": [ [ [ 0.81779309, 10.0126942 ], [ 0.87466007, 10.00583636 ], [ 0.92258017, 9.96453665 ], [ 0.95333066, 9.95278805 ], [ 0.9586982, 9.93488096 ], [ 1.00418974, 9.92137955 ], [ 0.98645735, 9.88445729 ], [ 0.96001085, 9.86352995 ], [ 0.94263877, 9.86644212 ], [ 0.9362153, 9.86129462 ], [ 0.89898567, 9.86545025 ], [ 0.88515892, 9.87491006 ], [ 0.8815141, 9.89010328 ], [ 0.8685917, 9.89016474 ], [ 0.8566826, 9.87972901 ], [ 0.8387844, 9.89214074 ], [ 0.82764845, 9.88317178 ], [ 0.80805969, 9.88281962 ], [ 0.79361893, 9.90011177 ], [ 0.80302076, 9.90822497 ], [ 0.80436617, 9.92766238 ], [ 0.81664912, 9.9342189 ], [ 0.81007057, 9.94712837 ], [ 0.81678079, 9.98373164 ], [ 0.80693586, 9.99857785 ], [ 0.81779309, 10.0126942 ] ] ] } },
{ "type": "Feature", "properties": { "canton_id": "D06096304", "canton": "Nadoba", "commune": "Kéran 3", "prefecture": "Kéran", "region": "Kara", "population": 16102, "densite_hab_km2": 138.9, "n_agences": 0, "n_mobile_money": 9, "n_mm_togocom": 8, "n_mm_moov": 7, "n_mm_multi": 6, "mm_pour_10k": 5.6, "agences_pour_100k": 0.0, "habitants_par_mm": 1789.0, "couverture_mobile_pct": 0.0, "mm_1km_pct": 35.24, "togocom_5km_pct": 0.0, "n_banques": 0, "n_microfinance": 0, "n_postes": 0, "n_distributeurs": 0, "n_marches": 1, "n_ecoles": 13, "n_superieur": 0, "habitants_pres_marche": 12769, "habitants_pres_ecole": 13091, "indice_acces": 23.0, "distance_route_km": 1.82 }, "geometry": { "type": "Polygon", "coordinates": [ [ [ 1.12909899, 10.12919788 ], [ 1.10755256, 10.12235617 ], [ 1.10663002, 10.10435549 ], [ 1.07768668, 10.09711652 ], [ 1.06043749, 10.07272624 ], [ 1.04170381, 10.10605564 ], [ 1.03710558, 10.1320848 ], [ 1.00624109, 10.13864791 ], [ 0.96118777, 10.15955726 ], [ 0.97183756, 10.19353817 ], [ 0.99570896, 10.22196688 ], [ 1.08940975, 10.15112356 ], [ 1.12909899, 10.12919788 ] ] ] } },
{ "type": "Feature", "properties": { "canton_id": "D06096305", "canton": "Warengo", "commune": "Kéran 3", "prefecture": "Kéran", "region": "Kara", "population": 6448, "densite_hab_km2": 86.1, "n_agences": 0, "n_mobile_money": 1, "n_mm_togocom": 1, "n_mm_moov": 1, "n_mm_multi": 1, "mm_pour_10k": 1.6, "agences_pour_100k": 0.0, "habitants_par_mm": 6448.0, "couverture_mobile_pct": 0.0, "mm_1km_pct": 11.81, "togocom_5km_pct": 0.0, "n_banques": 0, "n_microfinance": 0, "n_postes": 0, "n_distributeurs": 0, "n_marches": 0, "n_ecoles": 9, "n_superieur": 0, "habitants_pres_marche": 458, "habitants_pres_ecole": 5414, "indice_acces": 18.9, "distance_route_km": 0.4 }, "geometry": { "type": "Polygon", "coordinates": [ [ [ 1.16669095, 10.07541994 ], [ 1.17140613, 10.0533259 ], [ 1.15076592, 10.03642519 ], [ 1.13979391, 10.01753842 ], [ 1.12476594, 10.02298933 ], [ 1.07753607, 10.06027658 ], [ 1.07384235, 10.06987947 ], [ 1.06043749, 10.07272624 ], [ 1.07768668, 10.09711652 ], [ 1.10663002, 10.10435549 ], [ 1.10755256, 10.12235617 ], [ 1.12909899, 10.12919788 ], [ 1.14058623, 10.12266438 ], [ 1.12513263, 10.11032705 ], [ 1.14112047, 10.10382883 ], [ 1.13974617, 10.09503592 ], [ 1.16669095, 10.07541994 ] ] ] } },
{ "type": "Feature", "properties": { "canton_id": "D06096306", "canton": "Koutougou", "commune": "Kéran 3", "prefecture": "Kéran", "region": "Kara", "population": 2368, "densite_hab_km2": 24.1, "n_agences": 0, "n_mobile_money": 0, "n_mm_togocom": 0, "n_mm_moov": 0, "n_mm_multi": 0, "mm_pour_10k": 0.0, "agences_pour_100k": 0.0, "habitants_par_mm": null, "couverture_mobile_pct": 0.0, "mm_1km_pct": 0.0, "togocom_5km_pct": 0.0, "n_banques": 0, "n_microfinance": 0, "n_postes": 0, "n_distributeurs": 0, "n_marches": 1, "n_ecoles": 5, "n_superieur": 0, "habitants_pres_marche": 652, "habitants_pres_ecole": 2423, "indice_acces": 17.6, "distance_route_km": 0.24 }, "geometry": { "type": "Polygon", "coordinates": [ [ [ 1.25061418, 10.06004819 ], [ 1.28277228, 10.04135619 ], [ 1.26316702, 10.02623868 ], [ 1.25088153, 10.03466124 ], [ 1.22800938, 10.03275589 ], [ 1.2267634, 10.04063668 ], [ 1.21895546, 10.04171512 ], [ 1.20240663, 10.00973602 ], [ 1.1924238, 10.00723565 ], [ 1.18827064, 9.99885713 ], [ 1.17821996, 10.00341969 ], [ 1.15468452, 9.97997618 ], [ 1.15368775, 10.00071512 ], [ 1.13668807, 10.0025388 ], [ 1.13296849, 10.02001423 ], [ 1.13979391, 10.01753842 ], [ 1.15076592, 10.03642519 ], [ 1.17140613, 10.0533259 ], [ 1.16669095, 10.07541994 ], [ 1.13974617, 10.09503592 ], [ 1.14112047, 10.10382883 ], [ 1.12513263, 10.11032705 ], [ 1.14058623, 10.12266438 ], [ 1.25061418, 10.06004819 ] ] ] } },
{ "type": "Feature", "properties": { "canton_id": "D07097307", "canton": "Landa", "commune": "Kozah 1", "prefecture": "Kozah", "region": "Kara", "population": 7160, "densite_hab_km2": 224.9, "n_agences": 0, "n_mobile_money": 30, "n_mm_togocom": 30, "n_mm_moov": 11, "n_mm_multi": 11, "mm_pour_10k": 41.9, "agences_pour_100k": 0.0, "habitants_par_mm": 239.0, "couverture_mobile_pct": 100.0, "mm_1km_pct": 94.55, "togocom_5km_pct": 0.0, "n_banques": 0, "n_microfinance": 0, "n_postes": 0, "n_distributeurs": 0, "n_marches": 12, "n_ecoles": 11, "n_superieur": 0, "habitants_pres_marche": 9059, "habitants_pres_ecole": 9044, "indice_acces": 67.8, "distance_route_km": 0.02 }, "geometry": { "type": "Polygon", "coordinates": [ [ [ 1.2481007, 9.705621 ], [ 1.26127062, 9.6927955 ], [ 1.27449907, 9.69300745 ], [ 1.29425699, 9.67998848 ], [ 1.29214578, 9.65869548 ], [ 1.26298546, 9.65171151 ], [ 1.21653853, 9.67082656 ], [ 1.21112082, 9.68719658 ], [ 1.22486751, 9.68762698 ], [ 1.2481007, 9.705621 ] ] ] } },
{ "type": "Feature", "properties": { "canton_id": "D07097308", "canton": "Soumdina", "commune": "Kozah 1", "prefecture": "Kozah", "region": "Kara", "population": 6038, "densite_hab_km2": 221.8, "n_agences": 0, "n_mobile_money": 19, "n_mm_togocom": 18, "n_mm_moov": 12, "n_mm_multi": 12, "mm_pour_10k": 31.5, "agences_pour_100k": 0.0, "habitants_par_mm": 318.0, "couverture_mobile_pct": 100.0, "mm_1km_pct": 87.22, "togocom_5km_pct": 0.0, "n_banques": 0, "n_microfinance": 0, "n_postes": 0, "n_distributeurs": 0, "n_marches": 2, "n_ecoles": 6, "n_superieur": 0, "habitants_pres_marche": 6910, "habitants_pres_ecole": 6879, "indice_acces": 64.6, "distance_route_km": 0.02 }, "geometry": { "type": "Polygon", "coordinates": [ [ [ 1.29214578, 9.65869548 ], [ 1.29191606, 9.61544787 ], [ 1.24775533, 9.62044761 ], [ 1.22878286, 9.63466241 ], [ 1.23281972, 9.66361213 ], [ 1.26298546, 9.65171151 ], [ 1.29214578, 9.65869548 ] ] ] } },
{ "type": "Feature", "properties": { "canton_id": "D07097309", "canton": "Lassa", "commune": "Kozah 1", "prefecture": "Kozah", "region": "Kara", "population": 14648, "densite_hab_km2": 265.0, "n_agences": 0, "n_mobile_money": 60, "n_mm_togocom": 56, "n_mm_moov": 21, "n_mm_multi": 21, "mm_pour_10k": 41.0, "agences_pour_100k": 0.0, "habitants_par_mm": 244.0, "couverture_mobile_pct": 100.0, "mm_1km_pct": 82.28, "togocom_5km_pct": 0.0, "n_banques": 0, "n_microfinance": 0, "n_postes": 0, "n_distributeurs": 0, "n_marches": 8, "n_ecoles": 16, "n_superieur": 0, "habitants_pres_marche": 16806, "habitants_pres_ecole": 16762, "indice_acces": 67.7, "distance_route_km": 0.45 }, "geometry": { "type": "Polygon", "coordinates": [ [ [ 1.29191606, 9.61544787 ], [ 1.27441079, 9.59882153 ], [ 1.26317405, 9.56060786 ], [ 1.24041819, 9.5656841 ], [ 1.20268309, 9.60015866 ], [ 1.2263303, 9.61378055 ], [ 1.22000831, 9.62908487 ], [ 1.18808797, 9.65719951 ], [ 1.21112082, 9.68719658 ], [ 1.21653853, 9.67082656 ], [ 1.23281972, 9.66361213 ], [ 1.22878286, 9.63466241 ], [ 1.24775533, 9.62044761 ], [ 1.29191606, 9.61544787 ] ] ] } },
{ "type": "Feature", "properties": { "canton_id": "D07097310", "canton": "Commune De Kara", "commune": "Kozah 1", "prefecture": "Kozah", "region": "Kara", "population": 113000, "densite_hab_km2": 886.8, "n_agences": 2, "n_mobile_money": 1257, "n_mm_togocom": 1211, "n_mm_moov": 738, "n_mm_multi": 733, "mm_pour_10k": 111.2, "agences_pour_100k": 1.77, "habitants_par_mm": 90.0, "couverture_mobile_pct": 100.0, "mm_1km_pct": 98.09, "togocom_5km_pct": 91.61, "n_banques": 13, "n_microfinance": 6, "n_postes": 2, "n_distributeurs": 10, "n_marches": 13, "n_ecoles": 109, "n_superieur": 8, "habitants_pres_marche": 107435, "habitants_pres_ecole": 106957, "indice_acces": 86.6, "distance_route_km": 0.01 }, "geometry": { "type": "Polygon", "coordinates": [ [ [ 1.20268309, 9.60015866 ], [ 1.24041819, 9.5656841 ], [ 1.26317405, 9.56060786 ], [ 1.25459992, 9.55454247 ], [ 1.2543601, 9.53429195 ], [ 1.22714423, 9.49289599 ], [ 1.20871554, 9.49191387 ], [ 1.11437829, 9.51798924 ], [ 1.11477461, 9.5398634 ], [ 1.13362572, 9.57633989 ], [ 1.1567829, 9.57492625 ], [ 1.19344425, 9.60122129 ], [ 1.20268309, 9.60015866 ] ] ] } },
{ "type": "Feature", "properties": { "canton_id": "D07098311", "canton": "Kouméa", "commune": "Kozah 2", "prefecture": "Kozah", "region": "Kara", "population": 7089, "densite_hab_km2": 146.7, "n_agences": 0, "n_mobile_money": 25, "n_mm_togocom": 24, "n_mm_moov": 8, "n_mm_multi": 8, "mm_pour_10k": 35.3, "agences_pour_100k": 0.0, "habitants_par_mm": 284.0, "couverture_mobile_pct": 100.0, "mm_1km_pct": 84.6, "togocom_5km_pct": 0.0, "n_banques": 0, "n_microfinance": 0, "n_postes": 1, "n_distributeurs": 0, "n_marches": 9, "n_ecoles": 10, "n_superieur": 0, "habitants_pres_marche": 9811, "habitants_pres_ecole": 9776, "indice_acces": 66.2, "distance_route_km": 0.02 }, "geometry": { "type": "Polygon", "coordinates": [ [ [ 1.19159821, 9.75638705 ], [ 1.22671847, 9.71370188 ], [ 1.2481007, 9.705621 ], [ 1.22486751, 9.68762698 ], [ 1.17906317, 9.68619075 ], [ 1.14475224, 9.69436861 ], [ 1.14998438, 9.71346592 ], [ 1.16829048, 9.73141088 ], [ 1.17262662, 9.74413186 ], [ 1.19159821, 9.75638705 ] ] ] } },
{ "type": "Feature", "properties": { "canton_id": "D07098312", "canton": "Tcharè", "commune": "Kozah 2", "prefecture": "Kozah", "region": "Kara", "population": 1955, "densite_hab_km2": 192.8, "n_agences": 0, "n_mobile_money": 8, "n_mm_togocom": 8, "n_mm_moov": 3, "n_mm_multi": 3, "mm_pour_10k": 40.9, "agences_pour_100k": 0.0, "habitants_par_mm": 244.0, "couverture_mobile_pct": 100.0, "mm_1km_pct": 87.05, "togocom_5km_pct": 0.0, "n_banques": 0, "n_microfinance": 0, "n_postes": 0, "n_distributeurs": 0, "n_marches": 2, "n_ecoles": 4, "n_superieur": 0, "habitants_pres_marche": 3189, "habitants_pres_ecole": 3079, "indice_acces": 67.6, "distance_route_km": 0.06 }, "geometry": { "type": "Polygon", "coordinates": [ [ [ 1.18808797, 9.65719951 ], [ 1.16811529, 9.64859253 ], [ 1.16219431, 9.66077879 ], [ 1.18051835, 9.67181252 ], [ 1.17906317, 9.68619075 ], [ 1.21112082, 9.68719658 ], [ 1.18808797, 9.65719951 ] ] ] } },
{ "type": "Feature", "properties": { "canton_id": "D07098313", "canton": "Pya", "commune": "Kozah 2", "prefecture": "Kozah", "region": "Kara", "population": 11094, "densite_hab_km2": 290.2, "n_agences": 0, "n_mobile_money": 40, "n_mm_togocom": 38, "n_mm_moov": 26, "n_mm_multi": 26, "mm_pour_10k": 36.1, "agences_pour_100k": 0.0, "habitants_par_mm": 277.0, "couverture_mobile_pct": 100.0, "mm_1km_pct": 95.5, "togocom_5km_pct": 0.0, "n_banques": 3, "n_microfinance": 1, "n_postes": 1, "n_distributeurs": 0, "n_marches": 5, "n_ecoles": 8, "n_superieur": 3, "habitants_pres_marche": 13859, "habitants_pres_ecole": 13635, "indice_acces": 66.5, "distance_route_km": 0.15 }, "geometry": { "type": "Polygon", "coordinates": [ [ [ 1.16811529, 9.64859253 ], [ 1.13910305, 9.64006404 ], [ 1.09146341, 9.66886453 ], [ 1.10886497, 9.67772763 ], [ 1.12324013, 9.6945681 ], [ 1.17906317, 9.68619075 ], [ 1.18051835, 9.67181252 ], [ 1.16219431, 9.66077879 ], [ 1.16811529, 9.64859253 ] ] ] } },
{ "type": "Feature", "properties": { "canton_id": "D07098314", "canton": "Tchitchao", "commune": "Kozah 2", "prefecture": "Kozah", "region": "Kara", "population": 9472, "densite_hab_km2": 285.4, "n_agences": 0, "n_mobile_money": 9, "n_mm_togocom": 7, "n_mm_moov": 7, "n_mm_multi": 7, "mm_pour_10k": 9.5, "agences_pour_100k": 0.0, "habitants_par_mm": 1052.0, "couverture_mobile_pct": 100.0, "mm_1km_pct": 86.35, "togocom_5km_pct": 0.0, "n_banques": 0, "n_microfinance": 0, "n_postes": 0, "n_distributeurs": 0, "n_marches": 5, "n_ecoles": 7, "n_superieur": 0, "habitants_pres_marche": 9009, "habitants_pres_ecole": 8706, "indice_acces": 49.7, "distance_route_km": 0.01 }, "geometry": { "type": "Polygon", "coordinates": [ [ [ 1.15892329, 9.64228194 ], [ 1.16782164, 9.63919262 ], [ 1.1643719, 9.62432917 ], [ 1.14799305, 9.61234435 ], [ 1.10165586, 9.60060173 ], [ 1.09180408, 9.60738243 ], [ 1.09826585, 9.62185679 ], [ 1.09080919, 9.66502541 ], [ 1.11761529, 9.65673576 ], [ 1.12326705, 9.64677045 ], [ 1.13910305, 9.64006404 ], [ 1.15892329, 9.64228194 ] ] ] } },
{ "type": "Feature", "properties": { "canton_id": "D07098315", "canton": "Bohou", "commune": "Kozah 2", "prefecture": "Kozah", "region": "Kara", "population": 10811, "densite_hab_km2": 317.5, "n_agences": 0, "n_mobile_money": 20, "n_mm_togocom": 18, "n_mm_moov": 11, "n_mm_multi": 11, "mm_pour_10k": 18.5, "agences_pour_100k": 0.0, "habitants_par_mm": 541.0, "couverture_mobile_pct": 100.0, "mm_1km_pct": 64.26, "togocom_5km_pct": 1.51, "n_banques": 0, "n_microfinance": 0, "n_postes": 0, "n_distributeurs": 0, "n_marches": 6, "n_ecoles": 13, "n_superieur": 3, "habitants_pres_marche": 12181, "habitants_pres_ecole": 12036, "indice_acces": 58.2, "distance_route_km": 0.66 }, "geometry": { "type": "Polygon", "coordinates": [ [ [ 1.20609695, 9.60581551 ], [ 1.16932907, 9.58703969 ], [ 1.15240379, 9.61657583 ], [ 1.1643719, 9.62432917 ], [ 1.16782164, 9.63919262 ], [ 1.15892329, 9.64228194 ], [ 1.18808797, 9.65719951 ], [ 1.20195886, 9.64757472 ], [ 1.2263303, 9.61378055 ], [ 1.20609695, 9.60581551 ] ] ] } },
{ "type": "Feature", "properties": { "canton_id": "D07098317", "canton": "Yadè", "commune": "Kozah 2", "prefecture": "Kozah", "region": "Kara", "population": 7376, "densite_hab_km2": 369.9, "n_agences": 0, "n_mobile_money": 16, "n_mm_togocom": 16, "n_mm_moov": 9, "n_mm_multi": 9, "mm_pour_10k": 21.7, "agences_pour_100k": 0.0, "habitants_par_mm": 461.0, "couverture_mobile_pct": 100.0, "mm_1km_pct": 89.0, "togocom_5km_pct": 3.65, "n_banques": 0, "n_microfinance": 0, "n_postes": 0, "n_distributeurs": 0, "n_marches": 0, "n_ecoles": 7, "n_superieur": 0, "habitants_pres_marche": 7468, "habitants_pres_ecole": 7397, "indice_acces": 60.5, "distance_route_km": 0.14 }, "geometry": { "type": "Polygon", "coordinates": [ [ [ 1.16932907, 9.58703969 ], [ 1.1567829, 9.57492625 ], [ 1.13474288, 9.57549195 ], [ 1.10165586, 9.60060173 ], [ 1.15240379, 9.61657583 ], [ 1.16932907, 9.58703969 ] ] ] } },
{ "type": "Feature", "properties": { "canton_id": "D07098316", "canton": "Sara-Kawa", "commune": "Kozah 2", "prefecture": "Kozah", "region": "Kara", "population": 4460, "densite_hab_km2": 51.2, "n_agences": 0, "n_mobile_money": 9, "n_mm_togocom": 8, "n_mm_moov": 8, "n_mm_multi": 7, "mm_pour_10k": 20.2, "agences_pour_100k": 0.0, "habitants_par_mm": 496.0, "couverture_mobile_pct": 100.0, "mm_1km_pct": 53.33, "togocom_5km_pct": 0.0, "n_banques": 0, "n_microfinance": 0, "n_postes": 0, "n_distributeurs": 0, "n_marches": 3, "n_ecoles": 6, "n_superieur": 0, "habitants_pres_marche": 4350, "habitants_pres_ecole": 3602, "indice_acces": 59.3, "distance_route_km": 0.03 }, "geometry": { "type": "Polygon", "coordinates": [ [ [ 1.06111935, 9.6593892 ], [ 1.07240635, 9.66641404 ], [ 1.08099433, 9.65963426 ], [ 1.09080919, 9.66502541 ], [ 1.09826585, 9.62185679 ], [ 1.09180408, 9.60738243 ], [ 1.046531, 9.60217447 ], [ 1.04080187, 9.59547824 ], [ 1.00995831, 9.59783955 ], [ 0.99850102, 9.6065383 ], [ 0.98965184, 9.60394791 ], [ 0.9672107, 9.61340825 ], [ 0.94705108, 9.63255446 ], [ 0.93128134, 9.62242697 ], [ 0.91717696, 9.64277122 ], [ 0.92017059, 9.64738979 ], [ 0.94668719, 9.64156889 ], [ 0.9583443, 9.64646158 ], [ 0.98178465, 9.6363635 ], [ 1.00657826, 9.64939419 ], [ 1.03162945, 9.65092594 ], [ 1.04844191, 9.65889908 ], [ 1.05048657, 9.6670675 ], [ 1.06111935, 9.6593892 ] ] ] } },
{ "type": "Feature", "properties": { "canton_id": "D07099318", "canton": "Awandjélo", "commune": "Kozah 3", "prefecture": "Kozah", "region": "Kara", "population": 13643, "densite_hab_km2": 171.0, "n_agences": 0, "n_mobile_money": 22, "n_mm_togocom": 22, "n_mm_moov": 8, "n_mm_multi": 8, "mm_pour_10k": 16.1, "agences_pour_100k": 0.0, "habitants_par_mm": 620.0, "couverture_mobile_pct": 100.0, "mm_1km_pct": 52.33, "togocom_5km_pct": 0.0, "n_banques": 0, "n_microfinance": 0, "n_postes": 0, "n_distributeurs": 0, "n_marches": 10, "n_ecoles": 14, "n_superieur": 0, "habitants_pres_marche": 10275, "habitants_pres_ecole": 9029, "indice_acces": 56.4, "distance_route_km": 0.42 }, "geometry": { "type": "Polygon", "coordinates": [ [ [ 1.22714423, 9.49289599 ], [ 1.23349584, 9.49312927 ], [ 1.22838411, 9.46618889 ], [ 1.24815205, 9.45424059 ], [ 1.25066125, 9.44008446 ], [ 1.20937451, 9.43605648 ], [ 1.17569713, 9.40220719 ], [ 1.15774286, 9.3973092 ], [ 1.13887169, 9.47676836 ], [ 1.15706696, 9.48592115 ], [ 1.16679031, 9.5023767 ], [ 1.22714423, 9.49289599 ] ] ] } },
{ "type": "Feature", "properties": { "canton_id": "E03105335", "canton": "Nayéga", "commune": "Kpendjal-Ouest 1", "prefecture": "Kpendjal-Ouest", "region": "Savanes", "population": 7200, "densite_hab_km2": 215.2, "n_agences": 0, "n_mobile_money": 6, "n_mm_togocom": 2, "n_mm_moov": 5, "n_mm_multi": 1, "mm_pour_10k": 8.3, "agences_pour_100k": 0.0, "habitants_par_mm": 1200.0, "couverture_mobile_pct": 65.74, "mm_1km_pct": 55.87, "togocom_5km_pct": 0.0, "n_banques": 0, "n_microfinance": 0, "n_postes": 0, "n_distributeurs": 0, "n_marches": 2, "n_ecoles": 5, "n_superieur": 0, "habitants_pres_marche": 6842, "habitants_pres_ecole": 6320, "indice_acces": 32.4, "distance_route_km": 0.61 }, "geometry": { "type": "Polygon", "coordinates": [ [ [ 0.4286745, 10.8065112 ], [ 0.43570359, 10.7930649 ], [ 0.42743613, 10.78044247 ], [ 0.43689105, 10.7644947 ], [ 0.43855479, 10.74340724 ], [ 0.4187002, 10.74089904 ], [ 0.41053673, 10.74866714 ], [ 0.37421764, 10.75917094 ], [ 0.37315657, 10.7725165 ], [ 0.39620889, 10.79327743 ], [ 0.4286745, 10.8065112 ] ] ] } },
{ "type": "Feature", "properties": { "canton_id": "D07100320", "canton": "Djamdè", "commune": "Kozah 4", "prefecture": "Kozah", "region": "Kara", "population": 3153, "densite_hab_km2": 14.6, "n_agences": 0, "n_mobile_money": 10, "n_mm_togocom": 9, "n_mm_moov": 6, "n_mm_multi": 5, "mm_pour_10k": 31.7, "agences_pour_100k": 0.0, "habitants_par_mm": 315.0, "couverture_mobile_pct": 100.0, "mm_1km_pct": 65.38, "togocom_5km_pct": 0.0, "n_banques": 0, "n_microfinance": 0, "n_postes": 0, "n_distributeurs": 0, "n_marches": 2, "n_ecoles": 6, "n_superieur": 0, "habitants_pres_marche": 2393, "habitants_pres_ecole": 2584, "indice_acces": 64.6, "distance_route_km": 0.24 }, "geometry": { "type": "Polygon", "coordinates": [ [ [ 1.13362572, 9.57633989 ], [ 1.11477461, 9.5398634 ], [ 1.11437829, 9.51798924 ], [ 1.06656927, 9.48348936 ], [ 1.05015675, 9.46400466 ], [ 1.03142847, 9.42162642 ], [ 0.96896967, 9.43150361 ], [ 0.97325026, 9.46242952 ], [ 0.98692458, 9.47785832 ], [ 0.9845194, 9.52141441 ], [ 0.99343683, 9.53546071 ], [ 0.9913089, 9.55028331 ], [ 1.0115022, 9.59763836 ], [ 1.04080187, 9.59547824 ], [ 1.046531, 9.60217447 ], [ 1.09180408, 9.60738243 ], [ 1.13362572, 9.57633989 ] ] ] } },
{ "type": "Feature", "properties": { "canton_id": "D07100321", "canton": "Atchangbadè", "commune": "Kozah 4", "prefecture": "Kozah", "region": "Kara", "population": 17168, "densite_hab_km2": 115.3, "n_agences": 0, "n_mobile_money": 25, "n_mm_togocom": 25, "n_mm_moov": 11, "n_mm_multi": 11, "mm_pour_10k": 14.6, "agences_pour_100k": 0.0, "habitants_par_mm": 687.0, "couverture_mobile_pct": 100.0, "mm_1km_pct": 41.54, "togocom_5km_pct": 0.0, "n_banques": 0, "n_microfinance": 0, "n_postes": 1, "n_distributeurs": 0, "n_marches": 2, "n_ecoles": 27, "n_superieur": 0, "habitants_pres_marche": 16710, "habitants_pres_ecole": 17600, "indice_acces": 55.5, "distance_route_km": 0.39 }, "geometry": { "type": "Polygon", "coordinates": [ [ [ 1.11437829, 9.51798924 ], [ 1.16679031, 9.5023767 ], [ 1.15706696, 9.48592115 ], [ 1.13887169, 9.47676836 ], [ 1.15774286, 9.3973092 ], [ 1.10094977, 9.37527853 ], [ 1.08562201, 9.37536482 ], [ 1.03142847, 9.42162642 ], [ 1.05015675, 9.46400466 ], [ 1.06656927, 9.48348936 ], [ 1.11437829, 9.51798924 ] ] ] } },
{ "type": "Feature", "properties": { "canton_id": "D07099319", "canton": "Kpinzindè", "commune": "Kozah 3", "prefecture": "Kozah", "region": "Kara", "population": 10300, "densite_hab_km2": 85.9, "n_agences": 0, "n_mobile_money": 12, "n_mm_togocom": 10, "n_mm_moov": 0, "n_mm_multi": 0, "mm_pour_10k": 11.7, "agences_pour_100k": 0.0, "habitants_par_mm": 858.0, "couverture_mobile_pct": 99.61, "mm_1km_pct": 41.32, "togocom_5km_pct": 0.0, "n_banques": 0, "n_microfinance": 0, "n_postes": 0, "n_distributeurs": 0, "n_marches": 17, "n_ecoles": 14, "n_superieur": 0, "habitants_pres_marche": 7806, "habitants_pres_ecole": 6457, "indice_acces": 41.2, "distance_route_km": 0.78 }, "geometry": { "type": "Polygon", "coordinates": [ [ [ 1.26407874, 9.52458587 ], [ 1.27177849, 9.53185369 ], [ 1.27793475, 9.52071652 ], [ 1.28936549, 9.52546711 ], [ 1.31309321, 9.5179449 ], [ 1.32620293, 9.4936614 ], [ 1.34024917, 9.4858565 ], [ 1.34447459, 9.4892794 ], [ 1.36202197, 9.48236094 ], [ 1.36856983, 9.49242397 ], [ 1.37819116, 9.4893588 ], [ 1.38712247, 9.49919727 ], [ 1.40009507, 9.42405866 ], [ 1.37030462, 9.43965523 ], [ 1.36423732, 9.46068103 ], [ 1.33134859, 9.46218533 ], [ 1.30977069, 9.44217817 ], [ 1.27658217, 9.43606191 ], [ 1.25066125, 9.44008446 ], [ 1.24815205, 9.45424059 ], [ 1.22838411, 9.46618889 ], [ 1.23349584, 9.49312927 ], [ 1.22714423, 9.49289599 ], [ 1.2543601, 9.53429195 ], [ 1.26407874, 9.52458587 ] ] ] } },
{ "type": "Feature", "properties": { "canton_id": "E01101322", "canton": "Gouloungoussi", "commune": "Cinkassé 1", "prefecture": "Cinkassé", "region": "Savanes", "population": 5888, "densite_hab_km2": 333.2, "n_agences": 0, "n_mobile_money": 2, "n_mm_togocom": 2, "n_mm_moov": 2, "n_mm_multi": 2, "mm_pour_10k": 3.4, "agences_pour_100k": 0.0, "habitants_par_mm": 2944.0, "couverture_mobile_pct": 100.0, "mm_1km_pct": 46.0, "togocom_5km_pct": 0.0, "n_banques": 0, "n_microfinance": 0, "n_postes": 0, "n_distributeurs": 0, "n_marches": 1, "n_ecoles": 7, "n_superieur": 0, "habitants_pres_marche": 3671, "habitants_pres_ecole": 3404, "indice_acces": 41.7, "distance_route_km": 0.49 }, "geometry": { "type": "Polygon", "coordinates": [ [ [ -0.13562924, 11.13768878 ], [ -0.08542257, 11.12724713 ], [ -0.10465334, 11.10592029 ], [ -0.10691574, 11.09504093 ], [ -0.12567563, 11.10506259 ], [ -0.14341663, 11.10585394 ], [ -0.13562924, 11.13768878 ] ] ] } },
{ "type": "Feature", "properties": { "canton_id": "E01101323", "canton": "Noaga", "commune": "Cinkassé 1", "prefecture": "Cinkassé", "region": "Savanes", "population": 1041, "densite_hab_km2": 92.8, "n_agences": 0, "n_mobile_money": 0, "n_mm_togocom": 0, "n_mm_moov": 0, "n_mm_multi": 0, "mm_pour_10k": 0.0, "agences_pour_100k": 0.0, "habitants_par_mm": null, "couverture_mobile_pct": 100.0, "mm_1km_pct": 0.0, "togocom_5km_pct": 0.0, "n_banques": 0, "n_microfinance": 0, "n_postes": 0, "n_distributeurs": 0, "n_marches": 0, "n_ecoles": 1, "n_superieur": 0, "habitants_pres_marche": 702, "habitants_pres_ecole": 409, "indice_acces": 38.7, "distance_route_km": 2.35 }, "geometry": { "type": "Polygon", "coordinates": [ [ [ -0.10465334, 11.10592029 ], [ -0.09349368, 11.10088185 ], [ -0.0674534, 11.10556564 ], [ -0.0457084, 11.09776896 ], [ -0.05432101, 11.08553261 ], [ -0.08138634, 11.08379832 ], [ -0.1032422, 11.08976252 ], [ -0.10465334, 11.10592029 ] ] ] } },
{ "type": "Feature", "properties": { "canton_id": "E01101324", "canton": "Boadé", "commune": "Cinkassé 1", "prefecture": "Cinkassé", "region": "Savanes", "population": 4197, "densite_hab_km2": 253.4, "n_agences": 0, "n_mobile_money": 2, "n_mm_togocom": 2, "n_mm_moov": 1, "n_mm_multi": 1, "mm_pour_10k": 4.8, "agences_pour_100k": 0.0, "habitants_par_mm": 2098.0, "couverture_mobile_pct": 100.0, "mm_1km_pct": 55.68, "togocom_5km_pct": 0.0, "n_banques": 0, "n_microfinance": 0, "n_postes": 0, "n_distributeurs": 0, "n_marches": 0, "n_ecoles": 4, "n_superieur": 0, "habitants_pres_marche": 1893, "habitants_pres_ecole": 2418, "indice_acces": 43.4, "distance_route_km": 0.18 }, "geometry": { "type": "Polygon", "coordinates": [ [ [ -0.00795468, 11.11268842 ], [ -0.00882548, 11.10700752 ], [ -0.02690963, 11.11100116 ], [ -0.04571608, 11.09928958 ], [ -0.10465334, 11.10592029 ], [ -0.0854075, 11.12727966 ], [ -0.00795468, 11.11268842 ] ] ] } },
{ "type": "Feature", "properties": { "canton_id": "E01101325", "canton": "E01101325", "commune": "E01101325", "prefecture": "E01101325", "region": "Savanes", "population": 35202, "densite_hab_km2": 783.6, "n_agences": 2, "n_mobile_money": 428, "n_mm_togocom": 417, "n_mm_moov": 195, "n_mm_multi": 194, "mm_pour_10k": 121.6, "agences_pour_100k": 5.68, "habitants_par_mm": 82.0, "couverture_mobile_pct": 100.0, "mm_1km_pct": 96.35, "togocom_5km_pct": 97.84, "n_banques": 10, "n_microfinance": 6, "n_postes": 1, "n_distributeurs": 10, "n_marches": 2, "n_ecoles": 37, "n_superieur": 0, "habitants_pres_marche": 35662, "habitants_pres_ecole": 35786, "indice_acces": 88.9, "distance_route_km": 1.2 }, "geometry": { "type": "Polygon", "coordinates": [ [ [ -0.00882548, 11.10700752 ], [ -0.00795468, 11.11268842 ], [ 0.01232509, 11.11237765 ], [ 0.0964359, 11.09392382 ], [ 0.06191252, 11.05154256 ], [ 0.05174302, 11.06011501 ], [ 0.01952278, 11.06298676 ], [ -0.00035888, 11.07880817 ], [ 0.00133594, 11.09180716 ], [ -0.00882548, 11.10700752 ] ] ] } },
{ "type": "Feature", "properties": { "canton_id": "E01102326", "canton": "Biankouri", "commune": "Cinkassé 2", "prefecture": "Cinkassé", "region": "Savanes", "population": 10456, "densite_hab_km2": 299.9, "n_agences": 0, "n_mobile_money": 15, "n_mm_togocom": 12, "n_mm_moov": 12, "n_mm_multi": 9, "mm_pour_10k": 14.3, "agences_pour_100k": 0.0, "habitants_par_mm": 697.0, "couverture_mobile_pct": 100.0, "mm_1km_pct": 46.78, "togocom_5km_pct": 20.97, "n_banques": 0, "n_microfinance": 0, "n_postes": 0, "n_distributeurs": 0, "n_marches": 3, "n_ecoles": 7, "n_superieur": 0, "habitants_pres_marche": 13947, "habitants_pres_ecole": 12951, "indice_acces": 55.4, "distance_route_km": 0.03 }, "geometry": { "type": "Polygon", "coordinates": [ [ [ 0.08125148, 11.01798317 ], [ 0.07884874, 11.00795428 ], [ 0.02816276, 11.00215581 ], [ 0.01952278, 11.06298676 ], [ 0.05174302, 11.06011501 ], [ 0.0697083, 11.04941738 ], [ 0.08253664, 11.03590059 ], [ 0.08125148, 11.01798317 ] ] ] } },
{ "type": "Feature", "properties": { "canton_id": "E01102327", "canton": "Nadjoundi", "commune": "Cinkassé 2", "prefecture": "Cinkassé", "region": "Savanes", "population": 10704, "densite_hab_km2": 271.4, "n_agences": 0, "n_mobile_money": 17, "n_mm_togocom": 15, "n_mm_moov": 14, "n_mm_multi": 12, "mm_pour_10k": 15.9, "agences_pour_100k": 0.0, "habitants_par_mm": 630.0, "couverture_mobile_pct": 100.0, "mm_1km_pct": 50.81, "togocom_5km_pct": 0.0, "n_banques": 0, "n_microfinance": 0, "n_postes": 0, "n_distributeurs": 0, "n_marches": 2, "n_ecoles": 10, "n_superieur": 0, "habitants_pres_marche": 9708, "habitants_pres_ecole": 9310, "indice_acces": 56.2, "distance_route_km": 0.07 }, "geometry": { "type": "Polygon", "coordinates": [ [ [ 0.16682753, 11.04891004 ], [ 0.17627186, 11.04184499 ], [ 0.20700969, 11.03711515 ], [ 0.21468611, 11.02087943 ], [ 0.2077114, 11.01115402 ], [ 0.20978291, 10.99685696 ], [ 0.1729136, 10.97979422 ], [ 0.14625063, 10.99317839 ], [ 0.15767613, 11.01220941 ], [ 0.15415107, 11.02549282 ], [ 0.15985019, 11.03231405 ], [ 0.13339332, 11.0322883 ], [ 0.15538558, 11.05127875 ], [ 0.16682753, 11.04891004 ] ] ] } },
{ "type": "Feature", "properties": { "canton_id": "E01102328", "canton": "Timbou", "commune": "Cinkassé 2", "prefecture": "Cinkassé", "region": "Savanes", "population": 15301, "densite_hab_km2": 330.9, "n_agences": 0, "n_mobile_money": 23, "n_mm_togocom": 22, "n_mm_moov": 19, "n_mm_multi": 18, "mm_pour_10k": 15.0, "agences_pour_100k": 0.0, "habitants_par_mm": 665.0, "couverture_mobile_pct": 100.0, "mm_1km_pct": 59.81, "togocom_5km_pct": 0.36, "n_banques": 0, "n_microfinance": 1, "n_postes": 0, "n_distributeurs": 0, "n_marches": 2, "n_ecoles": 11, "n_superieur": 0, "habitants_pres_marche": 17075, "habitants_pres_ecole": 16595, "indice_acces": 55.9, "distance_route_km": 0.25 }, "geometry": { "type": "Polygon", "coordinates": [ [ [ 0.12252305, 11.04036998 ], [ 0.13339332, 11.0322883 ], [ 0.15985019, 11.03231405 ], [ 0.15415107, 11.02549282 ], [ 0.15767613, 11.01220941 ], [ 0.13526257, 10.97979869 ], [ 0.12006922, 11.00064368 ], [ 0.10251723, 10.99873034 ], [ 0.07884874, 11.00795428 ], [ 0.08253664, 11.03590059 ], [ 0.06191252, 11.05154256 ], [ 0.07717362, 11.07037491 ], [ 0.12252305, 11.04036998 ] ] ] } },
{ "type": "Feature", "properties": { "canton_id": "E01102329", "canton": "Sam-Naba", "commune": "Cinkassé 2", "prefecture": "Cinkassé", "region": "Savanes", "population": 8805, "densite_hab_km2": 196.3, "n_agences": 0, "n_mobile_money": 20, "n_mm_togocom": 20, "n_mm_moov": 13, "n_mm_multi": 13, "mm_pour_10k": 22.7, "agences_pour_100k": 0.0, "habitants_par_mm": 440.0, "couverture_mobile_pct": 100.0, "mm_1km_pct": 74.94, "togocom_5km_pct": 0.28, "n_banques": 0, "n_microfinance": 1, "n_postes": 0, "n_distributeurs": 0, "n_marches": 1, "n_ecoles": 9, "n_superieur": 0, "habitants_pres_marche": 9572, "habitants_pres_ecole": 9128, "indice_acces": 60.9, "distance_route_km": 0.01 }, "geometry": { "type": "Polygon", "coordinates": [ [ [ 0.17493434, 11.05292196 ], [ 0.18763396, 11.04257131 ], [ 0.15538558, 11.05127875 ], [ 0.13339332, 11.0322883 ], [ 0.07717362, 11.07037491 ], [ 0.09644328, 11.0939382 ], [ 0.17813274, 11.07679203 ], [ 0.17493434, 11.05292196 ] ] ] } },
{ "type": "Feature", "properties": { "canton_id": "E02103330", "canton": "Tambigou", "commune": "Kpendjal 1", "prefecture": "Kpendjal", "region": "Savanes", "population": 4449, "densite_hab_km2": 44.1, "n_agences": 0, "n_mobile_money": 1, "n_mm_togocom": 1, "n_mm_moov": 1, "n_mm_multi": 1, "mm_pour_10k": 2.2, "agences_pour_100k": 0.0, "habitants_par_mm": 4449.0, "couverture_mobile_pct": 0.0, "mm_1km_pct": 24.44, "togocom_5km_pct": 0.0, "n_banques": 0, "n_microfinance": 0, "n_postes": 0, "n_distributeurs": 0, "n_marches": 0, "n_ecoles": 3, "n_superieur": 0, "habitants_pres_marche": 0, "habitants_pres_ecole": 2306, "indice_acces": 19.3, "distance_route_km": 2.14 }, "geometry": { "type": "Polygon", "coordinates": [ [ [ 0.87378021, 10.80503577 ], [ 0.80657931, 10.72922546 ], [ 0.77357496, 10.73208619 ], [ 0.69091105, 10.72382023 ], [ 0.69342371, 10.75669372 ], [ 0.71504327, 10.76113589 ], [ 0.74407223, 10.74944151 ], [ 0.74806251, 10.75260388 ], [ 0.73887642, 10.76632395 ], [ 0.74199691, 10.77282235 ], [ 0.76322414, 10.78780784 ], [ 0.77598007, 10.77703716 ], [ 0.78351209, 10.78711823 ], [ 0.80796966, 10.79418615 ], [ 0.81225066, 10.81573326 ], [ 0.84326131, 10.83031368 ], [ 0.87378021, 10.80503577 ] ] ] } },
{ "type": "Feature", "properties": { "canton_id": "E02103331", "canton": "Koundjoaré", "commune": "Kpendjal 1", "prefecture": "Kpendjal", "region": "Savanes", "population": 13511, "densite_hab_km2": 51.8, "n_agences": 0, "n_mobile_money": 16, "n_mm_togocom": 14, "n_mm_moov": 12, "n_mm_multi": 10, "mm_pour_10k": 11.8, "agences_pour_100k": 0.0, "habitants_par_mm": 844.0, "couverture_mobile_pct": 0.0, "mm_1km_pct": 55.56, "togocom_5km_pct": 0.0, "n_banques": 0, "n_microfinance": 0, "n_postes": 0, "n_distributeurs": 0, "n_marches": 2, "n_ecoles": 10, "n_superieur": 0, "habitants_pres_marche": 14819, "habitants_pres_ecole": 14933, "indice_acces": 31.6, "distance_route_km": 0.7 }, "geometry": { "type": "Polygon", "coordinates": [ [ [ 0.81286218, 10.99993495 ], [ 0.79248277, 10.94997886 ], [ 0.7512537, 10.94042126 ], [ 0.70049553, 10.91643926 ], [ 0.68773139, 10.85179812 ], [ 0.58211466, 10.87354414 ], [ 0.56576949, 10.88828855 ], [ 0.58880515, 10.90696462 ], [ 0.56831034, 10.93718865 ], [ 0.56563839, 10.9603209 ], [ 0.66407557, 10.99994232 ], [ 0.81286218, 10.99993495 ] ] ] } },
{ "type": "Feature", "properties": { "canton_id": "E02103332", "canton": "Mandouri", "commune": "Kpendjal 1", "prefecture": "Kpendjal", "region": "Savanes", "population": 16705, "densite_hab_km2": 47.2, "n_agences": 0, "n_mobile_money": 17, "n_mm_togocom": 13, "n_mm_moov": 12, "n_mm_multi": 9, "mm_pour_10k": 10.2, "agences_pour_100k": 0.0, "habitants_par_mm": 983.0, "couverture_mobile_pct": 0.0, "mm_1km_pct": 41.46, "togocom_5km_pct": 0.0, "n_banques": 0, "n_microfinance": 0, "n_postes": 1, "n_distributeurs": 0, "n_marches": 2, "n_ecoles": 20, "n_superieur": 0, "habitants_pres_marche": 12270, "habitants_pres_ecole": 12321, "indice_acces": 29.4, "distance_route_km": 2.16 }, "geometry": { "type": "Polygon", "coordinates": [ [ [ 0.88080125, 10.85418995 ], [ 0.87377899, 10.80503726 ], [ 0.84326131, 10.83031368 ], [ 0.81225066, 10.81573326 ], [ 0.81132743, 10.79734345 ], [ 0.79004774, 10.78904505 ], [ 0.77646955, 10.79667694 ], [ 0.76628761, 10.8306534 ], [ 0.72526013, 10.83515785 ], [ 0.71282549, 10.83088806 ], [ 0.68773139, 10.85179812 ], [ 0.70049553, 10.91643926 ], [ 0.7512537, 10.94042126 ], [ 0.79248277, 10.94997886 ], [ 0.81286218, 10.99993495 ], [ 0.91380548, 10.99988841 ], [ 0.88801239, 10.91111978 ], [ 0.89959714, 10.88521198 ], [ 0.88080125, 10.85418995 ] ] ] } },
{ "type": "Feature", "properties": { "canton_id": "E02104333", "canton": "Borgou", "commune": "Kpendjal 2", "prefecture": "Kpendjal", "region": "Savanes", "population": 24666, "densite_hab_km2": 63.5, "n_agences": 0, "n_mobile_money": 5, "n_mm_togocom": 4, "n_mm_moov": 2, "n_mm_multi": 2, "mm_pour_10k": 2.0, "agences_pour_100k": 0.0, "habitants_par_mm": 4933.0, "couverture_mobile_pct": 0.0, "mm_1km_pct": 17.57, "togocom_5km_pct": 0.0, "n_banques": 0, "n_microfinance": 0, "n_postes": 0, "n_distributeurs": 0, "n_marches": 4, "n_ecoles": 19, "n_superieur": 0, "habitants_pres_marche": 11442, "habitants_pres_ecole": 15494, "indice_acces": 19.1, "distance_route_km": 0.51 }, "geometry": { "type": "Polygon", "coordinates": [ [ [ 0.68773139, 10.85179812 ], [ 0.71282549, 10.83088806 ], [ 0.72526013, 10.83515785 ], [ 0.76628761, 10.8306534 ], [ 0.77646955, 10.79667694 ], [ 0.79004774, 10.78904505 ], [ 0.77598007, 10.77703716 ], [ 0.76322414, 10.78780784 ], [ 0.74199691, 10.77282235 ], [ 0.73887642, 10.76632395 ], [ 0.74806251, 10.75260388 ], [ 0.74407223, 10.74944151 ], [ 0.71504327, 10.76113589 ], [ 0.69342371, 10.75669372 ], [ 0.69091105, 10.72382023 ], [ 0.64063099, 10.71564357 ], [ 0.55694843, 10.68477037 ], [ 0.51994158, 10.69390893 ], [ 0.53626122, 10.73652575 ], [ 0.5352357, 10.78339916 ], [ 0.51852402, 10.84997333 ], [ 0.56576949, 10.88828855 ], [ 0.58211466, 10.87354414 ], [ 0.68773139, 10.85179812 ] ] ] } },
{ "type": "Feature", "properties": { "canton_id": "E03105334", "canton": "Naki-Est", "commune": "Kpendjal-Ouest 1", "prefecture": "Kpendjal-Ouest", "region": "Savanes", "population": 28784, "densite_hab_km2": 208.5, "n_agences": 0, "n_mobile_money": 47, "n_mm_togocom": 42, "n_mm_moov": 34, "n_mm_multi": 30, "mm_pour_10k": 16.3, "agences_pour_100k": 0.0, "habitants_par_mm": 612.0, "couverture_mobile_pct": 77.63, "mm_1km_pct": 66.81, "togocom_5km_pct": 0.0, "n_banques": 0, "n_microfinance": 1, "n_postes": 0, "n_distributeurs": 0, "n_marches": 7, "n_ecoles": 18, "n_superieur": 0, "habitants_pres_marche": 25591, "habitants_pres_ecole": 22729, "indice_acces": 42.0, "distance_route_km": 0.16 }, "geometry": { "type": "Polygon", "coordinates": [ [ [ 0.3445128, 10.83484511 ], [ 0.36070053, 10.83511749 ], [ 0.39207627, 10.82157621 ], [ 0.40390171, 10.83134982 ], [ 0.45039699, 10.83572137 ], [ 0.4286745, 10.8065112 ], [ 0.39620889, 10.79327743 ], [ 0.37105946, 10.76515372 ], [ 0.38128159, 10.754423 ], [ 0.41053673, 10.74866714 ], [ 0.4250056, 10.73489855 ], [ 0.43208503, 10.68966917 ], [ 0.38174792, 10.69085395 ], [ 0.35693827, 10.70073637 ], [ 0.34079584, 10.69216189 ], [ 0.32489078, 10.7006918 ], [ 0.32596358, 10.72201217 ], [ 0.35031208, 10.75746657 ], [ 0.35007981, 10.78214855 ], [ 0.34267932, 10.78396521 ], [ 0.31685395, 10.76355353 ], [ 0.30777675, 10.77749848 ], [ 0.32503805, 10.81920967 ], [ 0.3445128, 10.83484511 ] ] ] } },
{ "type": "Feature", "properties": { "canton_id": "E03105336", "canton": "Ogaro", "commune": "Kpendjal-Ouest 1", "prefecture": "Kpendjal-Ouest", "region": "Savanes", "population": 25998, "densite_hab_km2": 145.1, "n_agences": 0, "n_mobile_money": 20, "n_mm_togocom": 12, "n_mm_moov": 20, "n_mm_multi": 12, "mm_pour_10k": 7.7, "agences_pour_100k": 0.0, "habitants_par_mm": 1300.0, "couverture_mobile_pct": 1.06, "mm_1km_pct": 51.35, "togocom_5km_pct": 0.0, "n_banques": 0, "n_microfinance": 0, "n_postes": 0, "n_distributeurs": 0, "n_marches": 5, "n_ecoles": 13, "n_superieur": 0, "habitants_pres_marche": 21151, "habitants_pres_ecole": 18781, "indice_acces": 27.7, "distance_route_km": 0.04 }, "geometry": { "type": "Polygon", "coordinates": [ [ [ 0.5352357, 10.78339916 ], [ 0.53626122, 10.73652575 ], [ 0.51994158, 10.69390893 ], [ 0.48781831, 10.70068403 ], [ 0.43208503, 10.68966917 ], [ 0.4250056, 10.73489855 ], [ 0.4187002, 10.74089904 ], [ 0.43855479, 10.74340724 ], [ 0.43689105, 10.7644947 ], [ 0.42743613, 10.78044247 ], [ 0.43570359, 10.7930649 ], [ 0.4286745, 10.8065112 ], [ 0.45039699, 10.83572137 ], [ 0.47419992, 10.85369844 ], [ 0.51161094, 10.85547249 ], [ 0.51852402, 10.84997333 ], [ 0.5352357, 10.78339916 ] ] ] } },
{ "type": "Feature", "properties": { "canton_id": "E03106337", "canton": "Papri", "commune": "Kpendjal-Ouest 2", "prefecture": "Kpendjal-Ouest", "region": "Savanes", "population": 10627, "densite_hab_km2": 373.9, "n_agences": 0, "n_mobile_money": 20, "n_mm_togocom": 18, "n_mm_moov": 16, "n_mm_multi": 14, "mm_pour_10k": 18.8, "agences_pour_100k": 0.0, "habitants_par_mm": 531.0, "couverture_mobile_pct": 100.0, "mm_1km_pct": 66.58, "togocom_5km_pct": 0.0, "n_banques": 0, "n_microfinance": 2, "n_postes": 0, "n_distributeurs": 0, "n_marches": 2, "n_ecoles": 11, "n_superieur": 0, "habitants_pres_marche": 18756, "habitants_pres_ecole": 18068, "indice_acces": 58.5, "distance_route_km": 1.06 }, "geometry": { "type": "Polygon", "coordinates": [ [ [ 0.42170524, 11.01806476 ], [ 0.43409154, 11.01017121 ], [ 0.43393665, 10.99292946 ], [ 0.43980922, 10.98789573 ], [ 0.44753845, 10.99533524 ], [ 0.46114186, 10.99019059 ], [ 0.46195119, 10.97852819 ], [ 0.449503, 10.97464293 ], [ 0.44610793, 10.95683546 ], [ 0.40420694, 10.93367857 ], [ 0.42170524, 11.01806476 ] ] ] } },
{ "type": "Feature", "properties": { "canton_id": "E03106338", "canton": "Tambonga", "commune": "Kpendjal-Ouest 2", "prefecture": "Kpendjal-Ouest", "region": "Savanes", "population": 7434, "densite_hab_km2": 182.9, "n_agences": 0, "n_mobile_money": 9, "n_mm_togocom": 7, "n_mm_moov": 6, "n_mm_multi": 4, "mm_pour_10k": 12.1, "agences_pour_100k": 0.0, "habitants_par_mm": 826.0, "couverture_mobile_pct": 100.0, "mm_1km_pct": 53.19, "togocom_5km_pct": 0.0, "n_banques": 0, "n_microfinance": 0, "n_postes": 0, "n_distributeurs": 0, "n_marches": 2, "n_ecoles": 5, "n_superieur": 0, "habitants_pres_marche": 8983, "habitants_pres_ecole": 7607, "indice_acces": 53.3, "distance_route_km": 1.04 }, "geometry": { "type": "Polygon", "coordinates": [ [ [ 0.44117075, 10.95387263 ], [ 0.48376525, 10.94536238 ], [ 0.4945229, 10.9317447 ], [ 0.48225535, 10.92610133 ], [ 0.48402372, 10.9207236 ], [ 0.47601874, 10.91448074 ], [ 0.48595596, 10.90187478 ], [ 0.45623602, 10.90120037 ], [ 0.40078497, 10.91428907 ], [ 0.40420694, 10.93367857 ], [ 0.44117075, 10.95387263 ] ] ] } },
{ "type": "Feature", "properties": { "canton_id": "E03106339", "canton": "Namoundjoga", "commune": "Kpendjal-Ouest 2", "prefecture": "Kpendjal-Ouest", "region": "Savanes", "population": 10326, "densite_hab_km2": 117.7, "n_agences": 0, "n_mobile_money": 11, "n_mm_togocom": 11, "n_mm_moov": 5, "n_mm_multi": 5, "mm_pour_10k": 10.7, "agences_pour_100k": 0.0, "habitants_par_mm": 939.0, "couverture_mobile_pct": 99.87, "mm_1km_pct": 38.21, "togocom_5km_pct": 0.0, "n_banques": 0, "n_microfinance": 1, "n_postes": 0, "n_distributeurs": 0, "n_marches": 2, "n_ecoles": 11, "n_superieur": 0, "habitants_pres_marche": 9556, "habitants_pres_ecole": 8855, "indice_acces": 40.3, "distance_route_km": 0.46 }, "geometry": { "type": "Polygon", "coordinates": [ [ [ 0.3688815, 10.88820591 ], [ 0.40078497, 10.91428907 ], [ 0.45623602, 10.90120037 ], [ 0.48595596, 10.90187478 ], [ 0.48888905, 10.85822606 ], [ 0.4379386, 10.83160989 ], [ 0.40390171, 10.83134982 ], [ 0.36716199, 10.87378419 ], [ 0.3688815, 10.88820591 ] ] ] } },
{ "type": "Feature", "properties": { "canton_id": "E04109341", "canton": "Mango", "commune": "Oti 1", "prefecture": "Oti", "region": "Savanes", "population": 43274, "densite_hab_km2": 117.5, "n_agences": 1, "n_mobile_money": 202, "n_mm_togocom": 186, "n_mm_moov": 121, "n_mm_multi": 118, "mm_pour_10k": 46.7, "agences_pour_100k": 2.31, "habitants_par_mm": 214.0, "couverture_mobile_pct": 100.0, "mm_1km_pct": 85.39, "togocom_5km_pct": 86.85, "n_banques": 4, "n_microfinance": 3, "n_postes": 1, "n_distributeurs": 0, "n_marches": 4, "n_ecoles": 38, "n_superieur": 0, "habitants_pres_marche": 47266, "habitants_pres_ecole": 48857, "indice_acces": 85.0, "distance_route_km": 0.18 }, "geometry": { "type": "Polygon", "coordinates": [ [ [ 0.5612839, 10.42874059 ], [ 0.58651837, 10.31372671 ], [ 0.55851133, 10.26586215 ], [ 0.49694631, 10.22902584 ], [ 0.48408525, 10.24741717 ], [ 0.48407015, 10.2843462 ], [ 0.46005012, 10.3102097 ], [ 0.43971972, 10.31311131 ], [ 0.42592107, 10.30733453 ], [ 0.41526845, 10.30066841 ], [ 0.40656667, 10.2812212 ], [ 0.38195717, 10.27178142 ], [ 0.36952205, 10.28459395 ], [ 0.37796565, 10.28690267 ], [ 0.38368472, 10.30059945 ], [ 0.39736692, 10.30519571 ], [ 0.39588253, 10.31375447 ], [ 0.35328729, 10.31381041 ], [ 0.34775564, 10.30737432 ], [ 0.31628857, 10.31046043 ], [ 0.33801728, 10.32528004 ], [ 0.3333443, 10.33683226 ], [ 0.31530593, 10.33774728 ], [ 0.31404868, 10.35968976 ], [ 0.30710641, 10.37042777 ], [ 0.40549622, 10.38111705 ], [ 0.44124365, 10.41852603 ], [ 0.5612839, 10.42874059 ] ] ] } },
{ "type": "Feature", "properties": { "canton_id": "E03106340", "canton": "Pogno", "commune": "Kpendjal-Ouest 2", "prefecture": "Kpendjal-Ouest", "region": "Savanes", "population": 14588, "densite_hab_km2": 103.0, "n_agences": 0, "n_mobile_money": 16, "n_mm_togocom": 13, "n_mm_moov": 13, "n_mm_multi": 10, "mm_pour_10k": 11.0, "agences_pour_100k": 0.0, "habitants_par_mm": 912.0, "couverture_mobile_pct": 43.34, "mm_1km_pct": 38.44, "togocom_5km_pct": 0.0, "n_banques": 0, "n_microfinance": 0, "n_postes": 0, "n_distributeurs": 0, "n_marches": 4, "n_ecoles": 17, "n_superieur": 0, "habitants_pres_marche": 16220, "habitants_pres_ecole": 15838, "indice_acces": 35.4, "distance_route_km": 0.2 }, "geometry": { "type": "Polygon", "coordinates": [ [ [ 0.42415565, 11.02502189 ], [ 0.50383186, 11.00833233 ], [ 0.49718187, 10.98862015 ], [ 0.50777448, 10.9905679 ], [ 0.51690667, 10.97121814 ], [ 0.50100307, 10.93428354 ], [ 0.56563839, 10.9603209 ], [ 0.56831034, 10.93718865 ], [ 0.58880515, 10.90696462 ], [ 0.51852402, 10.84997333 ], [ 0.48888905, 10.85822606 ], [ 0.48595596, 10.90187478 ], [ 0.47601874, 10.91448074 ], [ 0.48402372, 10.9207236 ], [ 0.48225535, 10.92610133 ], [ 0.4945229, 10.9317447 ], [ 0.48376525, 10.94536238 ], [ 0.44117075, 10.95387263 ], [ 0.449503, 10.97464293 ], [ 0.46195119, 10.97852819 ], [ 0.46114186, 10.99019059 ], [ 0.44753845, 10.99533524 ], [ 0.43980922, 10.98789573 ], [ 0.43393665, 10.99292946 ], [ 0.43409154, 11.01017121 ], [ 0.42170524, 11.01806476 ], [ 0.42415565, 11.02502189 ] ] ] } },
{ "type": "Feature", "properties": { "canton_id": "E04110347", "canton": "Galangashie", "commune": "Oti 2", "prefecture": "Oti", "region": "Savanes", "population": 22593, "densite_hab_km2": 59.7, "n_agences": 0, "n_mobile_money": 16, "n_mm_togocom": 15, "n_mm_moov": 8, "n_mm_multi": 7, "mm_pour_10k": 7.1, "agences_pour_100k": 0.0, "habitants_par_mm": 1412.0, "couverture_mobile_pct": 100.0, "mm_1km_pct": 49.49, "togocom_5km_pct": 0.0, "n_banques": 0, "n_microfinance": 0, "n_postes": 0, "n_distributeurs": 0, "n_marches": 2, "n_ecoles": 14, "n_superieur": 0, "habitants_pres_marche": 10296, "habitants_pres_ecole": 10391, "indice_acces": 45.9, "distance_route_km": 0.16 }, "geometry": { "type": "Polygon", "coordinates": [ [ [ 0.23243274, 10.49341953 ], [ 0.22371939, 10.50015585 ], [ 0.23678357, 10.49812222 ], [ 0.2416362, 10.51023205 ], [ 0.25868104, 10.52265215 ], [ 0.31457966, 10.53601742 ], [ 0.31368726, 10.54357809 ], [ 0.2987102, 10.54611103 ], [ 0.39084819, 10.58598478 ], [ 0.41106312, 10.57148147 ], [ 0.41389185, 10.49819959 ], [ 0.44124365, 10.41852603 ], [ 0.40549622, 10.38111705 ], [ 0.30211198, 10.36923327 ], [ 0.2898474, 10.3766716 ], [ 0.3005673, 10.39213141 ], [ 0.30001044, 10.40242855 ], [ 0.28491358, 10.42184436 ], [ 0.27267066, 10.42070069 ], [ 0.26893525, 10.41025686 ], [ 0.25918883, 10.4073989 ], [ 0.24362746, 10.41582657 ], [ 0.23410372, 10.41335725 ], [ 0.22022555, 10.42547721 ], [ 0.23243274, 10.49341953 ] ] ] } },
{ "type": "Feature", "properties": { "canton_id": "E04109342", "canton": "Sadori", "commune": "Oti 1", "prefecture": "Oti", "region": "Savanes", "population": 8178, "densite_hab_km2": 62.6, "n_agences": 0, "n_mobile_money": 5, "n_mm_togocom": 5, "n_mm_moov": 4, "n_mm_multi": 4, "mm_pour_10k": 6.1, "agences_pour_100k": 0.0, "habitants_par_mm": 1636.0, "couverture_mobile_pct": 100.0, "mm_1km_pct": 33.03, "togocom_5km_pct": 0.0, "n_banques": 0, "n_microfinance": 0, "n_postes": 0, "n_distributeurs": 0, "n_marches": 1, "n_ecoles": 7, "n_superieur": 0, "habitants_pres_marche": 7577, "habitants_pres_ecole": 7019, "indice_acces": 44.5, "distance_route_km": 0.66 }, "geometry": { "type": "Polygon", "coordinates": [ [ [ 0.44601962, 10.31023619 ], [ 0.4651456, 10.30787313 ], [ 0.48407015, 10.2843462 ], [ 0.48408525, 10.24741717 ], [ 0.49694631, 10.22902584 ], [ 0.42627842, 10.19465651 ], [ 0.35602163, 10.22017208 ], [ 0.362319, 10.26330579 ], [ 0.40656667, 10.2812212 ], [ 0.41526845, 10.30066841 ], [ 0.42592107, 10.30733453 ], [ 0.44601962, 10.31023619 ] ] ] } },
{ "type": "Feature", "properties": { "canton_id": "E04109343", "canton": "Faré", "commune": "Oti 1", "prefecture": "Oti", "region": "Savanes", "population": 3743, "densite_hab_km2": 62.8, "n_agences": 0, "n_mobile_money": 1, "n_mm_togocom": 1, "n_mm_moov": 1, "n_mm_multi": 1, "mm_pour_10k": 2.7, "agences_pour_100k": 0.0, "habitants_par_mm": 3743.0, "couverture_mobile_pct": 19.44, "mm_1km_pct": 40.28, "togocom_5km_pct": 0.0, "n_banques": 0, "n_microfinance": 0, "n_postes": 0, "n_distributeurs": 0, "n_marches": 1, "n_ecoles": 3, "n_superieur": 0, "habitants_pres_marche": 5206, "habitants_pres_ecole": 3509, "indice_acces": 23.4, "distance_route_km": 0.41 }, "geometry": { "type": "Polygon", "coordinates": [ [ [ 0.35260019, 10.10749621 ], [ 0.36246, 10.14122706 ], [ 0.35099009, 10.18354684 ], [ 0.35602739, 10.22017 ], [ 0.42627842, 10.19465651 ], [ 0.40749357, 10.14531096 ], [ 0.35260019, 10.10749621 ] ] ] } },
{ "type": "Feature", "properties": { "canton_id": "E04110344", "canton": "Barkoissi", "commune": "Oti 2", "prefecture": "Oti", "region": "Savanes", "population": 28871, "densite_hab_km2": 399.6, "n_agences": 0, "n_mobile_money": 108, "n_mm_togocom": 81, "n_mm_moov": 86, "n_mm_multi": 63, "mm_pour_10k": 37.4, "agences_pour_100k": 0.0, "habitants_par_mm": 267.0, "couverture_mobile_pct": 100.0, "mm_1km_pct": 72.15, "togocom_5km_pct": 0.0, "n_banques": 1, "n_microfinance": 3, "n_postes": 1, "n_distributeurs": 0, "n_marches": 7, "n_ecoles": 19, "n_superieur": 0, "habitants_pres_marche": 35836, "habitants_pres_ecole": 35756, "indice_acces": 66.8, "distance_route_km": 0.04 }, "geometry": { "type": "Polygon", "coordinates": [ [ [ 0.29927119, 10.54634748 ], [ 0.29494865, 10.55896369 ], [ 0.27755311, 10.56249593 ], [ 0.27605749, 10.56800563 ], [ 0.30132726, 10.5860182 ], [ 0.27651564, 10.59379224 ], [ 0.32073011, 10.60871459 ], [ 0.34131485, 10.62453369 ], [ 0.34467635, 10.63988648 ], [ 0.38019669, 10.63442989 ], [ 0.39709133, 10.61062341 ], [ 0.39709174, 10.58150564 ], [ 0.39084819, 10.58598478 ], [ 0.29927119, 10.54634748 ] ] ] } },
{ "type": "Feature", "properties": { "canton_id": "E04110345", "canton": "Nagbéni", "commune": "Oti 2", "prefecture": "Oti", "region": "Savanes", "population": 31980, "densite_hab_km2": 90.7, "n_agences": 0, "n_mobile_money": 23, "n_mm_togocom": 13, "n_mm_moov": 17, "n_mm_multi": 10, "mm_pour_10k": 7.2, "agences_pour_100k": 0.0, "habitants_par_mm": 1390.0, "couverture_mobile_pct": 75.44, "mm_1km_pct": 49.24, "togocom_5km_pct": 0.0, "n_banques": 0, "n_microfinance": 0, "n_postes": 0, "n_distributeurs": 0, "n_marches": 8, "n_ecoles": 26, "n_superieur": 0, "habitants_pres_marche": 21786, "habitants_pres_ecole": 20812, "indice_acces": 31.3, "distance_route_km": 1.25 }, "geometry": { "type": "Polygon", "coordinates": [ [ [ 0.38174792, 10.69085395 ], [ 0.42761269, 10.68882643 ], [ 0.49062785, 10.70073697 ], [ 0.55310873, 10.68433829 ], [ 0.5795319, 10.69353009 ], [ 0.57964904, 10.6655559 ], [ 0.59637411, 10.62886381 ], [ 0.60016227, 10.55600122 ], [ 0.54879395, 10.55328619 ], [ 0.52242432, 10.56989994 ], [ 0.48304154, 10.56753154 ], [ 0.41211997, 10.54073091 ], [ 0.41106312, 10.57148147 ], [ 0.39709174, 10.58150564 ], [ 0.39709133, 10.61062341 ], [ 0.38019669, 10.63442989 ], [ 0.34467635, 10.63988648 ], [ 0.35237727, 10.66457215 ], [ 0.34127501, 10.68575222 ], [ 0.34301327, 10.69747035 ], [ 0.36564138, 10.69963012 ], [ 0.38174792, 10.69085395 ] ] ] } },
{ "type": "Feature", "properties": { "canton_id": "E04110346", "canton": "Tchanaga", "commune": "Oti 2", "prefecture": "Oti", "region": "Savanes", "population": 6293, "densite_hab_km2": 26.5, "n_agences": 0, "n_mobile_money": 5, "n_mm_togocom": 4, "n_mm_moov": 3, "n_mm_multi": 2, "mm_pour_10k": 7.9, "agences_pour_100k": 0.0, "habitants_par_mm": 1259.0, "couverture_mobile_pct": 80.88, "mm_1km_pct": 16.24, "togocom_5km_pct": 0.0, "n_banques": 0, "n_microfinance": 0, "n_postes": 0, "n_distributeurs": 0, "n_marches": 2, "n_ecoles": 9, "n_superieur": 0, "habitants_pres_marche": 3826, "habitants_pres_ecole": 4742, "indice_acces": 32.7, "distance_route_km": 0.46 }, "geometry": { "type": "Polygon", "coordinates": [ [ [ 0.60016227, 10.55600122 ], [ 0.53483538, 10.46316328 ], [ 0.5612839, 10.42874059 ], [ 0.44124365, 10.41852603 ], [ 0.41389185, 10.49819959 ], [ 0.41211997, 10.54073091 ], [ 0.48304154, 10.56753154 ], [ 0.52242432, 10.56989994 ], [ 0.54879395, 10.55328619 ], [ 0.60016227, 10.55600122 ] ] ] } },
{ "type": "Feature", "properties": { "canton_id": "E04110348", "canton": "E04110348", "commune": "E04110348", "prefecture": "E04110348", "region": "Savanes", "population": 9818, "densite_hab_km2": 122.9, "n_agences": 0, "n_mobile_money": 8, "n_mm_togocom": 3, "n_mm_moov": 5, "n_mm_multi": 2, "mm_pour_10k": 8.1, "agences_pour_100k": 0.0, "habitants_par_mm": 1227.0, "couverture_mobile_pct": 100.0, "mm_1km_pct": 42.42, "togocom_5km_pct": 0.0, "n_banques": 0, "n_microfinance": 0, "n_postes": 0, "n_distributeurs": 0, "n_marches": 1, "n_ecoles": 8, "n_superieur": 0, "habitants_pres_marche": 9346, "habitants_pres_ecole": 8643, "indice_acces": 47.3, "distance_route_km": 2.35 }, "geometry": { "type": "Polygon", "coordinates": [ [ [ 0.27512664, 10.59068914 ], [ 0.30132726, 10.5860182 ], [ 0.27605749, 10.56800563 ], [ 0.27755311, 10.56249593 ], [ 0.29494865, 10.55896369 ], [ 0.2987102, 10.54611103 ], [ 0.31368726, 10.54357809 ], [ 0.31457966, 10.53601742 ], [ 0.25868104, 10.52265215 ], [ 0.2416362, 10.51023205 ], [ 0.23678357, 10.49812222 ], [ 0.22371939, 10.50015585 ], [ 0.2336053, 10.49239314 ], [ 0.22405957, 10.46198778 ], [ 0.22604923, 10.43572249 ], [ 0.21719984, 10.42881921 ], [ 0.21578795, 10.5117447 ], [ 0.1999545, 10.50281052 ], [ 0.19165336, 10.5066232 ], [ 0.20853281, 10.51413528 ], [ 0.22293502, 10.54449426 ], [ 0.21502863, 10.55025385 ], [ 0.19305671, 10.5456621 ], [ 0.1875435, 10.54960137 ], [ 0.21619411, 10.5667385 ], [ 0.2413183, 10.59224802 ], [ 0.25831481, 10.58728305 ], [ 0.27512664, 10.59068914 ] ] ] } },
{ "type": "Feature", "properties": { "canton_id": "E05107348", "canton": "Sagbiebou", "commune": "Oti-Sud 1", "prefecture": "Oti-Sud", "region": "Savanes", "population": 14173, "densite_hab_km2": 68.6, "n_agences": 0, "n_mobile_money": 33, "n_mm_togocom": 28, "n_mm_moov": 25, "n_mm_multi": 23, "mm_pour_10k": 23.3, "agences_pour_100k": 0.0, "habitants_par_mm": 429.0, "couverture_mobile_pct": 100.0, "mm_1km_pct": 57.33, "togocom_5km_pct": 0.0, "n_banques": 0, "n_microfinance": 1, "n_postes": 0, "n_distributeurs": 0, "n_marches": 4, "n_ecoles": 15, "n_superieur": 0, "habitants_pres_marche": 8673, "habitants_pres_ecole": 10391, "indice_acces": 61.0, "distance_route_km": 0.49 }, "geometry": { "type": "Polygon", "coordinates": [ [ [ 0.64425379, 10.32792331 ], [ 0.68958404, 10.31166706 ], [ 0.71433096, 10.29390893 ], [ 0.72187718, 10.27147192 ], [ 0.7341741, 10.25812578 ], [ 0.73135256, 10.23716279 ], [ 0.72103415, 10.22691977 ], [ 0.67849981, 10.20473554 ], [ 0.63444694, 10.22475193 ], [ 0.59025488, 10.21053273 ], [ 0.53498419, 10.22163757 ], [ 0.53203518, 10.25002283 ], [ 0.55851133, 10.26586215 ], [ 0.58651837, 10.31372671 ], [ 0.58438524, 10.32398272 ], [ 0.60536407, 10.32278172 ], [ 0.6267147, 10.33175617 ], [ 0.64425379, 10.32792331 ] ] ] } },
{ "type": "Feature", "properties": { "canton_id": "E05107349", "canton": "Tchamonga", "commune": "Oti-Sud 1", "prefecture": "Oti-Sud", "region": "Savanes", "population": 26481, "densite_hab_km2": 39.6, "n_agences": 0, "n_mobile_money": 11, "n_mm_togocom": 7, "n_mm_moov": 8, "n_mm_multi": 6, "mm_pour_10k": 4.2, "agences_pour_100k": 0.0, "habitants_par_mm": 2407.0, "couverture_mobile_pct": 22.13, "mm_1km_pct": 23.69, "togocom_5km_pct": 0.0, "n_banques": 0, "n_microfinance": 0, "n_postes": 0, "n_distributeurs": 0, "n_marches": 1, "n_ecoles": 23, "n_superieur": 0, "habitants_pres_marche": 4921, "habitants_pres_ecole": 15145, "indice_acces": 25.2, "distance_route_km": 0.51 }, "geometry": { "type": "Polygon", "coordinates": [ [ [ 0.80586816, 10.72931392 ], [ 0.79731681, 10.67713309 ], [ 0.80881788, 10.57978092 ], [ 0.7839042, 10.52647341 ], [ 0.78004731, 10.45078587 ], [ 0.69107605, 10.49052436 ], [ 0.67515508, 10.48943314 ], [ 0.65753567, 10.47402667 ], [ 0.63405444, 10.47401549 ], [ 0.61421913, 10.44818961 ], [ 0.59916596, 10.44141351 ], [ 0.57887816, 10.44288542 ], [ 0.5612839, 10.42874059 ], [ 0.53483538, 10.46316328 ], [ 0.60016227, 10.55600122 ], [ 0.59637411, 10.62886381 ], [ 0.57964904, 10.6655559 ], [ 0.5795319, 10.69353009 ], [ 0.66937436, 10.72135985 ], [ 0.77357496, 10.73208619 ], [ 0.80586816, 10.72931392 ] ] ] } },
{ "type": "Feature", "properties": { "canton_id": "E05107350", "canton": "Mogou", "commune": "Oti-Sud 1", "prefecture": "Oti-Sud", "region": "Savanes", "population": 15042, "densite_hab_km2": 53.1, "n_agences": 0, "n_mobile_money": 13, "n_mm_togocom": 8, "n_mm_moov": 9, "n_mm_multi": 5, "mm_pour_10k": 8.6, "agences_pour_100k": 0.0, "habitants_par_mm": 1157.0, "couverture_mobile_pct": 100.0, "mm_1km_pct": 21.27, "togocom_5km_pct": 0.19, "n_banques": 0, "n_microfinance": 0, "n_postes": 0, "n_distributeurs": 0, "n_marches": 1, "n_ecoles": 16, "n_superieur": 0, "habitants_pres_marche": 6745, "habitants_pres_ecole": 10992, "indice_acces": 48.5, "distance_route_km": 0.65 }, "geometry": { "type": "Polygon", "coordinates": [ [ [ 0.69107605, 10.49052436 ], [ 0.78004731, 10.45078587 ], [ 0.77655798, 10.3817795 ], [ 0.76462512, 10.36573634 ], [ 0.68091849, 10.38623108 ], [ 0.6611409, 10.33592861 ], [ 0.65192608, 10.32801988 ], [ 0.6267147, 10.33175617 ], [ 0.60536407, 10.32278172 ], [ 0.58438524, 10.32398272 ], [ 0.5612839, 10.42874059 ], [ 0.57887816, 10.44288542 ], [ 0.59916596, 10.44141351 ], [ 0.61421913, 10.44818961 ], [ 0.63405444, 10.47401549 ], [ 0.64868865, 10.47136108 ], [ 0.67515508, 10.48943314 ], [ 0.69107605, 10.49052436 ] ] ] } },
{ "type": "Feature", "properties": { "canton_id": "E06111363", "canton": "Tamongue", "commune": "Tandjoaré 1", "prefecture": "Tandjoaré", "region": "Savanes", "population": 21460, "densite_hab_km2": 156.8, "n_agences": 0, "n_mobile_money": 18, "n_mm_togocom": 12, "n_mm_moov": 18, "n_mm_multi": 12, "mm_pour_10k": 8.4, "agences_pour_100k": 0.0, "habitants_par_mm": 1192.0, "couverture_mobile_pct": 99.81, "mm_1km_pct": 48.13, "togocom_5km_pct": 0.0, "n_banques": 0, "n_microfinance": 1, "n_postes": 0, "n_distributeurs": 0, "n_marches": 6, "n_ecoles": 24, "n_superieur": 0, "habitants_pres_marche": 19204, "habitants_pres_ecole": 21412, "indice_acces": 37.0, "distance_route_km": 0.53 }, "geometry": { "type": "Polygon", "coordinates": [ [ [ 0.21316079, 10.52905473 ], [ 0.20853281, 10.51413528 ], [ 0.19165336, 10.5066232 ], [ 0.1999545, 10.50281052 ], [ 0.21578795, 10.5117447 ], [ 0.21488817, 10.45058176 ], [ 0.22021353, 10.42547347 ], [ 0.21082474, 10.42160347 ], [ 0.21196825, 10.41642294 ], [ 0.20556739, 10.41820855 ], [ 0.20982918, 10.40532259 ], [ 0.19432383, 10.40265193 ], [ 0.1874744, 10.40974993 ], [ 0.19049148, 10.41792329 ], [ 0.16901025, 10.43054272 ], [ 0.16643534, 10.44120696 ], [ 0.1718787, 10.45104041 ], [ 0.15514067, 10.46193981 ], [ 0.15877551, 10.47365084 ], [ 0.14313877, 10.52552691 ], [ 0.11189023, 10.54138689 ], [ 0.1152438, 10.55530285 ], [ 0.14874906, 10.56701993 ], [ 0.1696756, 10.60747998 ], [ 0.18433014, 10.60891594 ], [ 0.19430175, 10.57244829 ], [ 0.21581317, 10.5668985 ], [ 0.18798195, 10.54684416 ], [ 0.21886795, 10.54854915 ], [ 0.2233924, 10.53958949 ], [ 0.21316079, 10.52905473 ] ] ] } },
{ "type": "Feature", "properties": { "canton_id": "E05107351", "canton": "Gando", "commune": "Oti-Sud 1", "prefecture": "Oti-Sud", "region": "Savanes", "population": 37862, "densite_hab_km2": 102.9, "n_agences": 1, "n_mobile_money": 63, "n_mm_togocom": 53, "n_mm_moov": 50, "n_mm_multi": 44, "mm_pour_10k": 16.6, "agences_pour_100k": 2.64, "habitants_par_mm": 601.0, "couverture_mobile_pct": 99.97, "mm_1km_pct": 61.7, "togocom_5km_pct": 60.75, "n_banques": 1, "n_microfinance": 2, "n_postes": 1, "n_distributeurs": 0, "n_marches": 5, "n_ecoles": 32, "n_superieur": 0, "habitants_pres_marche": 24911, "habitants_pres_ecole": 23950, "indice_acces": 63.2, "distance_route_km": 0.17 }, "geometry": { "type": "Polygon", "coordinates": [ [ [ 0.72900063, 10.37170345 ], [ 0.76462512, 10.36573634 ], [ 0.7765674, 10.38182472 ], [ 0.92134108, 10.27623505 ], [ 0.87760622, 10.23172998 ], [ 0.85864899, 10.18460367 ], [ 0.84796718, 10.18131602 ], [ 0.83908128, 10.16825083 ], [ 0.82235239, 10.16313777 ], [ 0.80713598, 10.18405174 ], [ 0.78213147, 10.20320478 ], [ 0.74971368, 10.20645704 ], [ 0.71484403, 10.22456032 ], [ 0.73135256, 10.23716279 ], [ 0.7341741, 10.25812578 ], [ 0.72187718, 10.27147192 ], [ 0.71433096, 10.29390893 ], [ 0.68958404, 10.31166706 ], [ 0.64853539, 10.32600428 ], [ 0.6611409, 10.33592861 ], [ 0.68091849, 10.38623108 ], [ 0.72900063, 10.37170345 ] ] ] } },
{ "type": "Feature", "properties": { "canton_id": "E06111358", "canton": "Bombouaka", "commune": "Tandjoaré 1", "prefecture": "Tandjoaré", "region": "Savanes", "population": 15839, "densite_hab_km2": 325.0, "n_agences": 0, "n_mobile_money": 17, "n_mm_togocom": 14, "n_mm_moov": 14, "n_mm_multi": 13, "mm_pour_10k": 10.7, "agences_pour_100k": 0.0, "habitants_par_mm": 932.0, "couverture_mobile_pct": 100.0, "mm_1km_pct": 56.83, "togocom_5km_pct": 0.0, "n_banques": 1, "n_microfinance": 2, "n_postes": 1, "n_distributeurs": 0, "n_marches": 5, "n_ecoles": 11, "n_superieur": 0, "habitants_pres_marche": 9483, "habitants_pres_ecole": 9084, "indice_acces": 51.3, "distance_route_km": 0.59 }, "geometry": { "type": "Polygon", "coordinates": [ [ [ 0.24787977, 10.68981663 ], [ 0.23978448, 10.67308153 ], [ 0.21833806, 10.68252729 ], [ 0.18731837, 10.68544075 ], [ 0.17139782, 10.73487224 ], [ 0.20688756, 10.77300608 ], [ 0.21220565, 10.75007437 ], [ 0.22402893, 10.73884242 ], [ 0.23277617, 10.73900131 ], [ 0.22466342, 10.72515859 ], [ 0.24061865, 10.71698594 ], [ 0.23628941, 10.6980508 ], [ 0.24787977, 10.68981663 ] ] ] } },
{ "type": "Feature", "properties": { "canton_id": "E06108355", "canton": "Takpamba", "commune": "Oti-Sud 2", "prefecture": "Oti-Sud", "region": "Savanes", "population": 11126, "densite_hab_km2": 48.3, "n_agences": 0, "n_mobile_money": 12, "n_mm_togocom": 9, "n_mm_moov": 5, "n_mm_multi": 5, "mm_pour_10k": 10.8, "agences_pour_100k": 0.0, "habitants_par_mm": 927.0, "couverture_mobile_pct": 0.0, "mm_1km_pct": 38.0, "togocom_5km_pct": 0.0, "n_banques": 0, "n_microfinance": 1, "n_postes": 0, "n_distributeurs": 0, "n_marches": 2, "n_ecoles": 14, "n_superieur": 0, "habitants_pres_marche": 6648, "habitants_pres_ecole": 7693, "indice_acces": 30.5, "distance_route_km": 0.09 }, "geometry": { "type": "Polygon", "coordinates": [ [ [ 0.48828917, 10.0350828 ], [ 0.54984867, 10.03977812 ], [ 0.56126496, 10.03368326 ], [ 0.58234652, 10.03592878 ], [ 0.61463119, 10.01984449 ], [ 0.63270821, 10.00003013 ], [ 0.6296298, 9.98814655 ], [ 0.64872944, 9.98204248 ], [ 0.65861449, 9.99253409 ], [ 0.67400364, 9.9878423 ], [ 0.67574408, 9.98079565 ], [ 0.65720112, 9.95451331 ], [ 0.66184772, 9.88947197 ], [ 0.65262376, 9.88850694 ], [ 0.64506897, 9.90184232 ], [ 0.62592723, 9.89391095 ], [ 0.62153492, 9.88509382 ], [ 0.60602997, 9.89474443 ], [ 0.56642774, 9.88733183 ], [ 0.54655684, 9.89872687 ], [ 0.53770088, 9.917303 ], [ 0.51782696, 9.92039549 ], [ 0.5368875, 9.95169898 ], [ 0.50642831, 9.95309376 ], [ 0.49897476, 9.9629375 ], [ 0.51120374, 9.97358697 ], [ 0.48828917, 10.0350828 ] ] ] } },
{ "type": "Feature", "properties": { "canton_id": "E05108352", "canton": "Kountoire", "commune": "Oti-Sud 2", "prefecture": "Oti-Sud", "region": "Savanes", "population": 14379, "densite_hab_km2": 30.7, "n_agences": 0, "n_mobile_money": 15, "n_mm_togocom": 8, "n_mm_moov": 10, "n_mm_multi": 5, "mm_pour_10k": 10.4, "agences_pour_100k": 0.0, "habitants_par_mm": 959.0, "couverture_mobile_pct": 13.36, "mm_1km_pct": 22.04, "togocom_5km_pct": 0.0, "n_banques": 0, "n_microfinance": 0, "n_postes": 0, "n_distributeurs": 0, "n_marches": 2, "n_ecoles": 23, "n_superieur": 0, "habitants_pres_marche": 8480, "habitants_pres_ecole": 9294, "indice_acces": 32.8, "distance_route_km": 0.08 }, "geometry": { "type": "Polygon", "coordinates": [ [ [ 0.53498419, 10.22163757 ], [ 0.59025488, 10.21053273 ], [ 0.63444694, 10.22475193 ], [ 0.67849981, 10.20473554 ], [ 0.71484403, 10.22456032 ], [ 0.74971368, 10.20645704 ], [ 0.78213147, 10.20320478 ], [ 0.80713598, 10.18405174 ], [ 0.82235239, 10.16313777 ], [ 0.81773033, 10.15814387 ], [ 0.80538871, 10.15999268 ], [ 0.80375038, 10.17121297 ], [ 0.79276634, 10.18205947 ], [ 0.78307823, 10.17959438 ], [ 0.78301657, 10.17059667 ], [ 0.7596636, 10.17819297 ], [ 0.74971182, 10.16213123 ], [ 0.73829903, 10.16378705 ], [ 0.74558049, 10.1520777 ], [ 0.69014898, 10.07131163 ], [ 0.68476047, 10.02858742 ], [ 0.69618739, 10.02480315 ], [ 0.69442363, 9.98559168 ], [ 0.67574408, 9.98079565 ], [ 0.67400364, 9.9878423 ], [ 0.65861449, 9.99253409 ], [ 0.64872944, 9.98204248 ], [ 0.6296298, 9.98814655 ], [ 0.63270821, 10.00003013 ], [ 0.59746296, 10.03103359 ], [ 0.54984867, 10.03977812 ], [ 0.55949292, 10.04975635 ], [ 0.58284166, 10.05424705 ], [ 0.5863308, 10.06880772 ], [ 0.54541867, 10.09504776 ], [ 0.54458553, 10.12275697 ], [ 0.52905851, 10.15574618 ], [ 0.53245406, 10.18365254 ], [ 0.51712102, 10.20569796 ], [ 0.50868757, 10.20218863 ], [ 0.50904615, 10.21363841 ], [ 0.49699867, 10.21924711 ], [ 0.48571285, 10.2129451 ], [ 0.48796827, 10.20251827 ], [ 0.46079949, 10.20738967 ], [ 0.53203518, 10.25002283 ], [ 0.53498419, 10.22163757 ] ] ] } },
{ "type": "Feature", "properties": { "canton_id": "E06111356", "canton": "Loko", "commune": "Tandjoaré 1", "prefecture": "Tandjoaré", "region": "Savanes", "population": 3100, "densite_hab_km2": 138.3, "n_agences": 0, "n_mobile_money": 1, "n_mm_togocom": 1, "n_mm_moov": 1, "n_mm_multi": 1, "mm_pour_10k": 3.2, "agences_pour_100k": 0.0, "habitants_par_mm": 3100.0, "couverture_mobile_pct": 100.0, "mm_1km_pct": 37.7, "togocom_5km_pct": 0.0, "n_banques": 0, "n_microfinance": 0, "n_postes": 0, "n_distributeurs": 0, "n_marches": 3, "n_ecoles": 3, "n_superieur": 0, "habitants_pres_marche": 3194, "habitants_pres_ecole": 2682, "indice_acces": 41.4, "distance_route_km": 0.23 }, "geometry": { "type": "Polygon", "coordinates": [ [ [ 0.27512664, 10.59068914 ], [ 0.25831481, 10.58728305 ], [ 0.2413183, 10.59224802 ], [ 0.21619411, 10.5667385 ], [ 0.19430175, 10.57244829 ], [ 0.19418224, 10.58124543 ], [ 0.23862097, 10.61853868 ], [ 0.25370465, 10.6159398 ], [ 0.27512664, 10.59068914 ] ] ] } },
{ "type": "Feature", "properties": { "canton_id": "E05108353", "canton": "Koumongou", "commune": "Oti-Sud 2", "prefecture": "Oti-Sud", "region": "Savanes", "population": 11253, "densite_hab_km2": 60.4, "n_agences": 0, "n_mobile_money": 9, "n_mm_togocom": 8, "n_mm_moov": 1, "n_mm_multi": 1, "mm_pour_10k": 8.0, "agences_pour_100k": 0.0, "habitants_par_mm": 1250.0, "couverture_mobile_pct": 65.52, "mm_1km_pct": 43.44, "togocom_5km_pct": 0.0, "n_banques": 0, "n_microfinance": 0, "n_postes": 0, "n_distributeurs": 0, "n_marches": 1, "n_ecoles": 7, "n_superieur": 0, "habitants_pres_marche": 7662, "habitants_pres_ecole": 7883, "indice_acces": 31.7, "distance_route_km": 0.85 }, "geometry": { "type": "Polygon", "coordinates": [ [ [ 0.5079494, 10.21449772 ], [ 0.5057115, 10.20442831 ], [ 0.51712102, 10.20569796 ], [ 0.53245406, 10.18365254 ], [ 0.52905851, 10.15574618 ], [ 0.54458553, 10.12275697 ], [ 0.54541867, 10.09504776 ], [ 0.40780888, 10.0968876 ], [ 0.38958869, 10.08164276 ], [ 0.3556664, 10.09163197 ], [ 0.35260019, 10.10749621 ], [ 0.40749357, 10.14531096 ], [ 0.42627842, 10.19465651 ], [ 0.46489563, 10.20838775 ], [ 0.48796827, 10.20251827 ], [ 0.48571285, 10.2129451 ], [ 0.49570316, 10.21896721 ], [ 0.5079494, 10.21449772 ] ] ] } },
{ "type": "Feature", "properties": { "canton_id": "E05108354", "canton": "Nali", "commune": "Oti-Sud 2", "prefecture": "Oti-Sud", "region": "Savanes", "population": 8196, "densite_hab_km2": 44.5, "n_agences": 0, "n_mobile_money": 3, "n_mm_togocom": 3, "n_mm_moov": 0, "n_mm_multi": 0, "mm_pour_10k": 3.7, "agences_pour_100k": 0.0, "habitants_par_mm": 2732.0, "couverture_mobile_pct": 0.0, "mm_1km_pct": 26.25, "togocom_5km_pct": 0.0, "n_banques": 0, "n_microfinance": 0, "n_postes": 0, "n_distributeurs": 0, "n_marches": 1, "n_ecoles": 7, "n_superieur": 0, "habitants_pres_marche": 4363, "habitants_pres_ecole": 5807, "indice_acces": 20.9, "distance_route_km": 0.82 }, "geometry": { "type": "Polygon", "coordinates": [ [ [ 0.54541867, 10.09504776 ], [ 0.58167874, 10.07570704 ], [ 0.5863308, 10.06880772 ], [ 0.58284166, 10.05424705 ], [ 0.55949292, 10.04975635 ], [ 0.54984867, 10.03977812 ], [ 0.48828917, 10.0350828 ], [ 0.51120374, 9.97358697 ], [ 0.49897476, 9.9629375 ], [ 0.50642831, 9.95309376 ], [ 0.48658647, 9.9578708 ], [ 0.46913352, 9.95112359 ], [ 0.45251848, 9.95762548 ], [ 0.45337156, 9.9690974 ], [ 0.44819673, 9.97142589 ], [ 0.43239555, 9.96757155 ], [ 0.43306311, 9.9975915 ], [ 0.42632167, 10.0101345 ], [ 0.4324167, 10.01271689 ], [ 0.42705624, 10.02789284 ], [ 0.41172766, 10.02481747 ], [ 0.41727384, 10.05973105 ], [ 0.3896243, 10.08166974 ], [ 0.40780888, 10.0968876 ], [ 0.54541867, 10.09504776 ] ] ] } },
{ "type": "Feature", "properties": { "canton_id": "E06111359", "canton": "Goundoga", "commune": "Tandjoaré 1", "prefecture": "Tandjoaré", "region": "Savanes", "population": 5368, "densite_hab_km2": 251.8, "n_agences": 0, "n_mobile_money": 8, "n_mm_togocom": 4, "n_mm_moov": 8, "n_mm_multi": 4, "mm_pour_10k": 14.9, "agences_pour_100k": 0.0, "habitants_par_mm": 671.0, "couverture_mobile_pct": 100.0, "mm_1km_pct": 67.17, "togocom_5km_pct": 0.0, "n_banques": 0, "n_microfinance": 0, "n_postes": 0, "n_distributeurs": 0, "n_marches": 5, "n_ecoles": 4, "n_superieur": 0, "habitants_pres_marche": 5434, "habitants_pres_ecole": 4997, "indice_acces": 55.7, "distance_route_km": 1.24 }, "geometry": { "type": "Polygon", "coordinates": [ [ [ 0.18041553, 10.71569591 ], [ 0.18707664, 10.68650038 ], [ 0.17379743, 10.68760712 ], [ 0.15650984, 10.66567822 ], [ 0.13899759, 10.67211085 ], [ 0.15684532, 10.67525503 ], [ 0.14169626, 10.7062731 ], [ 0.15010687, 10.71491607 ], [ 0.1467436, 10.71890535 ], [ 0.17139782, 10.73487224 ], [ 0.18041553, 10.71569591 ] ] ] } },
{ "type": "Feature", "properties": { "canton_id": "E06111357", "canton": "Pligou", "commune": "Tandjoaré 1", "prefecture": "Tandjoaré", "region": "Savanes", "population": 9588, "densite_hab_km2": 239.4, "n_agences": 0, "n_mobile_money": 6, "n_mm_togocom": 4, "n_mm_moov": 5, "n_mm_multi": 4, "mm_pour_10k": 6.3, "agences_pour_100k": 0.0, "habitants_par_mm": 1598.0, "couverture_mobile_pct": 100.0, "mm_1km_pct": 30.73, "togocom_5km_pct": 0.0, "n_banques": 0, "n_microfinance": 0, "n_postes": 0, "n_distributeurs": 0, "n_marches": 0, "n_ecoles": 9, "n_superieur": 0, "habitants_pres_marche": 8401, "habitants_pres_ecole": 7286, "indice_acces": 44.8, "distance_route_km": 0.31 }, "geometry": { "type": "Polygon", "coordinates": [ [ [ 0.33679136, 10.63355017 ], [ 0.34341171, 10.62802392 ], [ 0.33550919, 10.6191785 ], [ 0.31798852, 10.63925253 ], [ 0.30407203, 10.63314071 ], [ 0.27199385, 10.63980342 ], [ 0.26249027, 10.6241896 ], [ 0.25376874, 10.63181771 ], [ 0.26850145, 10.6571384 ], [ 0.26778399, 10.66826065 ], [ 0.28784793, 10.69744938 ], [ 0.33033358, 10.66438299 ], [ 0.32804509, 10.65477077 ], [ 0.33679136, 10.63355017 ] ] ] } },
{ "type": "Feature", "properties": { "canton_id": "E06111360", "canton": "Bogou", "commune": "Tandjoaré 1", "prefecture": "Tandjoaré", "region": "Savanes", "population": 14531, "densite_hab_km2": 287.1, "n_agences": 0, "n_mobile_money": 12, "n_mm_togocom": 11, "n_mm_moov": 12, "n_mm_multi": 11, "mm_pour_10k": 8.3, "agences_pour_100k": 0.0, "habitants_par_mm": 1211.0, "couverture_mobile_pct": 100.0, "mm_1km_pct": 47.59, "togocom_5km_pct": 0.0, "n_banques": 0, "n_microfinance": 0, "n_postes": 0, "n_distributeurs": 0, "n_marches": 6, "n_ecoles": 15, "n_superieur": 0, "habitants_pres_marche": 15895, "habitants_pres_ecole": 15661, "indice_acces": 47.9, "distance_route_km": 0.19 }, "geometry": { "type": "Polygon", "coordinates": [ [ [ 0.18707664, 10.68650038 ], [ 0.21017314, 10.68329447 ], [ 0.19393052, 10.67334505 ], [ 0.20630425, 10.66656925 ], [ 0.19109543, 10.65845465 ], [ 0.19713662, 10.64775898 ], [ 0.19008242, 10.63929751 ], [ 0.19398348, 10.62119213 ], [ 0.21978672, 10.60273447 ], [ 0.19418224, 10.58124543 ], [ 0.18433014, 10.60891594 ], [ 0.15147397, 10.60624581 ], [ 0.15446324, 10.63263548 ], [ 0.13427801, 10.65223811 ], [ 0.13921563, 10.67200987 ], [ 0.15650984, 10.66567822 ], [ 0.17379743, 10.68760712 ], [ 0.18707664, 10.68650038 ] ] ] } },
{ "type": "Feature", "properties": { "canton_id": "E06111361", "canton": "Nandoga", "commune": "Tandjoaré 1", "prefecture": "Tandjoaré", "region": "Savanes", "population": 7617, "densite_hab_km2": 204.3, "n_agences": 0, "n_mobile_money": 4, "n_mm_togocom": 4, "n_mm_moov": 4, "n_mm_multi": 4, "mm_pour_10k": 5.3, "agences_pour_100k": 0.0, "habitants_par_mm": 1904.0, "couverture_mobile_pct": 100.0, "mm_1km_pct": 49.88, "togocom_5km_pct": 0.0, "n_banques": 0, "n_microfinance": 0, "n_postes": 0, "n_distributeurs": 0, "n_marches": 3, "n_ecoles": 5, "n_superieur": 0, "habitants_pres_marche": 6126, "habitants_pres_ecole": 5908, "indice_acces": 43.8, "distance_route_km": 1.02 }, "geometry": { "type": "Polygon", "coordinates": [ [ [ 0.239785, 10.67310092 ], [ 0.24167133, 10.67099854 ], [ 0.23423705, 10.65741117 ], [ 0.24851881, 10.6460309 ], [ 0.24698415, 10.63728282 ], [ 0.23858932, 10.61851213 ], [ 0.21978672, 10.60273447 ], [ 0.19398348, 10.62119213 ], [ 0.19008242, 10.63929751 ], [ 0.19713662, 10.64775898 ], [ 0.19109543, 10.65845465 ], [ 0.20630425, 10.66656925 ], [ 0.19393052, 10.67334505 ], [ 0.21017314, 10.68329447 ], [ 0.239785, 10.67310092 ] ] ] } },
{ "type": "Feature", "properties": { "canton_id": "E06111362", "canton": "Boulogou", "commune": "Tandjoaré 1", "prefecture": "Tandjoaré", "region": "Savanes", "population": 8158, "densite_hab_km2": 169.8, "n_agences": 0, "n_mobile_money": 0, "n_mm_togocom": 0, "n_mm_moov": 0, "n_mm_multi": 0, "mm_pour_10k": 0.0, "agences_pour_100k": 0.0, "habitants_par_mm": null, "couverture_mobile_pct": 100.0, "mm_1km_pct": 0.63, "togocom_5km_pct": 0.0, "n_banques": 0, "n_microfinance": 0, "n_postes": 0, "n_distributeurs": 0, "n_marches": 4, "n_ecoles": 10, "n_superieur": 0, "habitants_pres_marche": 7210, "habitants_pres_ecole": 6703, "indice_acces": 38.7, "distance_route_km": 0.83 }, "geometry": { "type": "Polygon", "coordinates": [ [ [ 0.239785, 10.67310092 ], [ 0.24787977, 10.68981663 ], [ 0.27296691, 10.67784476 ], [ 0.25376874, 10.63181771 ], [ 0.26249027, 10.6241896 ], [ 0.27199385, 10.63980342 ], [ 0.30407203, 10.63314071 ], [ 0.31798852, 10.63925253 ], [ 0.33550919, 10.6191785 ], [ 0.31232223, 10.60303885 ], [ 0.27651564, 10.59379224 ], [ 0.25883299, 10.60457078 ], [ 0.25370465, 10.6159398 ], [ 0.23858932, 10.61851213 ], [ 0.24851881, 10.6460309 ], [ 0.23423705, 10.65741117 ], [ 0.239785, 10.67310092 ] ] ] } },
{ "type": "Feature", "properties": { "canton_id": "E06112364", "canton": "Bagou", "commune": "Tandjoaré 2", "prefecture": "Tandjoaré", "region": "Savanes", "population": 3924, "densite_hab_km2": 77.2, "n_agences": 0, "n_mobile_money": 1, "n_mm_togocom": 1, "n_mm_moov": 1, "n_mm_multi": 1, "mm_pour_10k": 2.5, "agences_pour_100k": 0.0, "habitants_par_mm": 3924.0, "couverture_mobile_pct": 100.0, "mm_1km_pct": 14.51, "togocom_5km_pct": 0.0, "n_banques": 0, "n_microfinance": 0, "n_postes": 0, "n_distributeurs": 0, "n_marches": 5, "n_ecoles": 5, "n_superieur": 0, "habitants_pres_marche": 3319, "habitants_pres_ecole": 2860, "indice_acces": 40.9, "distance_route_km": 0.34 }, "geometry": { "type": "Polygon", "coordinates": [ [ [ 0.02765606, 10.71801667 ], [ 0.03796597, 10.70312102 ], [ 0.06548147, 10.70254158 ], [ 0.0757661, 10.67828825 ], [ 0.01376323, 10.64276731 ], [ -0.01121191, 10.64495728 ], [ -0.0148399, 10.65311098 ], [ -0.0004416, 10.66429898 ], [ -0.00175566, 10.68482676 ], [ 0.0051801, 10.69608062 ], [ -0.02164854, 10.71351924 ], [ 0.02765606, 10.71801667 ] ] ] } },
{ "type": "Feature", "properties": { "canton_id": "E06112365", "canton": "Nano", "commune": "Tandjoaré 2", "prefecture": "Tandjoaré", "region": "Savanes", "population": 14808, "densite_hab_km2": 261.5, "n_agences": 0, "n_mobile_money": 36, "n_mm_togocom": 29, "n_mm_moov": 36, "n_mm_multi": 29, "mm_pour_10k": 24.3, "agences_pour_100k": 0.0, "habitants_par_mm": 411.0, "couverture_mobile_pct": 100.0, "mm_1km_pct": 79.7, "togocom_5km_pct": 0.0, "n_banques": 0, "n_microfinance": 3, "n_postes": 0, "n_distributeurs": 0, "n_marches": 3, "n_ecoles": 12, "n_superieur": 0, "habitants_pres_marche": 16271, "habitants_pres_ecole": 16662, "indice_acces": 61.8, "distance_route_km": 0.88 }, "geometry": { "type": "Polygon", "coordinates": [ [ [ 0.1467436, 10.71890535 ], [ 0.15010687, 10.71491607 ], [ 0.14169626, 10.7062731 ], [ 0.15684532, 10.67525503 ], [ 0.13899759, 10.67211085 ], [ 0.12077418, 10.67438847 ], [ 0.11407347, 10.68629306 ], [ 0.11019001, 10.67802875 ], [ 0.09273309, 10.68961277 ], [ 0.0757661, 10.67828825 ], [ 0.06548147, 10.70254158 ], [ 0.03796597, 10.70312102 ], [ 0.02765606, 10.71801667 ], [ 0.03613657, 10.7555447 ], [ 0.05441178, 10.75728866 ], [ 0.07995404, 10.71628143 ], [ 0.09819591, 10.70889416 ], [ 0.1467436, 10.71890535 ] ] ] } },
{ "type": "Feature", "properties": { "canton_id": "E06112366", "canton": "Sissiak", "commune": "Tandjoaré 2", "prefecture": "Tandjoaré", "region": "Savanes", "population": 24746, "densite_hab_km2": 221.7, "n_agences": 0, "n_mobile_money": 26, "n_mm_togocom": 23, "n_mm_moov": 20, "n_mm_multi": 17, "mm_pour_10k": 10.5, "agences_pour_100k": 0.0, "habitants_par_mm": 952.0, "couverture_mobile_pct": 100.0, "mm_1km_pct": 51.0, "togocom_5km_pct": 0.0, "n_banques": 0, "n_microfinance": 0, "n_postes": 0, "n_distributeurs": 0, "n_marches": 10, "n_ecoles": 22, "n_superieur": 0, "habitants_pres_marche": 26416, "habitants_pres_ecole": 24873, "indice_acces": 51.0, "distance_route_km": 0.39 }, "geometry": { "type": "Polygon", "coordinates": [ [ [ 0.20688756, 10.77300608 ], [ 0.17132173, 10.7347611 ], [ 0.1467436, 10.71890535 ], [ 0.09819591, 10.70889416 ], [ 0.07995404, 10.71628143 ], [ 0.05441178, 10.75728866 ], [ 0.06199688, 10.76405358 ], [ 0.06559663, 10.80000367 ], [ 0.07912163, 10.81064182 ], [ 0.09143449, 10.80963381 ], [ 0.09875723, 10.80133932 ], [ 0.14290525, 10.79598728 ], [ 0.16585624, 10.77890031 ], [ 0.20688756, 10.77300608 ] ] ] } },
{ "type": "Feature", "properties": { "canton_id": "E06112367", "canton": "Tampialime", "commune": "Tandjoaré 2", "prefecture": "Tandjoaré", "region": "Savanes", "population": 9611, "densite_hab_km2": 113.7, "n_agences": 0, "n_mobile_money": 16, "n_mm_togocom": 11, "n_mm_moov": 13, "n_mm_multi": 8, "mm_pour_10k": 16.6, "agences_pour_100k": 0.0, "habitants_par_mm": 601.0, "couverture_mobile_pct": 99.1, "mm_1km_pct": 65.5, "togocom_5km_pct": 0.0, "n_banques": 0, "n_microfinance": 0, "n_postes": 0, "n_distributeurs": 0, "n_marches": 0, "n_ecoles": 9, "n_superieur": 0, "habitants_pres_marche": 840, "habitants_pres_ecole": 11522, "indice_acces": 45.2, "distance_route_km": 0.39 }, "geometry": { "type": "Polygon", "coordinates": [ [ [ 0.03049053, 10.72951827 ], [ 0.02763637, 10.71793676 ], [ -0.05883667, 10.70508709 ], [ -0.08378779, 10.69116774 ], [ -0.08999878, 10.71304458 ], [ -0.07277815, 10.72009671 ], [ -0.07200264, 10.76236518 ], [ -0.02661702, 10.78266003 ], [ 0.01942905, 10.77665698 ], [ 0.03613657, 10.7555447 ], [ 0.03049053, 10.72951827 ] ] ] } },
{ "type": "Feature", "properties": { "canton_id": "E06112368", "canton": "Mamproug", "commune": "Tandjoaré 2", "prefecture": "Tandjoaré", "region": "Savanes", "population": 5127, "densite_hab_km2": 82.0, "n_agences": 0, "n_mobile_money": 0, "n_mm_togocom": 0, "n_mm_moov": 0, "n_mm_multi": 0, "mm_pour_10k": 0.0, "agences_pour_100k": 0.0, "habitants_par_mm": null, "couverture_mobile_pct": 98.18, "mm_1km_pct": 0.0, "togocom_5km_pct": 0.0, "n_banques": 0, "n_microfinance": 0, "n_postes": 0, "n_distributeurs": 0, "n_marches": 4, "n_ecoles": 6, "n_superieur": 0, "habitants_pres_marche": 7428, "habitants_pres_ecole": 6803, "indice_acces": 26.5, "distance_route_km": 0.09 }, "geometry": { "type": "Polygon", "coordinates": [ [ [ -0.01784229, 10.63462453 ], [ -0.02005929, 10.62148334 ], [ -0.05881088, 10.63116574 ], [ -0.07144228, 10.67308786 ], [ -0.08372833, 10.69120091 ], [ -0.05883667, 10.70508709 ], [ -0.02164854, 10.71351924 ], [ 0.0051801, 10.69608062 ], [ -0.00175566, 10.68482676 ], [ -0.0004416, 10.66429898 ], [ -0.0148399, 10.65311098 ], [ -0.01085849, 10.64416294 ], [ -0.01784229, 10.63462453 ] ] ] } },
{ "type": "Feature", "properties": { "canton_id": "E06112369", "canton": "Doukpergou", "commune": "Tandjoaré 2", "prefecture": "Tandjoaré", "region": "Savanes", "population": 7199, "densite_hab_km2": 102.4, "n_agences": 0, "n_mobile_money": 10, "n_mm_togocom": 9, "n_mm_moov": 10, "n_mm_multi": 9, "mm_pour_10k": 13.9, "agences_pour_100k": 0.0, "habitants_par_mm": 720.0, "couverture_mobile_pct": 100.0, "mm_1km_pct": 45.85, "togocom_5km_pct": 0.0, "n_banques": 0, "n_microfinance": 1, "n_postes": 0, "n_distributeurs": 0, "n_marches": 5, "n_ecoles": 7, "n_superieur": 0, "habitants_pres_marche": 6600, "habitants_pres_ecole": 6307, "indice_acces": 55.1, "distance_route_km": 1.2 }, "geometry": { "type": "Polygon", "coordinates": [ [ [ 0.0927949, 10.68957175 ], [ 0.11019001, 10.67802875 ], [ 0.10500548, 10.64450466 ], [ 0.09605534, 10.63787593 ], [ 0.09038299, 10.60862736 ], [ 0.05793525, 10.61697623 ], [ 0.00322811, 10.60370635 ], [ -0.00273178, 10.61452456 ], [ -0.02005929, 10.62148334 ], [ -0.01121191, 10.64495728 ], [ 0.01376323, 10.64276731 ], [ 0.0927949, 10.68957175 ] ] ] } },
{ "type": "Feature", "properties": { "canton_id": "E06112370", "canton": "Sangou", "commune": "Tandjoaré 2", "prefecture": "Tandjoaré", "region": "Savanes", "population": 2541, "densite_hab_km2": 141.2, "n_agences": 0, "n_mobile_money": 0, "n_mm_togocom": 0, "n_mm_moov": 0, "n_mm_multi": 0, "mm_pour_10k": 0.0, "agences_pour_100k": 0.0, "habitants_par_mm": null, "couverture_mobile_pct": 100.0, "mm_1km_pct": 0.0, "togocom_5km_pct": 0.0, "n_banques": 0, "n_microfinance": 0, "n_postes": 0, "n_distributeurs": 0, "n_marches": 0, "n_ecoles": 2, "n_superieur": 0, "habitants_pres_marche": 429, "habitants_pres_ecole": 3688, "indice_acces": 38.7, "distance_route_km": 0.59 }, "geometry": { "type": "Polygon", "coordinates": [ [ [ 0.09038299, 10.60862736 ], [ 0.05535992, 10.58379043 ], [ 0.04611087, 10.5919455 ], [ 0.00241374, 10.60179741 ], [ 0.05793525, 10.61697623 ], [ 0.09038299, 10.60862736 ] ] ] } },
{ "type": "Feature", "properties": { "canton_id": "E06112371", "canton": "Lokpano", "commune": "Tandjoaré 2", "prefecture": "Tandjoaré", "region": "Savanes", "population": 9260, "densite_hab_km2": 95.0, "n_agences": 0, "n_mobile_money": 4, "n_mm_togocom": 3, "n_mm_moov": 3, "n_mm_multi": 2, "mm_pour_10k": 4.3, "agences_pour_100k": 0.0, "habitants_par_mm": 2315.0, "couverture_mobile_pct": 100.0, "mm_1km_pct": 20.6, "togocom_5km_pct": 0.0, "n_banques": 0, "n_microfinance": 0, "n_postes": 0, "n_distributeurs": 0, "n_marches": 2, "n_ecoles": 11, "n_superieur": 0, "habitants_pres_marche": 6615, "habitants_pres_ecole": 6367, "indice_acces": 42.8, "distance_route_km": 0.72 }, "geometry": { "type": "Polygon", "coordinates": [ [ [ 0.15083283, 10.60952554 ], [ 0.1696756, 10.60747998 ], [ 0.14874906, 10.56701993 ], [ 0.1152438, 10.55530285 ], [ 0.11198858, 10.5408685 ], [ 0.06034131, 10.5573694 ], [ 0.05535992, 10.58379043 ], [ 0.09025619, 10.60789302 ], [ 0.11407347, 10.68629306 ], [ 0.12077418, 10.67438847 ], [ 0.13919012, 10.67207881 ], [ 0.13427801, 10.65223811 ], [ 0.15446324, 10.63263548 ], [ 0.15083283, 10.60952554 ] ] ] } },
{ "type": "Feature", "properties": { "canton_id": "E07113372", "canton": "Poissongui", "commune": "Tône 1", "prefecture": "Tône", "region": "Savanes", "population": 6817, "densite_hab_km2": 209.2, "n_agences": 0, "n_mobile_money": 9, "n_mm_togocom": 6, "n_mm_moov": 8, "n_mm_multi": 5, "mm_pour_10k": 13.2, "agences_pour_100k": 0.0, "habitants_par_mm": 757.0, "couverture_mobile_pct": 100.0, "mm_1km_pct": 38.61, "togocom_5km_pct": 0.0, "n_banques": 0, "n_microfinance": 0, "n_postes": 0, "n_distributeurs": 0, "n_marches": 1, "n_ecoles": 8, "n_superieur": 0, "habitants_pres_marche": 7906, "habitants_pres_ecole": 7430, "indice_acces": 54.2, "distance_route_km": 1.48 }, "geometry": { "type": "Polygon", "coordinates": [ [ [ 0.24059145, 11.0360734 ], [ 0.21257058, 11.02201708 ], [ 0.20700969, 11.03711515 ], [ 0.18926704, 11.03917336 ], [ 0.17493434, 11.05292196 ], [ 0.17813037, 11.07680781 ], [ 0.26608216, 11.05836655 ], [ 0.24059145, 11.0360734 ] ] ] } },
{ "type": "Feature", "properties": { "canton_id": "E07113373", "canton": "Kourientre", "commune": "Tône 1", "prefecture": "Tône", "region": "Savanes", "population": 9773, "densite_hab_km2": 205.5, "n_agences": 0, "n_mobile_money": 8, "n_mm_togocom": 8, "n_mm_moov": 7, "n_mm_multi": 7, "mm_pour_10k": 8.2, "agences_pour_100k": 0.0, "habitants_par_mm": 1222.0, "couverture_mobile_pct": 100.0, "mm_1km_pct": 22.24, "togocom_5km_pct": 0.0, "n_banques": 0, "n_microfinance": 0, "n_postes": 0, "n_distributeurs": 0, "n_marches": 3, "n_ecoles": 14, "n_superieur": 0, "habitants_pres_marche": 11888, "habitants_pres_ecole": 11616, "indice_acces": 47.6, "distance_route_km": 1.01 }, "geometry": { "type": "Polygon", "coordinates": [ [ [ 0.30012504, 11.05073162 ], [ 0.2565865, 11.02825694 ], [ 0.24012409, 10.96446359 ], [ 0.20307748, 10.95940637 ], [ 0.19636748, 10.96164803 ], [ 0.19706869, 10.97327123 ], [ 0.19073057, 10.97902114 ], [ 0.1729136, 10.97979422 ], [ 0.20978291, 10.99685696 ], [ 0.2077114, 11.01115402 ], [ 0.21468611, 11.02087943 ], [ 0.25169302, 11.04143217 ], [ 0.26608216, 11.05836655 ], [ 0.30012504, 11.05073162 ] ] ] } },
{ "type": "Feature", "properties": { "canton_id": "E07113374", "canton": "Dapaong", "commune": "Tône 1", "prefecture": "Tône", "region": "Savanes", "population": 152948, "densite_hab_km2": 690.9, "n_agences": 2, "n_mobile_money": 869, "n_mm_togocom": 827, "n_mm_moov": 608, "n_mm_multi": 599, "mm_pour_10k": 56.8, "agences_pour_100k": 1.31, "habitants_par_mm": 176.0, "couverture_mobile_pct": 100.0, "mm_1km_pct": 87.31, "togocom_5km_pct": 79.63, "n_banques": 7, "n_microfinance": 8, "n_postes": 1, "n_distributeurs": 9, "n_marches": 21, "n_ecoles": 106, "n_superieur": 5, "habitants_pres_marche": 150642, "habitants_pres_ecole": 148834, "indice_acces": 85.0, "distance_route_km": 0.02 }, "geometry": { "type": "Polygon", "coordinates": [ [ [ 0.16712922, 10.98236383 ], [ 0.19073057, 10.97902114 ], [ 0.19706869, 10.97327123 ], [ 0.19636748, 10.96164803 ], [ 0.20307748, 10.95940637 ], [ 0.24098086, 10.96497209 ], [ 0.24001199, 10.94065106 ], [ 0.22091792, 10.9024677 ], [ 0.22515646, 10.88948179 ], [ 0.23756305, 10.88129523 ], [ 0.22891129, 10.86936863 ], [ 0.23751438, 10.85924813 ], [ 0.2349615, 10.84457264 ], [ 0.24905768, 10.84397535 ], [ 0.25309598, 10.83510218 ], [ 0.26735566, 10.83914096 ], [ 0.27537894, 10.82207163 ], [ 0.29946018, 10.83535379 ], [ 0.32479542, 10.83136871 ], [ 0.3286002, 10.82035071 ], [ 0.30781907, 10.77691836 ], [ 0.27483081, 10.79858607 ], [ 0.2355534, 10.77696098 ], [ 0.20968294, 10.77295797 ], [ 0.16311376, 10.77978069 ], [ 0.13739924, 10.79783004 ], [ 0.16345309, 10.81746741 ], [ 0.16257552, 10.86219788 ], [ 0.15392843, 10.86329459 ], [ 0.15480365, 10.88584078 ], [ 0.1740603, 10.93075762 ], [ 0.16168035, 10.97508069 ], [ 0.16243009, 10.98428472 ], [ 0.16712922, 10.98236383 ] ] ] } },
{ "type": "Feature", "properties": { "canton_id": "E07113375", "canton": "Toaga", "commune": "Tône 1", "prefecture": "Tône", "region": "Savanes", "population": 12662, "densite_hab_km2": 228.7, "n_agences": 0, "n_mobile_money": 26, "n_mm_togocom": 26, "n_mm_moov": 17, "n_mm_multi": 17, "mm_pour_10k": 20.5, "agences_pour_100k": 0.0, "habitants_par_mm": 487.0, "couverture_mobile_pct": 100.0, "mm_1km_pct": 52.64, "togocom_5km_pct": 16.34, "n_banques": 0, "n_microfinance": 0, "n_postes": 0, "n_distributeurs": 0, "n_marches": 1, "n_ecoles": 11, "n_superieur": 0, "habitants_pres_marche": 14848, "habitants_pres_ecole": 13945, "indice_acces": 59.6, "distance_route_km": 0.05 }, "geometry": { "type": "Polygon", "coordinates": [ [ [ 0.23911122, 10.94896409 ], [ 0.27198451, 10.94834972 ], [ 0.26390092, 10.93999258 ], [ 0.26426945, 10.92824994 ], [ 0.25418461, 10.92285729 ], [ 0.2724141, 10.90541985 ], [ 0.27214727, 10.86925883 ], [ 0.29140397, 10.86840983 ], [ 0.27537894, 10.82207163 ], [ 0.26735566, 10.83914096 ], [ 0.25309598, 10.83510218 ], [ 0.24905768, 10.84397535 ], [ 0.2349615, 10.84457264 ], [ 0.23751438, 10.85924813 ], [ 0.22891129, 10.86936863 ], [ 0.23756305, 10.88129523 ], [ 0.22515646, 10.88948179 ], [ 0.22091792, 10.9024677 ], [ 0.22821508, 10.90999571 ], [ 0.22574495, 10.91729952 ], [ 0.24001199, 10.94065106 ], [ 0.23911122, 10.94896409 ] ] ] } },
{ "type": "Feature", "properties": { "canton_id": "E07113376", "canton": "Natigou", "commune": "Tône 1", "prefecture": "Tône", "region": "Savanes", "population": 5907, "densite_hab_km2": 222.9, "n_agences": 0, "n_mobile_money": 3, "n_mm_togocom": 2, "n_mm_moov": 1, "n_mm_multi": 1, "mm_pour_10k": 5.1, "agences_pour_100k": 0.0, "habitants_par_mm": 1969.0, "couverture_mobile_pct": 100.0, "mm_1km_pct": 22.87, "togocom_5km_pct": 0.0, "n_banques": 0, "n_microfinance": 0, "n_postes": 0, "n_distributeurs": 0, "n_marches": 0, "n_ecoles": 7, "n_superieur": 0, "habitants_pres_marche": 8284, "habitants_pres_ecole": 8245, "indice_acces": 43.6, "distance_route_km": 0.52 }, "geometry": { "type": "Polygon", "coordinates": [ [ [ 0.29920901, 10.99001856 ], [ 0.28772279, 10.9499169 ], [ 0.24294183, 10.97755842 ], [ 0.24517665, 10.99886013 ], [ 0.25867393, 11.02179119 ], [ 0.2851693, 11.00755646 ], [ 0.27366927, 11.00090241 ], [ 0.27869483, 10.99053308 ], [ 0.29920901, 10.99001856 ] ] ] } },
{ "type": "Feature", "properties": { "canton_id": "E07113377", "canton": "Pana", "commune": "Tône 1", "prefecture": "Tône", "region": "Savanes", "population": 21241, "densite_hab_km2": 269.6, "n_agences": 0, "n_mobile_money": 19, "n_mm_togocom": 19, "n_mm_moov": 9, "n_mm_multi": 9, "mm_pour_10k": 8.9, "agences_pour_100k": 0.0, "habitants_par_mm": 1118.0, "couverture_mobile_pct": 100.0, "mm_1km_pct": 57.66, "togocom_5km_pct": 0.0, "n_banques": 0, "n_microfinance": 0, "n_postes": 0, "n_distributeurs": 0, "n_marches": 6, "n_ecoles": 17, "n_superieur": 0, "habitants_pres_marche": 12424, "habitants_pres_ecole": 11910, "indice_acces": 49.2, "distance_route_km": 0.13 }, "geometry": { "type": "Polygon", "coordinates": [ [ [ 0.32412472, 10.71546934 ], [ 0.27648389, 10.73771088 ], [ 0.22402893, 10.73884242 ], [ 0.21220565, 10.75007437 ], [ 0.20688208, 10.77302973 ], [ 0.2355534, 10.77696098 ], [ 0.27483081, 10.79858607 ], [ 0.30781907, 10.77691836 ], [ 0.3127123, 10.76433503 ], [ 0.34792191, 10.7846663 ], [ 0.35031208, 10.75746657 ], [ 0.32412472, 10.71546934 ] ] ] } },
{ "type": "Feature", "properties": { "canton_id": "E07113378", "canton": "Bidjenga", "commune": "Tône 1", "prefecture": "Tône", "region": "Savanes", "population": 10178, "densite_hab_km2": 159.6, "n_agences": 0, "n_mobile_money": 10, "n_mm_togocom": 2, "n_mm_moov": 10, "n_mm_multi": 2, "mm_pour_10k": 9.8, "agences_pour_100k": 0.0, "habitants_par_mm": 1018.0, "couverture_mobile_pct": 100.0, "mm_1km_pct": 50.56, "togocom_5km_pct": 0.0, "n_banques": 0, "n_microfinance": 0, "n_postes": 0, "n_distributeurs": 0, "n_marches": 1, "n_ecoles": 14, "n_superieur": 0, "habitants_pres_marche": 8083, "habitants_pres_ecole": 7596, "indice_acces": 50.2, "distance_route_km": 0.87 }, "geometry": { "type": "Polygon", "coordinates": [ [ [ 0.27296691, 10.67784476 ], [ 0.25715898, 10.68143767 ], [ 0.23628941, 10.6980508 ], [ 0.24061865, 10.71698594 ], [ 0.22466342, 10.72515859 ], [ 0.23277617, 10.73900131 ], [ 0.27648389, 10.73771088 ], [ 0.32412472, 10.71546934 ], [ 0.32489078, 10.7006918 ], [ 0.34079584, 10.69216189 ], [ 0.35237727, 10.66457215 ], [ 0.34341171, 10.62802392 ], [ 0.3299448, 10.64604273 ], [ 0.33077322, 10.66359181 ], [ 0.31653408, 10.68001051 ], [ 0.28784793, 10.69744938 ], [ 0.27296691, 10.67784476 ] ] ] } },
{ "type": "Feature", "properties": { "canton_id": "E07114379", "canton": "Nanergou", "commune": "Tône 2", "prefecture": "Tône", "region": "Savanes", "population": 15094, "densite_hab_km2": 330.1, "n_agences": 0, "n_mobile_money": 22, "n_mm_togocom": 21, "n_mm_moov": 16, "n_mm_multi": 15, "mm_pour_10k": 14.6, "agences_pour_100k": 0.0, "habitants_par_mm": 686.0, "couverture_mobile_pct": 100.0, "mm_1km_pct": 53.71, "togocom_5km_pct": 0.0, "n_banques": 0, "n_microfinance": 0, "n_postes": 0, "n_distributeurs": 0, "n_marches": 1, "n_ecoles": 13, "n_superieur": 0, "habitants_pres_marche": 9552, "habitants_pres_ecole": 11328, "indice_acces": 55.5, "distance_route_km": 0.1 }, "geometry": { "type": "Polygon", "coordinates": [ [ [ 0.15421045, 10.87361803 ], [ 0.15392843, 10.86329459 ], [ 0.14026929, 10.86144036 ], [ 0.12006721, 10.88558541 ], [ 0.128234, 10.9095264 ], [ 0.14056256, 10.9235613 ], [ 0.13436122, 10.93622094 ], [ 0.14072555, 10.96992761 ], [ 0.13526257, 10.97979869 ], [ 0.14625063, 10.99317839 ], [ 0.16243009, 10.98428472 ], [ 0.1740603, 10.93075762 ], [ 0.15421045, 10.87361803 ] ] ] } },
{ "type": "Feature", "properties": { "canton_id": "E07115382", "canton": "Nioukpourma", "commune": "Tône 3", "prefecture": "Tône", "region": "Savanes", "population": 20161, "densite_hab_km2": 340.8, "n_agences": 0, "n_mobile_money": 24, "n_mm_togocom": 24, "n_mm_moov": 13, "n_mm_multi": 13, "mm_pour_10k": 11.9, "agences_pour_100k": 0.0, "habitants_par_mm": 840.0, "couverture_mobile_pct": 100.0, "mm_1km_pct": 58.62, "togocom_5km_pct": 0.76, "n_banques": 0, "n_microfinance": 0, "n_postes": 0, "n_distributeurs": 0, "n_marches": 5, "n_ecoles": 16, "n_superieur": 0, "habitants_pres_marche": 18757, "habitants_pres_ecole": 17687, "indice_acces": 52.9, "distance_route_km": 0.01 }, "geometry": { "type": "Polygon", "coordinates": [ [ [ 0.13639389, 10.86280624 ], [ 0.16257552, 10.86219788 ], [ 0.16345309, 10.81746741 ], [ 0.13739924, 10.79783004 ], [ 0.11179427, 10.80023561 ], [ 0.10178355, 10.82614449 ], [ 0.1152142, 10.84104087 ], [ 0.0709388, 10.87306646 ], [ 0.11422133, 10.90345516 ], [ 0.13639389, 10.86280624 ] ] ] } },
{ "type": "Feature", "properties": { "canton_id": "E07115384", "canton": "Lotogou", "commune": "Tône 3", "prefecture": "Tône", "region": "Savanes", "population": 13896, "densite_hab_km2": 271.2, "n_agences": 0, "n_mobile_money": 18, "n_mm_togocom": 13, "n_mm_moov": 17, "n_mm_multi": 12, "mm_pour_10k": 13.0, "agences_pour_100k": 0.0, "habitants_par_mm": 772.0, "couverture_mobile_pct": 100.0, "mm_1km_pct": 45.1, "togocom_5km_pct": 0.0, "n_banques": 0, "n_microfinance": 1, "n_postes": 0, "n_distributeurs": 0, "n_marches": 2, "n_ecoles": 12, "n_superieur": 0, "habitants_pres_marche": 16334, "habitants_pres_ecole": 15661, "indice_acces": 54.0, "distance_route_km": 0.63 }, "geometry": { "type": "Polygon", "coordinates": [ [ [ 0.03904446, 10.82504977 ], [ 0.04586032, 10.82076978 ], [ 0.07602322, 10.82553825 ], [ 0.08367512, 10.81088117 ], [ 0.0675139, 10.80343431 ], [ 0.06199688, 10.76405358 ], [ 0.04915426, 10.75480035 ], [ 0.03116801, 10.75822427 ], [ 0.01942905, 10.77665698 ], [ 0.02089574, 10.78910116 ], [ 0.01396749, 10.79651907 ], [ 0.0194444, 10.80340584 ], [ -0.00769293, 10.81433212 ], [ -0.04142995, 10.800911 ], [ -0.02224038, 10.81879272 ], [ -0.02394825, 10.82439404 ], [ 0.00928228, 10.83748935 ], [ 0.03904446, 10.82504977 ] ] ] } },
{ "type": "Feature", "properties": { "canton_id": "E07114380", "canton": "Namaré", "commune": "Tône 2", "prefecture": "Tône", "region": "Savanes", "population": 11373, "densite_hab_km2": 268.8, "n_agences": 0, "n_mobile_money": 9, "n_mm_togocom": 5, "n_mm_moov": 8, "n_mm_multi": 4, "mm_pour_10k": 7.9, "agences_pour_100k": 0.0, "habitants_par_mm": 1264.0, "couverture_mobile_pct": 100.0, "mm_1km_pct": 42.71, "togocom_5km_pct": 0.0, "n_banques": 0, "n_microfinance": 0, "n_postes": 0, "n_distributeurs": 0, "n_marches": 0, "n_ecoles": 6, "n_superieur": 0, "habitants_pres_marche": 9795, "habitants_pres_ecole": 11392, "indice_acces": 47.1, "distance_route_km": 0.23 }, "geometry": { "type": "Polygon", "coordinates": [ [ [ 0.08606115, 11.00860623 ], [ 0.10251723, 10.99873034 ], [ 0.12006922, 11.00064368 ], [ 0.13526257, 10.97979869 ], [ 0.04970119, 10.96296362 ], [ 0.02279452, 10.96067421 ], [ 0.01072625, 10.96644885 ], [ 0.03435709, 10.97709575 ], [ 0.03020419, 11.00065971 ], [ 0.08606115, 11.00860623 ] ] ] } },
{ "type": "Feature", "properties": { "canton_id": "E07116387", "canton": "Kantindi", "commune": "Tône 4", "prefecture": "Tône", "region": "Savanes", "population": 10814, "densite_hab_km2": 338.8, "n_agences": 0, "n_mobile_money": 29, "n_mm_togocom": 14, "n_mm_moov": 18, "n_mm_multi": 11, "mm_pour_10k": 26.8, "agences_pour_100k": 0.0, "habitants_par_mm": 373.0, "couverture_mobile_pct": 100.0, "mm_1km_pct": 40.16, "togocom_5km_pct": 0.0, "n_banques": 0, "n_microfinance": 0, "n_postes": 0, "n_distributeurs": 0, "n_marches": 1, "n_ecoles": 9, "n_superieur": 0, "habitants_pres_marche": 10797, "habitants_pres_ecole": 10568, "indice_acces": 63.1, "distance_route_km": 0.23 }, "geometry": { "type": "Polygon", "coordinates": [ [ [ 0.24452247, 10.97652118 ], [ 0.28772279, 10.9499169 ], [ 0.29019499, 10.91773816 ], [ 0.29865304, 10.91564047 ], [ 0.29794714, 10.89995721 ], [ 0.28603549, 10.89059123 ], [ 0.29433456, 10.88062523 ], [ 0.29140397, 10.86840983 ], [ 0.27078019, 10.87211875 ], [ 0.2724141, 10.90541985 ], [ 0.25418461, 10.92285729 ], [ 0.26426945, 10.92824994 ], [ 0.26390092, 10.93999258 ], [ 0.27198451, 10.94834972 ], [ 0.23911122, 10.94896409 ], [ 0.24452247, 10.97652118 ] ] ] } },
{ "type": "Feature", "properties": { "canton_id": "E07114381", "canton": "Naki-Ouest", "commune": "Tône 2", "prefecture": "Tône", "region": "Savanes", "population": 27790, "densite_hab_km2": 216.5, "n_agences": 0, "n_mobile_money": 45, "n_mm_togocom": 34, "n_mm_moov": 37, "n_mm_multi": 28, "mm_pour_10k": 16.2, "agences_pour_100k": 0.0, "habitants_par_mm": 618.0, "couverture_mobile_pct": 99.97, "mm_1km_pct": 50.79, "togocom_5km_pct": 0.0, "n_banques": 0, "n_microfinance": 0, "n_postes": 0, "n_distributeurs": 0, "n_marches": 3, "n_ecoles": 30, "n_superieur": 0, "habitants_pres_marche": 22929, "habitants_pres_ecole": 27170, "indice_acces": 46.0, "distance_route_km": 0.34 }, "geometry": { "type": "Polygon", "coordinates": [ [ [ 0.1402882, 10.96271344 ], [ 0.13436122, 10.93622094 ], [ 0.14056256, 10.9235613 ], [ 0.12301501, 10.89512626 ], [ 0.11422133, 10.90345516 ], [ 0.0709388, 10.87306646 ], [ 0.02206517, 10.88140778 ], [ 0.02008181, 10.88729621 ], [ 0.0449523, 10.902757 ], [ 0.04768947, 10.9128467 ], [ 0.02532794, 10.90987652 ], [ 0.01565912, 10.91934477 ], [ -0.00918294, 10.91590359 ], [ -0.01193497, 10.94405124 ], [ 0.00252598, 10.96649652 ], [ 0.02279452, 10.96067421 ], [ 0.04970119, 10.96296362 ], [ 0.13526257, 10.97979869 ], [ 0.1402882, 10.96271344 ] ] ] } },
{ "type": "Feature", "properties": { "canton_id": "E07115383", "canton": "Tami", "commune": "Tône 3", "prefecture": "Tône", "region": "Savanes", "population": 25499, "densite_hab_km2": 244.3, "n_agences": 0, "n_mobile_money": 30, "n_mm_togocom": 23, "n_mm_moov": 26, "n_mm_multi": 20, "mm_pour_10k": 11.8, "agences_pour_100k": 0.0, "habitants_par_mm": 850.0, "couverture_mobile_pct": 81.59, "mm_1km_pct": 39.31, "togocom_5km_pct": 0.0, "n_banques": 0, "n_microfinance": 0, "n_postes": 0, "n_distributeurs": 0, "n_marches": 2, "n_ecoles": 21, "n_superieur": 0, "habitants_pres_marche": 26320, "habitants_pres_ecole": 26512, "indice_acces": 38.5, "distance_route_km": 1.18 }, "geometry": { "type": "Polygon", "coordinates": [ [ [ 0.0709388, 10.87306646 ], [ 0.1152142, 10.84104087 ], [ 0.10178355, 10.82614449 ], [ 0.11179427, 10.80023561 ], [ 0.08367512, 10.81088117 ], [ 0.07602322, 10.82553825 ], [ 0.04586032, 10.82076978 ], [ 0.00928228, 10.83748935 ], [ -0.02394005, 10.82449412 ], [ -0.02983208, 10.85385497 ], [ -0.02567332, 10.88059659 ], [ -0.00787208, 10.91501766 ], [ 0.01565912, 10.91934477 ], [ 0.02532794, 10.90987652 ], [ 0.04768947, 10.9128467 ], [ 0.0449523, 10.902757 ], [ 0.02008181, 10.88729621 ], [ 0.02206517, 10.88140778 ], [ 0.0709388, 10.87306646 ] ] ] } },
{ "type": "Feature", "properties": { "canton_id": "E07115385", "canton": "Warkambou", "commune": "Tône 3", "prefecture": "Tône", "region": "Savanes", "population": 6470, "densite_hab_km2": 238.7, "n_agences": 0, "n_mobile_money": 11, "n_mm_togocom": 8, "n_mm_moov": 10, "n_mm_multi": 7, "mm_pour_10k": 17.0, "agences_pour_100k": 0.0, "habitants_par_mm": 588.0, "couverture_mobile_pct": 93.0, "mm_1km_pct": 50.8, "togocom_5km_pct": 0.0, "n_banques": 0, "n_microfinance": 0, "n_postes": 0, "n_distributeurs": 0, "n_marches": 0, "n_ecoles": 6, "n_superieur": 0, "habitants_pres_marche": 3345, "habitants_pres_ecole": 7056, "indice_acces": 44.6, "distance_route_km": 0.53 }, "geometry": { "type": "Polygon", "coordinates": [ [ [ 0.01967089, 10.78493394 ], [ 0.01942905, 10.77665698 ], [ -0.02661702, 10.78266003 ], [ -0.05734824, 10.76636299 ], [ -0.07068678, 10.76324464 ], [ -0.07330898, 10.76925439 ], [ -0.04280705, 10.80004182 ], [ -0.00769293, 10.81433212 ], [ 0.0194444, 10.80340584 ], [ 0.01396749, 10.79651907 ], [ 0.01967089, 10.78493394 ] ] ] } },
{ "type": "Feature", "properties": { "canton_id": "E07116386", "canton": "Louanga", "commune": "Tône 4", "prefecture": "Tône", "region": "Savanes", "population": 13182, "densite_hab_km2": 182.9, "n_agences": 0, "n_mobile_money": 9, "n_mm_togocom": 9, "n_mm_moov": 5, "n_mm_multi": 5, "mm_pour_10k": 6.8, "agences_pour_100k": 0.0, "habitants_par_mm": 1465.0, "couverture_mobile_pct": 100.0, "mm_1km_pct": 49.71, "togocom_5km_pct": 0.0, "n_banques": 0, "n_microfinance": 0, "n_postes": 0, "n_distributeurs": 0, "n_marches": 1, "n_ecoles": 13, "n_superieur": 0, "habitants_pres_marche": 10569, "habitants_pres_ecole": 9685, "indice_acces": 45.5, "distance_route_km": 0.79 }, "geometry": { "type": "Polygon", "coordinates": [ [ [ 0.3295762, 10.82469666 ], [ 0.31757175, 10.83596429 ], [ 0.29946018, 10.83535379 ], [ 0.27537894, 10.82207163 ], [ 0.29433456, 10.88062523 ], [ 0.31272556, 10.89118894 ], [ 0.30883987, 10.90603433 ], [ 0.32495385, 10.91047209 ], [ 0.34185896, 10.908358 ], [ 0.34026245, 10.88202175 ], [ 0.3568407, 10.8908488 ], [ 0.3688815, 10.88820591 ], [ 0.36716199, 10.87378419 ], [ 0.40390171, 10.83134982 ], [ 0.39207627, 10.82157621 ], [ 0.36070053, 10.83511749 ], [ 0.34129721, 10.83521848 ], [ 0.3295762, 10.82469666 ] ] ] } },
{ "type": "Feature", "properties": { "canton_id": "E07116388", "canton": "Sanfatoute", "commune": "Tône 4", "prefecture": "Tône", "region": "Savanes", "population": 7705, "densite_hab_km2": 175.2, "n_agences": 0, "n_mobile_money": 16, "n_mm_togocom": 12, "n_mm_moov": 10, "n_mm_multi": 9, "mm_pour_10k": 20.8, "agences_pour_100k": 0.0, "habitants_par_mm": 482.0, "couverture_mobile_pct": 100.0, "mm_1km_pct": 45.42, "togocom_5km_pct": 0.0, "n_banques": 0, "n_microfinance": 0, "n_postes": 0, "n_distributeurs": 0, "n_marches": 2, "n_ecoles": 7, "n_superieur": 0, "habitants_pres_marche": 10298, "habitants_pres_ecole": 10179, "indice_acces": 59.8, "distance_route_km": 0.87 }, "geometry": { "type": "Polygon", "coordinates": [ [ [ 0.30047234, 11.05114354 ], [ 0.34575547, 11.04162584 ], [ 0.34174624, 11.01208885 ], [ 0.33028663, 11.00073352 ], [ 0.29283204, 10.98763576 ], [ 0.27869483, 10.99053308 ], [ 0.27366927, 11.00090241 ], [ 0.2851693, 11.00755646 ], [ 0.25867393, 11.02179119 ], [ 0.2565865, 11.02825694 ], [ 0.30047234, 11.05114354 ] ] ] } },
{ "type": "Feature", "properties": { "canton_id": "E07116389", "canton": "Korbongou", "commune": "Tône 4", "prefecture": "Tône", "region": "Savanes", "population": 49788, "densite_hab_km2": 287.9, "n_agences": 0, "n_mobile_money": 120, "n_mm_togocom": 68, "n_mm_moov": 81, "n_mm_multi": 60, "mm_pour_10k": 24.1, "agences_pour_100k": 0.0, "habitants_par_mm": 415.0, "couverture_mobile_pct": 100.0, "mm_1km_pct": 57.68, "togocom_5km_pct": 0.0, "n_banques": 0, "n_microfinance": 0, "n_postes": 0, "n_distributeurs": 0, "n_marches": 14, "n_ecoles": 41, "n_superieur": 0, "habitants_pres_marche": 51740, "habitants_pres_ecole": 48985, "indice_acces": 61.5, "distance_route_km": 1.26 }, "geometry": { "type": "Polygon", "coordinates": [ [ [ 0.42419084, 11.02512179 ], [ 0.41196346, 10.98955744 ], [ 0.41448545, 10.96847527 ], [ 0.40384841, 10.95144152 ], [ 0.40078497, 10.91428907 ], [ 0.3688815, 10.88820591 ], [ 0.3568407, 10.8908488 ], [ 0.34026245, 10.88202175 ], [ 0.34185896, 10.908358 ], [ 0.32495385, 10.91047209 ], [ 0.30883987, 10.90603433 ], [ 0.31272556, 10.89118894 ], [ 0.29433456, 10.88062523 ], [ 0.28624253, 10.88418607 ], [ 0.29794714, 10.89995721 ], [ 0.29865304, 10.91564047 ], [ 0.29019499, 10.91773816 ], [ 0.28508717, 10.93654559 ], [ 0.29920901, 10.99001856 ], [ 0.33028663, 11.00073352 ], [ 0.34174624, 11.01208885 ], [ 0.34575547, 11.04162584 ], [ 0.42419084, 11.02512179 ] ] ] } }
]
}
